name,source,smiles,MW,LogP,HBD,HBA,TPSA,RotB,QED,heavy,Lipinski_viol
phosphotyrosine (crystal ligand),control,N[C@@H](Cc1ccc(OP(=O)(O)O)cc1)C(=O)O,261.16999999999996,0.1125000000000001,4,4,130.07999999999998,5,0.5532020239619273,17,0
palbociclib,control,CC(=O)c1c(C)c2cnc(Nc3ccc(N4CCNCC4)cn3)nc2n(C2CCCC2)c1=O,447.54300000000035,2.965820000000001,2,8,105.03999999999999,5,0.5754108874418277,33,0
PRAZOSIN,CHEMBL2,COc1cc2nc(N3CCN(C(=O)c4ccco4)CC3)nc(N)c2cc1OC,383.40800000000024,1.7845999999999997,1,8,106.95,4,0.7265621787893097,28,0
NICOTINE,CHEMBL3,CN1CCC[C@H]1c1cccnc1,162.236,1.8483,0,2,16.130000000000003,1,0.6261518225795569,12,0
OFLOXACIN,CHEMBL4,CC1COc2c(N3CCN(C)CC3)c(F)cc3c(=O)c(C(=O)O)cn1c23,361.37300000000005,1.5439999999999998,1,5,75.00999999999999,2,0.8747398264671755,26,0
NALIDIXIC ACID,CHEMBL5,CCn1cc(C(=O)O)c(=O)c2ccc(C)nc21,232.23899999999998,1.4230200000000002,1,3,72.19,2,0.849523695002097,17,0
INDOMETHACIN,CHEMBL6,COc1ccc2c(c1)c(CC(=O)O)c(C)n2C(=O)c1ccc(Cl)cc1,357.793,3.9273200000000026,1,3,68.53,4,0.7678065120522066,25,0
SULBACTAM,CHEMBL403,CC1(C)[C@H](C(=O)O)N2C(=O)C[C@H]2S1(=O)=O,233.24499999999998,-0.794999999999999,1,4,91.75,1,0.5988163606060163,15,0
TAZOBACTAM,CHEMBL404,C[C@]1(Cn2ccnn2)[C@H](C(=O)O)N2C(=O)C[C@H]2S1(=O)=O,300.296,-1.523199999999998,1,6,122.45999999999998,3,0.6721670015102429,20,0
CIPROFLOXACIN,CHEMBL8,O=C(O)c1cn(C2CC2)c2cc(N3CCNCC3)c(F)cc2c1=O,331.34700000000004,1.5833,2,4,74.57,3,0.8932298763507216,24,0
NORFLOXACIN,CHEMBL9,CCn1cc(C(=O)O)c(=O)c2cc(F)c(N3CCNCC3)cc21,319.336,1.2683,2,4,74.57000000000001,3,0.8910262977655083,23,0
AMPHETAMINE,CHEMBL405,CC(N)Cc1ccccc1,135.20999999999998,1.5763,1,1,26.02,2,0.6542162175383444,10,0
ISOSORBIDE DINITRATE,CHEMBL6622,O=[N+]([O-])O[C@H]1CO[C@H]2[C@@H]1OC[C@H]2O[N+](=O)[O-],236.13599999999997,-1.0622000000000003,0,8,123.20000000000002,4,0.44641049179076997,16,0
IMIPRAMINE,CHEMBL11,CN(C)CCCN1c2ccccc2CCc2ccccc21,280.415,3.8750000000000027,0,2,6.48,4,0.8384623265941307,21,0
INDAPAMIDE,CHEMBL406,CC1Cc2ccccc2N1NC(=O)c1ccc(Cl)c(S(N)(=O)=O)c1,365.84200000000004,2.0834,2,4,92.5,3,0.8705249450646536,24,0
FLUMAZENIL,CHEMBL407,CCOC(=O)c1ncn2c1CN(C)C(=O)c1cc(F)ccc1-2,303.293,1.7736999999999998,0,4,64.43,2,0.793247744649229,22,0
BICALUTAMIDE,CHEMBL409,CC(O)(CS(=O)(=O)c1ccc(F)cc1)C(=O)Nc1ccc(C#N)c(C(F)(F)F)c1,430.3790000000001,2.8795800000000007,2,5,107.25999999999999,5,0.5604120760868545,29,0
DIAZEPAM,CHEMBL12,CN1C(=O)CN=C(c2ccccc2)c2cc(Cl)ccc21,284.74600000000004,3.153800000000002,0,2,32.67,1,0.79164533623487,20,0
METOPROLOL,CHEMBL13,COCCc1ccc(OCC(O)CNC(C)C)cc1,267.36899999999997,1.6132,2,4,50.72,9,0.7135696186852986,19,0
DIETHYLSTILBESTROL,CHEMBL411,CC/C(=C(/CC)c1ccc(O)cc1)c1ccc(O)cc1,268.356,4.828600000000005,2,2,40.46,4,0.7796984854737203,20,0
MECAMYLAMINE,CHEMBL267936,CNC1(C)C2CCC(C2)C1(C)C,167.296,2.4206000000000003,1,1,12.03,1,0.632181599279575,12,0
CARBACHOL,CHEMBL14,C[N+](C)(C)CCOC(N)=O,147.19799999999998,-0.2121000000000003,1,2,52.32,3,0.5613640399929508,10,0
PHENYTOIN,CHEMBL16,O=C1NC(=O)C(c2ccccc2)(c2ccccc2)N1,252.27300000000002,1.7696,2,2,58.2,2,0.8001945345367882,19,0
CLOMIPRAMINE,CHEMBL415,CN(C)CCCN1c2ccccc2CCc2ccc(Cl)cc21,314.86,4.528400000000004,0,2,6.48,4,0.8178744322781549,22,0
METHOXSALEN,CHEMBL416,COc1c2occc2cc2ccc(=O)oc12,216.19199999999995,2.5478000000000005,0,4,52.58,1,0.5863590335117103,16,0
DICHLORPHENAMIDE,CHEMBL17,NS(=O)(=O)c1cc(Cl)c(Cl)c(S(N)(=O)=O)c1,305.16400000000004,0.2882000000000006,2,4,120.32,2,0.8152117113429302,16,0
ETHOXZOLAMIDE,CHEMBL18,CCOc1ccc2nc(S(N)(=O)=O)sc2c1,258.32399999999996,1.3424,1,5,82.28,3,0.9002834195387214,16,0
EPIRUBICIN,CHEMBL417,COc1cccc2c1C(=O)c1c(O)c3c(c(O)c1C2=O)C[C@@](O)(C(=O)CO)C[C@@H]3O[C@H]1C[C@H](N)[C@@H](O)[C@H](C)O1,543.5250000000003,0.0012999999999993017,6,12,206.07,5,0.23526258168565614,39,3
METHAZOLAMIDE,CHEMBL19,CC(=O)/N=c1/sc(S(N)(=O)=O)nn1C,236.278,-1.4237999999999997,1,5,107.41,1,0.6449098524835121,14,0
ACETAZOLAMIDE,CHEMBL20,CC(=O)Nc1nnc(S(N)(=O)=O)s1,222.251,-0.8561000000000003,2,6,115.03999999999999,2,0.6318586926732331,13,0
MAFENIDE,CHEMBL419,NCc1ccc(S(N)(=O)=O)cc1,186.236,-0.20729999999999998,2,3,86.18,2,0.6698196794692757,12,0
SULFANILAMIDE,CHEMBL21,Nc1ccc(S(N)(=O)=O)cc1,172.20900000000003,-0.08380000000000004,2,3,86.18,1,0.5805509816764027,11,0
GUANABENZ,CHEMBL420,N=C(N)N/N=C/c1c(Cl)cccc1Cl,231.086,1.8103700000000003,3,2,74.26,2,0.41216950976615796,14,0
TRIMETHOPRIM,CHEMBL22,COc1cc(Cc2cnc(N)nc2N)cc(OC)c1OC,290.32300000000004,1.2575999999999998,2,7,105.51,5,0.8533555071280714,21,0
VERAPAMIL,CHEMBL6966,COc1ccc(CCN(C)CCCC(C#N)(c2ccc(OC)c(OC)c2)C(C)C)cc1OC,454.6110000000002,5.093080000000005,0,6,63.95,13,0.41990487617646394,33,1
SULFASALAZINE,CHEMBL421,O=C(O)c1cc(/N=N/c2ccc(S(=O)(=O)Nc3ccccn3)cc2)ccc1O,398.4000000000001,3.7016000000000013,3,7,141.31,6,0.5405882217196541,28,0
DILTIAZEM,CHEMBL23,COc1ccc([C@@H]2Sc3ccccc3N(CCN(C)C)C(=O)[C@@H]2OC(C)=O)cc1,414.52700000000016,3.368500000000002,0,6,59.080000000000005,6,0.6757916364888925,29,0
ATENOLOL,CHEMBL24,CC(C)NCC(O)COc1ccc(CC(N)=O)cc1,266.34099999999995,0.45210000000000006,3,4,84.57999999999998,8,0.637673978167625,19,0
ASPIRIN,CHEMBL25,CC(=O)Oc1ccccc1C(=O)O,180.15899999999996,1.3101,1,3,63.60000000000001,2,0.5501217966938848,13,0
TRIFLUOPERAZINE,CHEMBL422,CN1CCN(CCCN2c3ccccc3Sc3ccc(C(F)(F)F)cc32)CC1,407.50500000000017,4.945600000000005,0,4,9.72,4,0.7094782580960448,28,0
SULPIRIDE,CHEMBL26,CCN1CCCC1CNC(=O)c1cc(S(N)(=O)=O)ccc1OC,341.4330000000001,0.5567000000000012,2,5,101.73,6,0.7869434425499668,23,0
BETAXOLOL,CHEMBL423,CC(C)NCC(O)COc1ccc(CCOCC2CC2)cc1,307.434,2.3933999999999997,2,4,50.72,11,0.6164391834948149,22,0
SALICYLIC ACID,CHEMBL424,O=C(O)c1ccccc1O,138.12199999999999,1.0903999999999998,2,2,57.53,1,0.6102585058580265,10,0
OLSALAZINE,CHEMBL425,O=C(O)c1cc(/N=N/c2ccc(O)c(C(=O)O)c2)ccc1O,302.242,2.9096000000000006,4,6,139.78,4,0.6399634717122534,22,0
PROPRANOLOL,CHEMBL27,CC(C)NCC(O)COc1cccc2ccccc12,259.34900000000005,2.5775000000000006,2,3,41.489999999999995,6,0.8375057924076362,19,0
PENICILLIN G,CHEMBL29,CC1(C)S[C@@H]2[C@H](NC(=O)Cc3ccccc3)C(=O)N2[C@H]1C(=O)O,334.39700000000005,0.8607999999999998,2,4,86.71000000000001,4,0.7977632704521287,23,0
CIMETIDINE,CHEMBL30,CN/C(=N\CCSCc1nc[nH]c1C)NC#N,252.347,0.5974,3,4,88.88999999999999,5,0.2346588097545297,17,0
LABETALOL,CHEMBL429,CC(CCc1ccccc1)NCC(O)c1ccc(O)c(C(N)=O)c1,328.4120000000001,2.1353999999999997,4,4,95.57999999999998,8,0.5968389616111595,24,0
MOXIFLOXACIN,CHEMBL32,COc1c(N2C[C@@H]3CCCN[C@@H]3C2)c(F)cc2c(=O)c(C(=O)O)cn(C3CC3)c12,401.4380000000002,2.3705000000000007,2,5,83.80000000000001,4,0.8185182971562767,29,0
LEVOFLOXACIN ANHYDROUS,CHEMBL33,C[C@H]1COc2c(N3CCN(C)CC3)c(F)cc3c(=O)c(C(=O)O)cn1c23,361.37300000000005,1.5439999999999998,1,5,75.00999999999999,2,0.8747398264671755,26,0
GEMIFLOXACIN,CHEMBL430,CO/N=C1\CN(c2nc3c(cc2F)c(=O)c(C(=O)O)cn3C2CC2)CC1CN,389.38700000000017,0.966,2,7,123.04,5,0.7304236261034949,28,0
SPIRAPRIL,CHEMBL431,CCOC(=O)[C@H](CCc1ccccc1)N[C@@H](C)C(=O)N1CC2(C[C@H]1C(=O)O)SCCS2,466.62500000000034,2.3908000000000005,2,7,95.94000000000001,9,0.5358568540176747,31,0
VALPROATE SODIUM,CHEMBL433,CCCC(CCC)C(=O)O,144.214,2.2874,1,1,37.3,5,0.6423719745530849,10,0
ISOPROTERENOL,CHEMBL434,CC(C)NCC(O)c1ccc(O)c(O)c1,211.261,1.1291999999999998,4,4,72.72,4,0.5632719285067509,15,0
HYDROCHLOROTHIAZIDE,CHEMBL435,NS(=O)(=O)c1cc2c(cc1Cl)NCNS2(=O)=O,297.74500000000006,-0.35129999999999967,3,5,118.35999999999999,1,0.6544582690300507,17,0
FUROSEMIDE,CHEMBL35,NS(=O)(=O)c1cc(C(=O)O)c(NCc2ccco2)cc1Cl,330.749,1.8907,3,5,122.63000000000001,5,0.768936392874182,21,0
PYRIMETHAMINE,CHEMBL36,CCc1nc(N)nc(N)c1-c1ccc(Cl)cc1,248.71700000000004,2.5238000000000005,2,4,77.82,2,0.8561371493463951,17,0
SULFADIAZINE,CHEMBL439,Nc1ccc(S(=O)(=O)Nc2ncccn2)cc1,250.28300000000004,0.8596000000000001,2,5,97.97,3,0.7871395577774678,17,0
THIAMYLAL,CHEMBL440,C=CCC1(C(C)CCC)C(=O)NC(=S)NC1=O,254.355,1.5159999999999998,2,3,58.2,5,0.4440914917068062,17,0
THIOPENTAL,CHEMBL441,CCCC(C)C1(CC)C(=O)NC(=S)NC1=O,242.34400000000002,1.3498999999999999,2,3,58.2,4,0.5777126778981032,16,0
TRETINOIN,CHEMBL38,CC1=C(/C=C/C(C)=C/C=C/C(C)=C/C(=O)O)C(C)(C)CCC1,300.44200000000006,5.602600000000005,1,1,37.3,5,0.5295731957656133,22,1
METHOHEXITAL,CHEMBL7413,C=CCC1(C(C)C#CCC)C(=O)NC(=O)N(C)C1=O,262.30899999999997,1.3066,1,3,66.48,3,0.47348972477403223,19,0
FLUOXETINE,CHEMBL41,CNCCC(Oc1ccc(C(F)(F)F)cc1)c1ccccc1,309.33099999999996,4.435000000000003,1,2,21.259999999999998,6,0.8517964099245682,22,0
SULFAMETHOXAZOLE,CHEMBL443,Cc1cc(NS(=O)(=O)c2ccc(N)cc2)no1,253.28300000000002,1.3660199999999998,2,5,98.22,3,0.804736706639606,17,0
BARBITAL,CHEMBL444,CCC1(CC)C(=O)NC(=O)NC1=O,184.195,0.15879999999999994,2,3,75.27000000000001,2,0.6000294014636102,13,0
CLOZAPINE,CHEMBL42,CN1CCN(C2=Nc3cc(Cl)ccc3Nc3ccccc32)CC1,326.83100000000013,3.7227000000000023,1,4,30.869999999999997,0,0.8001222420891723,23,0
NORTRIPTYLINE,CHEMBL445,CNCCC=C1c2ccccc2CCc2ccccc21,263.38399999999996,3.826400000000003,1,1,12.03,3,0.8299677542138636,20,0
BUTABARBITAL,CHEMBL449,CCC(C)C1(CC)C(=O)NC(=O)NC1=O,212.249,0.7948999999999999,2,3,75.27000000000001,3,0.6791427219817272,15,0
METHARBITAL,CHEMBL450,CCC1(CC)C(=O)NC(=O)N(C)C1=O,198.22199999999998,0.5009999999999999,1,3,66.48,2,0.6569080951365892,14,0
CHLORDIAZEPOXIDE,CHEMBL451,CNC1=Nc2ccc(Cl)cc2C(c2ccccc2)=[N+]([O-])C1,299.761,2.950700000000001,1,3,50.459999999999994,1,0.6499855803367838,21,0
MELAGATRAN,CHEMBL266349,N=C(N)c1ccc(CNC(=O)[C@@H]2CCN2C(=O)[C@H](NCC(=O)O)C2CCCCC2)cc1,429.52100000000024,0.8108700000000015,5,5,148.60999999999999,9,0.2897076869180157,31,0
CLONAZEPAM,CHEMBL452,O=C1CN=C(c2ccccc2Cl)c2cc([N+](=O)[O-])ccc2N1,315.716,3.037700000000001,1,4,84.6,2,0.682474275950086,22,0
SULFISOXAZOLE,CHEMBL453,Cc1noc(NS(=O)(=O)c2ccc(N)cc2)c1C,267.31,1.67444,2,5,98.22,3,0.8241959038664723,18,0
BUTALBITAL,CHEMBL454,C=CCC1(CC(C)C)C(=O)NC(=O)NC1=O,224.26,0.9609999999999999,2,3,75.27000000000001,4,0.5513835393856523,16,0
SULFACETAMIDE,CHEMBL455,CC(=O)NS(=O)(=O)c1ccc(N)cc1,214.246,0.0935999999999998,2,4,89.26,2,0.6828174314400922,14,0
AMSACRINE,CHEMBL43,COc1cc(NS(C)(=O)=O)ccc1Nc1c2ccccc2nc2ccccc12,393.46800000000013,4.511700000000003,2,5,80.32,5,0.48770792549107883,28,0
ETHACRYNIC ACID,CHEMBL456,C=C(CC)C(=O)c1ccc(OCC(=O)O)c(Cl)c1Cl,303.14099999999996,3.6057000000000023,1,3,63.60000000000001,6,0.6438970754146427,19,0
GEMFIBROZIL,CHEMBL457,Cc1ccc(C)c(OCCCC(C)(C)C(=O)O)c1,250.33799999999997,3.573240000000002,1,2,46.53,6,0.7849558299886599,18,0
MELATONIN,CHEMBL45,COc1ccc2[nH]cc(CCNC(C)=O)c2c1,232.28299999999996,1.8550999999999997,2,2,54.12,4,0.8449349532973586,17,0
ONDANSETRON,CHEMBL46,Cc1nccn1CC1CCc2c(c3ccccc3n2C)C1=O,293.37000000000006,3.1285200000000017,0,2,39.82,2,0.7280085381147323,22,0
BUSPIRONE,CHEMBL49,O=C1CC2(CCCC2)CC(=O)N1CCCCN1CCN(c2ncccn2)CC1,385.5120000000001,2.0881999999999996,0,6,69.64000000000001,6,0.551662995519089,28,0
KETANSERIN,CHEMBL51,O=C(c1ccc(F)cc1)C1CCN(CCn2c(=O)[nH]c3ccccc3c2=O)CC1,395.43400000000014,2.423800000000001,1,4,75.17,5,0.6735760490733903,29,0
METHYLDOPA,CHEMBL459,C[C@](N)(Cc1ccc(O)c(O)c1)C(=O)O,211.21699999999998,0.4423000000000001,4,4,103.78000000000002,3,0.5430485662212737,15,0
MOLINDONE,CHEMBL460,CCc1c(C)[nH]c2c1C(=O)C(CN1CCOCC1)CC2,276.38,1.96282,1,3,45.33,3,0.917711580112694,20,0
APOMORPHINE,CHEMBL53,CN1CCc2cccc3c2[C@H]1Cc1ccc(O)c(O)c1-3,267.328,2.8499000000000025,2,3,43.7,0,0.7213394581196795,20,0
HALOPERIDOL,CHEMBL54,O=C(CCCN1CCC(O)(c2ccc(Cl)cc2)CC1)c1ccc(F)cc1,375.87100000000015,4.425600000000004,1,3,40.540000000000006,6,0.759345285057915,26,0
PENTAMIDINE,CHEMBL55,N=C(N)c1ccc(OCCCCCOc2ccc(C(=N)N)cc2)cc1,340.42699999999996,2.8828400000000007,4,4,118.2,10,0.30195782187837944,25,0
AMINOHIPPURIC ACID,CHEMBL463,Nc1ccc(C(=O)NCC(=O)O)cc1,194.19000000000003,0.08319999999999966,3,3,92.42,3,0.5940584768895217,14,0
NEVIRAPINE,CHEMBL57,Cc1ccnc2c1NC(=O)c1cccnc1N2C1CC1,266.30400000000003,2.6512200000000004,1,4,58.120000000000005,1,0.8617161250864191,20,0
DRONABINOL,CHEMBL465,CCCCCc1cc(O)c2c(c1)OC(C)(C)[C@@H]1CCC(C)=C[C@@H]21,314.46900000000005,5.735800000000006,1,2,29.46,4,0.5673159936374234,23,1
MITOXANTRONE,CHEMBL58,O=C1c2c(O)ccc(O)c2C(=O)c2c(NCCNCCO)ccc(NCCNCCO)c21,444.4880000000002,-0.13919999999999944,8,10,163.17999999999998,12,0.13931677804751477,32,1
DOPAMINE,CHEMBL59,NCCc1ccc(O)c(O)c1,153.18099999999998,0.5989999999999998,3,3,66.48,2,0.544872838506118,11,0
PODOFILOX,CHEMBL61,COc1cc([C@@H]2c3cc4c(cc3[C@H](O)[C@H]3COC(=O)[C@H]23)OCO4)cc(OC)c1OC,414.41000000000025,2.4092000000000002,1,8,92.68,4,0.7629173210900769,30,0
ISONIAZID,CHEMBL64,NNC(=O)c1ccncc1,137.142,-0.3149000000000006,2,3,68.00999999999999,1,0.3165786787720106,10,0
SOTALOL,CHEMBL471,CC(C)NCC(O)c1ccc(NS(C)(=O)=O)cc1,272.37,1.0895000000000001,3,4,78.43,6,0.7241218527557277,18,0
GLYBURIDE,CHEMBL472,COc1ccc(Cl)cc1C(=O)NCCc1ccc(S(=O)(=O)NC(=O)NC2CCCCC2)cc1,494.0130000000003,3.641700000000003,3,5,113.6,8,0.51917970894521,33,0
DOFETILIDE,CHEMBL473,CN(CCOc1ccc(NS(C)(=O)=O)cc1)CCc1ccc(NS(C)(=O)=O)cc1,441.57500000000016,1.9828999999999997,2,6,104.81,11,0.5525349937837031,29,0
DACARBAZINE,CHEMBL476,CN(C)/N=N/c1[nH]cnc1C(N)=O,182.18699999999998,0.0688999999999999,2,4,99.72999999999999,3,0.5105305434356862,13,0
ADENOSINE,CHEMBL477,Nc1ncnc2c1ncn2[C@@H]1O[C@H](CO)[C@@H](O)[C@H]1O,267.245,-1.9800000000000006,4,8,139.54000000000002,2,0.49051986767922323,19,0
LANSOPRAZOLE,CHEMBL480,Cc1c(OCC(F)(F)F)ccnc1C[S+]([O-])c1nc2ccccc2[nH]1,369.3680000000001,3.515220000000001,1,4,73.86,5,0.6986390031308142,25,0
IRINOTECAN,CHEMBL481,CCc1c2c(nc3ccc(OC(=O)N4CCC(N5CCCCC5)CC4)cc13)-c1cc3c(c(=O)n1C2)COC(=O)[C@]3(O)CC,586.6890000000004,4.0911000000000035,1,8,114.2,4,0.35595556922918214,43,1
MORPHINE,CHEMBL70,CN1CC[C@]23c4c5ccc(O)c4O[C@H]2[C@@H](O)C=C[C@H]3[C@H]1C5,285.343,1.1981,2,4,52.93000000000001,0,0.7033474919154648,21,0
CHLORPROMAZINE,CHEMBL71,CN(C)CCCN1c2ccccc2Sc2ccc(Cl)cc21,318.8730000000001,4.894400000000004,0,3,6.48,4,0.7918053413291345,21,0
DESIPRAMINE,CHEMBL72,CNCCCN1c2ccccc2CCc2ccccc21,266.388,3.5328000000000026,1,2,15.27,4,0.8516371541172786,20,0
AMINOGLUTETHIMIDE,CHEMBL488,CCC1(c2ccc(N)cc2)CCC(=O)NC1=O,232.28299999999996,1.3532,2,3,72.19,2,0.5969362176118971,17,0
CROMOLYN SODIUM,CHEMBL74,O=C(O)c1cc(=O)c2c(OCC(O)COc3cccc4oc(C(=O)O)cc(=O)c34)cccc2o1,468.37000000000023,2.1145,3,9,173.70999999999998,8,0.3454134595698074,34,0
CHLOROQUINE,CHEMBL76,CCN(CC)CCCC(C)Nc1ccnc2cc(Cl)ccc12,319.88000000000005,4.810600000000004,1,3,28.16,8,0.7564117572128701,22,0
PAROXETINE,CHEMBL490,Fc1ccc([C@@H]2CCNC[C@H]2COc2ccc3c(c2)OCO3)cc1,329.3710000000001,3.326500000000002,1,4,39.72,4,0.9339413767145557,24,0
ETORICOXIB,CHEMBL416146,Cc1ccc(-c2ncc(Cl)cc2-c2ccc(S(C)(=O)=O)cc2)cn1,358.8500000000001,4.175920000000004,0,4,59.92,3,0.7044044148957774,24,0
LIDOCAINE,CHEMBL79,CCN(CC)CC(=O)Nc1c(C)cccc1C,234.343,2.5837400000000006,1,2,32.34,5,0.8489671904749567,17,0
PIRENZEPINE,CHEMBL9967,CN1CCN(CC(=O)N2c3ccccc3C(=O)Nc3cccnc32)CC1,351.41000000000014,1.5593999999999992,1,5,68.78,2,0.8892761172918336,26,0
ETIDOCAINE,CHEMBL492,CCCN(CC)C(CC)C(=O)Nc1c(C)cccc1C,276.42400000000004,3.7524400000000018,1,2,32.34,7,0.8222609245677037,20,0
NALOXONE,CHEMBL80,C=CCN1CC[C@]23c4c5ccc(O)c4O[C@H]2C(=O)CC[C@@]3(O)[C@H]1C5,327.3800000000001,1.3014,2,5,70.0,2,0.8015195132508509,24,0
RALOXIFENE,CHEMBL81,O=C(c1ccc(OCCN2CCCCC2)cc1)c1c(-c2ccc(O)cc2)sc2cc(O)ccc12,473.5940000000001,6.075200000000007,2,6,70.0,7,0.31866432981090165,34,1
TAMOXIFEN,CHEMBL83,CC/C(=C(\c1ccccc1)c1ccc(OCCN(C)C)cc1)c1ccccc1,371.524,5.9961000000000055,0,2,12.47,8,0.4505726789966775,28,1
BROMOCRIPTINE,CHEMBL493,CC(C)C[C@H]1C(=O)N2CCC[C@H]2[C@]2(O)O[C@](NC(=O)[C@@H]3C=C4c5cccc6[nH]c(Br)c(c56)C[C@H]4N(C)C3)(C(C)C)C(=O)N12,654.6059999999999,3.192800000000001,3,6,118.21,5,0.45632722461101194,43,1
ILOPROST,CHEMBL494,CC#CCC(C)[C@H](O)/C=C/[C@@H]1[C@H]2C/C(=C/CCCC(=O)O)C[C@H]2C[C@H]1O,360.4940000000001,3.541300000000003,3,3,77.76,8,0.3514175873049406,26,0
TOPOTECAN,CHEMBL84,CC[C@@]1(O)C(=O)OCc2c1cc1n(c2=O)Cc2cc3c(CN(C)C)c(O)ccc3nc2-1,421.4530000000002,1.8468000000000002,2,7,104.89,3,0.4865420212105028,31,0
RISPERIDONE,CHEMBL85,Cc1nc2n(c(=O)c1CCN1CCC(c3noc4cc(F)ccc34)CC1)CCCC2,410.4930000000003,3.5904200000000026,0,5,64.16,4,0.6577452185749303,30,0
CROMOLYN,CHEMBL428880,O=C(O)c1cc(=O)c2c(OCC(O)COc3cccc4oc(C(=O)O)cc(=O)c34)cccc2o1,468.37000000000023,2.1145,3,9,173.70999999999998,8,0.3454134595698074,34,0
METOCLOPRAMIDE,CHEMBL86,CCN(CC)CCNC(=O)c1cc(Cl)c(N)cc1OC,299.8020000000001,2.0023999999999997,2,4,67.59,7,0.7558132464087878,20,0
ALPROSTADIL,CHEMBL495,CCCCC[C@H](O)/C=C/[C@H]1[C@H](O)CC(=O)[C@@H]1CCCCCCC(=O)O,354.48700000000014,3.475100000000002,3,4,94.83,13,0.34761269542578893,25,0
AGOMELATINE,CHEMBL10878,COc1ccc2cccc(CCNC(C)=O)c2c1,243.30599999999995,2.527,1,2,38.33,4,0.8957371308407087,18,0
CYCLOPHOSPHAMIDE ANHYDROUS,CHEMBL88,O=P1(N(CCCl)CCCl)NCCCO1,261.089,1.884,1,2,41.57000000000001,5,0.6057206690801091,14,0
CHLORPROPAMIDE,CHEMBL498,CCCNC(=O)NS(=O)(=O)c1ccc(Cl)cc1,276.745,1.7379,2,3,75.27000000000001,4,0.8794576573550539,17,0
TIMOLOL,CHEMBL499,CC(C)(C)NC[C@H](O)COc1nsnc1N1CCOCC1,316.4270000000002,0.5024999999999997,2,8,79.74,6,0.790985307512128,21,0
PINDOLOL,CHEMBL500,CC(C)NCC(O)COc1cccc2[nH]ccc12,248.32600000000002,1.9055999999999995,3,3,57.279999999999994,6,0.7315916457547719,18,0
HYDRALAZINE,CHEMBL276832,NNc1nncc2ccccc12,160.17999999999998,0.9153999999999998,2,4,63.83,1,0.480554166108739,12,0
AMPHETAMINE SULFATE,CHEMBL501,CC(N)Cc1ccccc1,135.20999999999998,1.5763,1,1,26.02,2,0.6542162175383444,10,0
MICONAZOLE,CHEMBL91,Clc1ccc(COC(Cn2ccnc2)c2ccc(Cl)cc2Cl)c(Cl)c1,416.1350000000001,6.454800000000002,0,2,27.05,6,0.4616906207935435,25,1
ZILEUTON,CHEMBL93,CC(c1cc2ccccc2s1)N(O)C(N)=O,236.29599999999996,2.7321999999999997,2,3,66.56,2,0.621567647628534,16,0
PHYSOSTIGMINE,CHEMBL94,CNC(=O)Oc1ccc2c(c1)[C@]1(C)CCN(C)[C@@H]1N2C,275.352,1.7739,1,4,44.81,1,0.8482399591613494,20,0
TACRINE,CHEMBL95,Nc1c2c(nc3ccccc13)CCCC2,198.26899999999992,2.695800000000001,1,2,38.91,0,0.7064882384087371,15,0
DONEPEZIL,CHEMBL502,COc1cc2c(cc1OC)C(=O)C(CC1CCN(Cc3ccccc3)CC1)C2,379.50000000000017,4.361100000000004,0,4,38.77,6,0.7474614915624849,28,0
LOVASTATIN,CHEMBL503,CC[C@H](C)C(=O)O[C@H]1C[C@@H](C)C=C2C=C[C@H](C)[C@H](CC[C@@H]3C[C@@H](O)CC(=O)O3)[C@H]21,404.54700000000025,4.195500000000004,1,5,72.83,6,0.671999391844661,29,0
OZAGREL,CHEMBL11662,O=C(O)/C=C/c1ccc(Cn2ccnc2)cc1,228.251,2.0292,1,2,55.12,4,0.8144535753580314,17,0
BENZYDAMINE,CHEMBL12610,CN(C)CCCOc1nn(Cc2ccccc2)c2ccccc12,309.413,3.4151000000000016,0,3,30.29,7,0.6265558693074326,23,0
CHLORPHENIRAMINE,CHEMBL505,CN(C)CCC(c1ccc(Cl)cc1)c1ccccn1,274.795,3.8186000000000027,0,2,16.130000000000003,5,0.8240069237957237,19,0
PRIMAQUINE,CHEMBL506,COc1cc(NC(C)CCCN)c2ncccc2c1,259.35299999999995,2.782700000000001,2,4,60.17,6,0.8371289360458547,19,0
MECLOFENAMIC ACID,CHEMBL509,Cc1ccc(Cl)c(Nc2ccccc2C(=O)O)c1Cl,296.153,4.743620000000003,2,2,49.33,3,0.8594044841056042,19,0
PYRILAMINE,CHEMBL511,COc1ccc(CN(CCN(C)C)c2ccccn2)cc1,285.391,2.658400000000001,0,4,28.6,7,0.7817668594270732,21,0
CARMUSTINE,CHEMBL513,O=NN(CCCl)C(=O)NCCCl,214.052,1.157,1,3,61.77,5,0.4236058600444414,12,0
LOMUSTINE,CHEMBL514,O=NN(CCCl)C(=O)NC1CCCCC1,233.69899999999996,2.2509000000000006,1,3,61.77,4,0.4599613459771248,15,0
CHLORAMBUCIL,CHEMBL515,O=C(O)CCCc1ccc(N(CCCl)CCCl)cc1,304.217,3.377900000000002,1,2,40.54,9,0.7110607782360152,19,0
CYPROHEPTADINE,CHEMBL516,CN1CCC(=C2c3ccccc3C=Cc3ccccc32)CC1,287.4060000000001,4.697900000000004,0,1,3.24,0,0.5791645622326819,22,0
INAMRINONE,CHEMBL12856,Nc1cc(-c2ccncc2)c[nH]c1=O,187.202,1.0191,2,3,71.77,1,0.6996440987416698,14,0
DISOPYRAMIDE,CHEMBL517,CC(C)N(CCC(C(N)=O)(c1ccccc1)c1ccccn1)C(C)C,339.4830000000001,3.361900000000002,1,3,59.22,8,0.8020711980677477,25,0
VORINOSTAT,CHEMBL98,O=C(CCCCCCC(=O)Nc1ccccc1)NO,264.32500000000005,2.4711,3,3,78.43,8,0.3832200999836573,19,0
IBUPROFEN,CHEMBL521,CC(C)Cc1ccc(C(C)C(=O)O)cc1,206.28499999999997,3.073200000000001,1,1,37.3,4,0.8215995486924976,15,0
NITRAZEPAM,CHEMBL13209,O=C1CN=C(c2ccccc2)c2cc([N+](=O)[O-])ccc2N1,281.27099999999996,2.3842999999999996,1,4,84.6,2,0.6771088741597445,21,0
METHOXAMINE,CHEMBL524,COc1ccc(OC)c(C(O)C(C)N)c1,211.261,1.0844,2,4,64.71,4,0.781942163264455,15,0
PROPOFOL,CHEMBL526,CC(C)c1cccc(C(C)C)c1O,178.27499999999995,3.6390000000000025,1,1,20.23,2,0.7326761559104263,13,0
PIROXICAM,CHEMBL527,CN1C(C(=O)Nc2ccccn2)=C(O)c2ccccc2S1(=O)=O,331.35300000000007,1.5809999999999997,2,5,99.6,2,0.8701839218107902,23,0
CEFTIZOXIME,CHEMBL528,CO/N=C(\C(=O)N[C@@H]1C(=O)N2C(C(=O)O)=CCS[C@H]12)c1csc(N)n1,383.41100000000006,-0.5557999999999992,3,9,147.20999999999998,5,0.34831831323821205,25,0
AMDINOCILLIN,CHEMBL530,CC1(C)S[C@@H]2[C@H](/N=C/N3CCCCCC3)C(=O)N2[C@H]1C(=O)O,325.4339999999999,1.4062000000000001,1,4,73.21000000000001,3,0.48235981573967446,22,0
IBUTILIDE,CHEMBL533,CCCCCCCN(CC)CCCC(O)c1ccc(NS(C)(=O)=O)cc1,384.58600000000007,4.164000000000003,2,4,69.64,14,0.4725190328976435,26,0
PROGESTERONE,CHEMBL103,CC(=O)[C@H]1CC[C@H]2[C@@H]3CCC4=CC(=O)CC[C@]4(C)[C@H]3CC[C@]12C,314.46900000000005,4.723500000000005,0,2,34.14,1,0.7013194281770768,23,0
KETOTIFEN,CHEMBL534,CN1CCC(=C2c3ccccc3CC(=O)c3sccc32)CC1,309.4340000000001,4.014400000000004,0,3,20.310000000000002,0,0.7325276241844828,22,0
SUNITINIB,CHEMBL535,CCN(CC)CCNC(=O)c1c(C)[nH]c(/C=C2\C(=O)Nc3ccc(F)cc32)c1C,398.48200000000014,3.3349400000000013,3,3,77.23,7,0.6263032743124629,29,0
CLOTRIMAZOLE,CHEMBL104,Clc1ccccc1C(c1ccccc1)(c1ccccc1)n1ccnc1,344.845,5.376700000000004,0,1,17.82,4,0.45454498474207145,25,1
MITOMYCIN,CHEMBL105,CO[C@@]12[C@H](COC(N)=O)C3=C(C(=O)C(C)=C(N)C3=O)N1C[C@@H]1N[C@@H]12,334.33200000000005,-1.6511999999999971,3,8,146.89000000000001,3,0.4106698403593517,24,0
OXPRENOLOL,CHEMBL546,C=CCOc1ccccc1OCC(O)CNC(C)C,265.35299999999995,1.9890999999999999,2,4,50.72,9,0.6704564525308724,19,0
FLUCONAZOLE,CHEMBL106,OC(Cn1cncn1)(Cn1cncn1)c1ccc(F)cc1F,306.276,0.7357999999999993,1,5,81.64999999999999,5,0.7515159753061997,22,0
ISOTRETINOIN,CHEMBL547,CC1=C(/C=C/C(C)=C/C=C/C(C)=C\C(=O)O)C(C)(C)CCC1,300.44200000000006,5.602600000000005,1,1,37.3,5,0.5295731957656133,22,1
ILOPERIDONE,CHEMBL14376,COc1cc(C(C)=O)ccc1OCCCN1CCC(c2noc3cc(F)ccc23)CC1,426.4880000000001,4.826600000000004,0,6,64.80000000000001,8,0.3798624175213931,31,0
DINOPROSTONE,CHEMBL548,CCCCC[C@H](O)/C=C/[C@H]1[C@H](O)CC(=O)[C@@H]1C/C=C\CCCC(=O)O,352.4710000000001,3.251100000000002,3,4,94.83,12,0.37010347110627334,25,0
NEOSTIGMINE,CHEMBL278020,CN(C)C(=O)Oc1cccc([N+](C)(C)C)c1,223.29599999999996,1.9437,0,2,29.540000000000003,2,0.7170811018086075,16,0
REBOXETINE,CHEMBL14370,CCOc1ccccc1OC(c1ccccc1)C1CNCCO1,313.39700000000005,3.1938000000000004,1,4,39.72,6,0.8888730494256725,23,0
CITALOPRAM,CHEMBL549,CN(C)CCCC1(c2ccc(F)cc2)OCc2cc(C#N)ccc21,324.39900000000006,3.812980000000003,0,3,36.26,5,0.8388667572429986,24,0
PILOCARPINE,CHEMBL550,CC[C@@H]1C(=O)OC[C@@H]1Cc1cncn1C,208.261,1.1618000000000002,0,3,44.12,3,0.7000907484342611,15,0
COLCHICINE,CHEMBL107,COc1cc2c(c(OC)c1OC)-c1ccc(OC)c(=O)cc1[C@@H](NC(C)=O)CC2,399.4430000000002,2.871600000000001,1,6,83.09,5,0.8325220081385356,29,0
ERLOTINIB,CHEMBL553,C#Cc1cccc(Nc2ncnc3cc(OCCOC)c(OCCOC)cc23)c1,393.4430000000002,3.405100000000002,1,7,74.73000000000002,10,0.4178840975839869,29,0
LAPATINIB,CHEMBL554,CS(=O)(=O)CCNCc1ccc(-c2ccc3ncnc(Nc4ccc(OCc5cccc(F)c5)c(Cl)c4)c3c2)o1,581.0690000000002,6.139100000000005,2,8,106.35000000000001,11,0.17947949298055937,40,2
TRIFLUPERIDOL,CHEMBL15023,O=C(CCCN1CCC(O)(c2cccc(C(F)(F)F)c2)CC1)c1ccc(F)cc1,409.4230000000002,4.791000000000004,1,3,40.540000000000006,6,0.5509263977096905,29,0
CARBAMAZEPINE,CHEMBL108,NC(=O)N1c2ccccc2C=Cc2ccccc21,236.274,3.3872000000000018,1,1,46.330000000000005,0,0.748363450121821,18,0
VALPROIC ACID,CHEMBL109,CCCC(CCC)C(=O)O,144.214,2.2874,1,1,37.3,5,0.6423719745530849,10,0
BENZNIDAZOLE,CHEMBL110,O=C(Cn1ccnc1[N+](=O)[O-])NCc1ccccc1,260.253,1.1077,1,4,90.06,5,0.6436381792760206,19,0
DEFEROXAMINE,CHEMBL556,CC(=O)N(O)CCCCCNC(=O)CCC(=O)N(O)CCCCCNC(=O)CCC(=O)N(O)CCCCCN,560.6930000000002,0.9221000000000046,6,9,205.84,23,0.05957996992949681,39,2
MEXILETINE,CHEMBL558,Cc1cccc(C)c1OCC(C)N,179.26299999999998,2.0294399999999997,1,2,35.25,3,0.7701737793320904,13,0
LOMEFLOXACIN,CHEMBL561,CCn1cc(C(=O)O)c(=O)c2cc(F)c(N3CCNC(C)C3)c(F)c21,351.353,1.7959,2,4,74.57000000000001,3,0.8820346880702984,25,0
GRISEOFULVIN,CHEMBL562,COC1=CC(=O)C[C@@H](C)[C@]12Oc1c(Cl)c(OC)cc(OC)c1C2=O,352.7700000000001,2.8103000000000007,0,6,71.06,3,0.8326610784751867,24,0
FLURBIPROFEN,CHEMBL563,CC(C(=O)O)c1ccc(-c2ccccc2)c(F)c1,244.265,3.6808000000000023,1,1,37.3,3,0.8937504426107861,18,0
PROMAZINE,CHEMBL564,CN(C)CCCN1c2ccccc2Sc2ccccc21,284.42800000000005,4.241000000000003,0,3,6.48,4,0.8288580486751157,20,0
ACETAMINOPHEN,CHEMBL112,CC(=O)Nc1ccc(O)cc1,151.165,1.3505999999999998,2,2,49.33,1,0.5950261967780849,11,0
CAFFEINE,CHEMBL113,Cn1c(=O)c2c(ncn2C)n(C)c1=O,194.194,-1.0293,0,3,61.82,0,0.5384628262372215,14,0
PERPHENAZINE,CHEMBL567,OCCN1CCN(CCCN2c3ccccc3Sc3ccc(Cl)cc32)CC1,403.9790000000002,3.942700000000003,1,5,29.950000000000003,6,0.7886610933771963,27,0
OXAZEPAM,CHEMBL568,O=C1Nc2ccc(Cl)cc2C(c2ccccc2)=NC1O,286.718,2.4479,2,3,61.69,1,0.8457292457729301,20,0
SULINDAC,CHEMBL15770,CC1=C(CC(=O)O)c2cc(F)ccc2/C1=C\c1ccc([S+](C)[O-])cc1,356.41800000000006,4.365500000000003,1,2,60.36,4,0.8279102305740682,25,0
PROCAINE,CHEMBL569,CCN(CC)CCOC(=O)c1ccc(N)cc1,236.315,1.7673999999999999,1,4,55.56,6,0.6038456847188672,17,0
TRIFLUPROMAZINE,CHEMBL570,CN(C)CCCN1c2ccccc2Sc2ccc(C(F)(F)F)cc21,352.42500000000007,5.259800000000004,0,3,6.48,4,0.7410247450790446,24,1
KETOPROFEN,CHEMBL571,CC(C(=O)O)c1cccc(C(=O)c2ccccc2)c1,254.285,3.1057000000000015,1,2,54.37,4,0.8528036890699656,19,0
NITROFURANTOIN,CHEMBL572,O=C1CN(/N=C/c2ccc([N+](=O)[O-])o2)C(=O)N1,238.15899999999996,0.07349999999999995,1,6,118.05000000000001,3,0.34574784602989994,17,0
METHICILLIN,CHEMBL575,COc1cccc(OC)c1C(=O)N[C@@H]1C(=O)N2[C@@H]1SC(C)(C)[C@@H]2C(=O)O,380.42200000000014,0.9490999999999996,2,6,105.17,5,0.7328552661597635,26,0
ENALAPRILAT ANHYDROUS,CHEMBL577,C[C@H](N[C@@H](CCc1ccccc1)C(=O)O)C(=O)N1CCC[C@H]1C(=O)O,348.39900000000017,1.1261000000000003,3,4,106.94000000000001,8,0.6499831585979154,25,0
ENALAPRIL,CHEMBL578,CCOC(=O)[C@H](CCc1ccccc1)N[C@@H](C)C(=O)N1CCC[C@H]1C(=O)O,376.45300000000026,1.6046,2,5,95.94000000000001,9,0.6358354158694681,27,0
LORAZEPAM,CHEMBL580,O=C1Nc2ccc(Cl)cc2C(c2ccccc2Cl)=NC1O,321.163,3.1013000000000015,2,3,61.69,1,0.847697894583369,21,0
BROMAZEPAM,CHEMBL277062,O=C1CN=C(c2ccccn2)c2cc(Br)ccc2N1,316.15799999999996,2.6336000000000004,1,3,54.35,1,0.8791762540409916,19,0
BIFONAZOLE,CHEMBL277535,c1ccc(-c2ccc(C(c3ccccc3)n3ccnc3)cc2)cc1,310.40000000000003,5.187800000000005,0,1,17.82,4,0.5071355444295608,24,1
SAQUINAVIR,CHEMBL114,CC(C)(C)NC(=O)[C@@H]1C[C@@H]2CCCC[C@@H]2CN1C[C@@H](O)[C@H](Cc1ccccc1)NC(=O)[C@H](CC(N)=O)NC(=O)c1ccc2ccccc2n1,670.855,3.092400000000003,5,7,166.75,12,0.19750207121883465,49,1
INDINAVIR ANHYDROUS,CHEMBL115,CC(C)(C)NC(=O)[C@@H]1CN(Cc2cccnc2)CCN1C[C@@H](O)C[C@@H](Cc1ccccc1)C(=O)N[C@H]1c2ccccc2C[C@H]1O,613.8030000000003,2.8669000000000016,4,7,118.03000000000002,11,0.2628234200956571,45,1
NELFINAVIR,CHEMBL584,Cc1c(O)cccc1C(=O)N[C@@H](CSc1ccccc1)[C@H](O)CN1C[C@H]2CCCC[C@H]2C[C@H]1C(=O)NC(C)(C)C,567.7960000000003,4.747620000000004,4,6,101.9,9,0.326500977362608,40,1
AMPRENAVIR,CHEMBL116,CC(C)CN(C[C@@H](O)[C@H](Cc1ccccc1)NC(=O)O[C@H]1CCOC1)S(=O)(=O)c1ccc(N)cc1,505.63700000000034,2.4028,3,7,131.19,11,0.39974037477190066,35,1
TRIAMTERENE,CHEMBL585,Nc1nc(N)c2nc(-c3ccccc3)c(N)nc2n1,253.26900000000003,0.8334000000000001,3,7,129.62,1,0.5851791059173755,19,0
CELECOXIB,CHEMBL118,Cc1ccc(-c2cc(C(F)(F)F)nn2-c2ccc(S(N)(=O)=O)cc2)cc1,381.3790000000001,3.5139200000000006,1,3,77.98,3,0.7541053298167572,26,0
TRIMETREXATE,CHEMBL119,COc1cc(NCc2ccc3nc(N)nc(N)c3c2C)cc(OC)c1OC,369.4250000000001,2.740520000000001,3,8,117.54,6,0.6069831028443925,27,0
FENOLDOPAM,CHEMBL588,Oc1ccc(C2CNCCc3c2cc(O)c(O)c3Cl)cc1,305.76099999999997,2.734400000000001,4,4,72.72,1,0.6113669325066001,21,0
ROPINIROLE,CHEMBL589,CCCN(CCC)CCc1cccc2c1CC(=O)N2,260.3809999999999,2.845700000000001,1,2,32.34,7,0.8173315946878695,19,0
MENADIONE,CHEMBL590,CC1=CC(=O)c2ccccc2C1=O,172.18299999999996,2.0119000000000002,0,2,34.14,0,0.5994834910884169,13,0
LEVORPHANOL,CHEMBL592,CN1CC[C@]23CCCC[C@H]2[C@H]1Cc1ccc(O)cc13,257.377,3.080400000000002,1,2,23.47,0,0.7718143750897628,19,0
DELAVIRDINE,CHEMBL593,CC(C)Nc1cccnc1N1CCN(C(=O)c2cc3cc(NS(C)(=O)=O)ccc3[nH]2)CC1,456.5720000000002,2.7171000000000003,3,6,110.43,6,0.5260863337385334,32,0
EMEDASTINE,CHEMBL594,CCOCCn1c(N2CCCN(C)CC2)nc2ccccc21,302.422,2.2146999999999997,0,4,33.53,5,0.7931098529653791,22,0
PIOGLITAZONE,CHEMBL595,CCc1ccc(CCOc2ccc(CC3SC(=O)NC3=O)cc2)nc1,356.44700000000006,3.159600000000001,1,5,68.28999999999999,7,0.8252539098127764,25,0
FENTANYL,CHEMBL596,CCC(=O)N(c1ccccc1)C1CCN(CCc2ccccc2)CC1,336.47900000000004,4.136700000000004,0,2,23.550000000000004,6,0.7914868412582013,25,0
MARALIXIBAT CHLORIDE,CHEMBL17879,CCCCC1(CCCC)CS(=O)(=O)c2ccc(N(C)C)cc2[C@@H](c2ccc(OCc3ccc(C[N+]45CCN(CC4)CC5)cc3)cc2)[C@H]1O,674.9720000000001,6.624500000000008,1,6,70.08,13,0.20564430890921528,48,2
LOFEXIDINE,CHEMBL17860,CC(Oc1c(Cl)cccc1Cl)C1=NCCN1,259.13599999999997,2.7624000000000004,1,3,33.62,3,0.9050107141126126,16,0
PHENTOLAMINE,CHEMBL597,Cc1ccc(N(CC2=NCCN2)c2cccc(O)c2)cc1,281.35900000000004,2.840420000000001,2,4,47.86,4,0.9056709671480019,21,0
PLERIXAFOR,CHEMBL18442,c1cc(CN2CCCNCCNCCCNCC2)ccc1CN1CCCNCCNCCCNCC1,502.7960000000004,0.41580000000000644,6,8,78.66,4,0.35377837598173745,36,2
TOLOXATONE,CHEMBL18116,Cc1cccc(N2CC(CO)OC2=O)c1,207.22899999999998,1.31252,1,3,49.77,2,0.7950896625084043,15,0
MELOXICAM,CHEMBL599,Cc1cnc(NC(=O)C2=C(O)c3ccccc3S(=O)(=O)N2C)s1,351.4090000000001,1.95092,2,6,99.59999999999998,2,0.8613672076779288,23,0
ACETYLCYSTEINE,CHEMBL600,CC(=O)N[C@@H](CS)C(=O)O,163.198,-0.4945,3,3,66.4,3,0.49154271343709494,10,0
NALTREXONE,CHEMBL19019,O=C1CC[C@@]2(O)[C@H]3Cc4ccc(O)c5c4[C@@]2(CCN3CC2CC2)[C@H]1O5,341.4070000000001,1.5253999999999999,2,5,70.0,2,0.8536215236957835,25,0
ZAFIRLUKAST,CHEMBL603,COc1cc(C(=O)NS(=O)(=O)c2ccccc2C)ccc1Cc1cn(C)c2ccc(NC(=O)OC3CCCC3)cc12,575.6870000000001,5.695920000000005,2,6,115.73,8,0.2786932991732298,41,2
"CEFPROZIL ANHYDROUS, (E)-",CHEMBL276568,C/C=C/C1=C(C(=O)O)N2C(=O)[C@@H](NC(=O)[C@H](N)c3ccc(O)cc3)[C@H]2SC1,389.4330000000001,0.7067000000000008,4,6,132.96,5,0.5450750848987173,27,0
MOXONIDINE,CHEMBL19236,COc1nc(C)nc(Cl)c1NC1=NCCN1,241.68200000000002,0.8181199999999997,2,6,71.43,2,0.750440465982924,16,0
PROCAINAMIDE HYDROCHLORIDE,CHEMBL605,CCN(CC)CCNC(=O)c1ccc(N)cc1,235.33100000000002,1.3403999999999996,2,3,58.36,6,0.7315396930195435,17,0
MISOPROSTOL,CHEMBL606,CCCCC(C)(O)C/C=C/[C@H]1[C@H](O)CC(=O)[C@@H]1CCCCCCC(=O)OC,382.5410000000003,3.9536000000000033,2,5,83.83,13,0.28616128234902766,27,0
MACIMORELIN,CHEMBL278623,CC(C)(N)C(=O)N[C@H](Cc1c[nH]c2ccccc12)C(=O)N[C@H](Cc1c[nH]c2ccccc12)NC=O,474.56500000000017,1.8447999999999996,6,4,144.89999999999998,10,0.15385344754641514,35,1
MEPERIDINE,CHEMBL607,CCOC(=O)C1(c2ccccc2)CCN(C)CC1,247.33799999999994,2.2131,0,3,29.54,3,0.7669944339918414,18,0
LOXOPROFEN,CHEMBL19299,CC(C(=O)O)c1ccc(CC2CCCC2=O)cc1,246.30599999999993,2.7864000000000013,1,2,54.37,4,0.8883440640479293,18,0
TRIENTINE,CHEMBL609,NCCNCCNCCN,146.238,-1.916999999999998,4,4,76.1,7,0.3159259759712412,10,0
TERAZOSIN,CHEMBL611,COc1cc2nc(N3CCN(C(=O)C4CCCO4)CC3)nc(N)c2cc1OC,387.44000000000017,1.0567999999999995,1,8,103.04,4,0.8306226664509899,28,0
DEXTROAMPHETAMINE,CHEMBL612,C[C@H](N)Cc1ccccc1,135.20999999999998,1.5763,1,1,26.02,2,0.6542162175383444,10,0
IBUDILAST,CHEMBL19449,CC(C)C(=O)c1c(C(C)C)nn2ccccc12,230.311,3.296400000000002,0,2,34.370000000000005,3,0.7581170106168678,17,0
SAQUINAVIR MESYLATE,CHEMBL282042,CC(C)(C)NC(=O)[C@@H]1C[C@@H]2CCCC[C@@H]2CN1C[C@@H](O)[C@H](Cc1ccccc1)NC(=O)[C@H](CC(N)=O)NC(=O)c1ccc2ccccc2n1,670.855,3.092400000000003,5,7,166.75,12,0.19750207121883465,49,1
TEGAFUR,CHEMBL20883,O=c1[nH]c(=O)n(C2CCCO2)cc1F,200.16899999999998,-0.015300000000000313,1,3,64.09,1,0.6927125296086033,14,0
PENICILLIN V,CHEMBL615,CC1(C)S[C@@H]2[C@H](NC(=O)COc3ccccc3)C(=O)N2[C@H]1C(=O)O,350.3960000000001,0.6970999999999998,2,5,95.94000000000001,5,0.759069056624305,24,0
CEPHALOTHIN,CHEMBL617,CC(=O)OCC1=C(C(=O)O)N2C(=O)[C@@H](NC(=O)Cc3cccs3)[C@H]2SC1,396.4460000000001,0.5923000000000007,2,7,113.00999999999999,6,0.5344806106940523,26,0
MILTEFOSINE,CHEMBL125,CCCCCCCCCCCCCCCCOP(=O)([O-])OCC[N+](C)(C)C,407.57600000000014,5.675500000000006,0,4,58.59,20,0.148054699506973,27,1
LINEZOLID,CHEMBL126,CC(=O)NC[C@H]1CN(c2ccc(N3CCOCC3)c(F)c2)C(=O)O1,337.35100000000006,1.1235999999999997,1,5,71.11,4,0.8915973887511962,24,0
CLIDINIUM,CHEMBL620,C[N+]12CCC(CC1)C(OC(=O)C(O)(c1ccccc1)c1ccccc1)C2,352.45400000000006,2.7045000000000012,1,3,46.53,4,0.6797893586378044,26,0
MEROPENEM,CHEMBL127,C[C@@H](O)[C@H]1C(=O)N2C(C(=O)O)=C(S[C@@H]3CN[C@H](C(=O)N(C)C)C3)[C@H](C)[C@H]12,383.4700000000002,-0.3079999999999994,3,6,110.17999999999999,5,0.5588251961475821,26,0
TRAZODONE,CHEMBL621,O=c1n(CCCN2CCN(c3cccc(Cl)c3)CC2)nc2ccccn12,371.8720000000001,2.3617,0,4,45.78,5,0.690401062854676,26,0
ETODOLAC,CHEMBL622,CCc1cccc2c3c([nH]c12)C(CC)(CC(=O)O)OCC3,287.35900000000004,3.383000000000002,2,2,62.32000000000001,4,0.9057842881790305,21,0
PRANLUKAST,CHEMBL21333,O=C(Nc1cccc2c(=O)cc(-c3nnn[nH]3)oc12)c1ccc(OCCCCc2ccccc2)cc1,481.51200000000034,4.627100000000003,2,7,123.0,9,0.29435081952595227,36,0
THIABENDAZOLE,CHEMBL625,c1ccc2[nH]c(-c3cscn3)nc2c1,201.254,2.6864,1,3,41.57,1,0.6572828314318542,14,0
XANOMELINE,CHEMBL21536,CCCCCCOc1nsnc1C1=CCCN(C)C1,281.425,3.2161000000000017,0,5,38.25000000000001,7,0.7193179399301258,19,0
NAFTIFINE,CHEMBL626,CN(C/C=C/c1ccccc1)Cc1cccc2ccccc12,287.406,4.985000000000004,0,1,3.24,5,0.6390791725132271,22,0
LORMETAZEPAM,CHEMBL22097,CN1C(=O)C(O)N=C(c2ccccc2Cl)c2cc(Cl)ccc21,335.1900000000001,3.1256000000000013,1,3,52.900000000000006,1,0.8705347056850516,22,0
PENTOXIFYLLINE,CHEMBL628,CC(=O)CCCCn1c(=O)c2c(ncn2C)n(C)c1=O,278.31200000000007,0.19300000000000006,0,4,78.89,5,0.7314900236053014,20,0
AMITRIPTYLINE,CHEMBL629,CN(C)CCC=C1c2ccccc2CCc2ccccc21,277.411,4.168600000000003,0,1,3.24,3,0.8136783893547587,21,0
SUMATRIPTAN,CHEMBL128,CNS(=O)(=O)Cc1ccc2[nH]cc(CCN(C)C)c2c1,295.408,1.3211999999999997,2,3,65.2,6,0.8445712183265353,20,0
PROPAFENONE,CHEMBL631,CCCNCC(O)COc1ccccc1C(=O)CCc1ccccc1,341.4510000000001,3.2414000000000023,2,4,58.559999999999995,11,0.4865357366381187,25,0
BETAMETHASONE,CHEMBL632,C[C@H]1C[C@H]2[C@@H]3CCC4=CC(=O)C=C[C@]4(C)[C@@]3(F)[C@@H](O)C[C@]2(C)[C@@]1(O)C(=O)CO,392.4670000000002,1.8957000000000002,3,5,94.83,2,0.667213496992105,28,0
AMIODARONE,CHEMBL633,CCCCc1oc2ccccc2c1C(=O)c1cc(I)c(OCCN(CC)CC)c(I)c1,645.3190000000002,6.936200000000007,0,4,42.68,11,0.1676472462674973,31,2
ALFENTANIL,CHEMBL634,CCC(=O)N(c1ccccc1)C1(COC)CCN(CCn2nnn(CC)c2=O)CC1,416.52600000000024,1.3838999999999997,0,6,85.49000000000001,9,0.6140453744926113,30,0
PREDNISONE,CHEMBL635,C[C@]12C=CC(=O)C=C1CC[C@@H]1[C@@H]2C(=O)C[C@@]2(C)[C@H]1CC[C@]2(O)C(=O)CO,358.43400000000014,1.7658,2,5,91.67,2,0.7848332802556961,26,0
RIVASTIGMINE,CHEMBL636,CCN(C)C(=O)Oc1cccc([C@H](C)N(C)C)c1,250.34199999999998,2.7597000000000014,0,3,32.78,4,0.8234224757170807,18,0
VENLAFAXINE,CHEMBL637,COc1ccc(C(CN(C)C)C2(O)CCCCC2)cc1,277.4079999999999,3.0356000000000014,1,3,32.7,5,0.8976823731418612,20,0
ZIDOVUDINE,CHEMBL129,Cc1cn([C@H]2C[C@H](N=[N+]=[N-])[C@@H](CO)O2)c(=O)[nH]c1=O,267.245,-0.19628000000000012,2,5,133.07999999999998,3,0.4454004294146897,19,0
VORICONAZOLE,CHEMBL638,C[C@@H](c1ncncc1F)[C@](O)(Cn1cncn1)c1ccc(F)cc1F,349.31600000000003,2.1769,1,5,76.72,5,0.7639757614487599,25,0
AZELASTINE,CHEMBL639,CN1CCCC(n2nc(Cc3ccc(Cl)cc3)c3ccccc3c2=O)CC1,381.9070000000002,4.297500000000004,0,3,38.13,3,0.678552511607709,27,0
PROCAINAMIDE,CHEMBL640,CCN(CC)CCNC(=O)c1ccc(N)cc1,235.33100000000002,1.3403999999999996,2,3,58.36,6,0.7315396930195435,17,0
ATOMOXETINE,CHEMBL641,CNCC[C@@H](Oc1ccccc1C)c1ccccc1,255.361,3.7246200000000034,1,2,21.259999999999998,6,0.8489950317721323,19,0
ACEBUTOLOL,CHEMBL642,CCCC(=O)Nc1ccc(OCC(O)CNC(C)C)c(C(C)=O)c1,336.4320000000001,2.3655,3,5,87.66,10,0.5710137425129463,24,0
PROMETHAZINE,CHEMBL643,CC(CN1c2ccccc2Sc2ccccc21)N(C)C,284.428,4.239400000000003,0,3,6.48,3,0.8321538928687809,20,0
PREDNISOLONE,CHEMBL131,C[C@]12C=CC(=O)C=C1CC[C@@H]1[C@@H]2[C@@H](O)C[C@@]2(C)[C@H]1CC[C@]2(O)C(=O)CO,360.4500000000002,1.5575999999999999,3,5,94.83,2,0.6946116752943168,26,0
TRIMIPRAMINE,CHEMBL644,CC(CN(C)C)CN1c2ccccc2CCc2ccccc21,294.442,4.121000000000003,0,2,6.48,4,0.8366473557753505,22,0
BISOPROLOL,CHEMBL645,CC(C)NCC(O)COc1ccc(COCCOC(C)C)cc1,325.449,2.3659,2,5,59.95,12,0.5778484804828311,23,0
APRACLONIDINE,CHEMBL647,Nc1cc(Cl)c(N=C2NCCN2)c(Cl)c1,245.113,1.7558999999999998,3,2,62.44,1,0.660359398694943,15,0
CYCLIZINE,CHEMBL648,CN1CCN(C(c2ccccc2)c2ccccc2)CC1,266.38800000000003,3.0234000000000014,0,2,6.48,3,0.84234198198695,20,0
NEBIVOLOL,CHEMBL434394,OC(CNCC(O)C1CCc2cc(F)ccc2O1)C1CCc2cc(F)ccc2O1,405.44100000000014,2.363600000000001,3,5,70.95,6,0.68846240126238,29,0
METHYLPREDNISOLONE,CHEMBL650,C[C@H]1C[C@@H]2[C@H]([C@@H](O)C[C@@]3(C)[C@H]2CC[C@]3(O)C(=O)CO)[C@@]2(C)C=CC(=O)C=C12,374.4770000000001,1.8036,3,5,94.83000000000001,2,0.685142538776804,27,0
METHADONE,CHEMBL651,CCC(=O)C(CC(C)N(C)C)(c1ccccc1)c1ccccc1,309.45300000000003,4.292000000000004,0,2,20.310000000000002,7,0.7601212787758543,23,0
FLECAINIDE,CHEMBL652,O=C(NCC1CCCCN1)c1cc(OCC(F)(F)F)ccc1OCC(F)(F)F,414.34600000000006,3.4407000000000014,2,4,59.59,7,0.6715843719947417,28,0
CLONIDINE,CHEMBL134,Clc1cccc(Cl)c1NC1=NCCN1,230.09799999999998,2.3644999999999996,2,3,36.42,1,0.7764264211073745,14,0
MIRTAZAPINE,CHEMBL654,CN1CCN2c3ncccc3Cc3ccccc3C2C1,265.36,2.4789000000000003,0,3,19.37,0,0.7292796247091089,20,0
MIDAZOLAM,CHEMBL655,Cc1ncc2n1-c1ccc(Cl)cc1C(c1ccccc1F)=NC2,325.77400000000006,4.324220000000002,0,2,30.18,1,0.654885085071007,23,0
ESTRADIOL,CHEMBL135,C[C@]12CC[C@@H]3c4ccc(O)cc4CC[C@H]3[C@@H]1CC[C@@H]2O,272.3879999999999,3.6092000000000026,2,2,40.46,0,0.757169743555686,20,0
DIPHENHYDRAMINE,CHEMBL657,CN(C)CCOC(c1ccccc1)c1ccccc1,255.36100000000002,3.3542000000000023,0,2,12.47,6,0.7845504400951161,19,0
SUFENTANIL,CHEMBL658,CCC(=O)N(c1ccccc1)C1(COC)CCN(CCc2cccs2)CC1,386.56100000000015,4.214800000000004,0,4,32.78,8,0.6810921785688575,27,0
GALANTAMINE,CHEMBL659,COc1ccc2c3c1O[C@H]1C[C@@H](O)C=C[C@@]31CCN(C)C2,287.35900000000004,1.8503,1,4,41.93,1,0.8005242690101381,21,0
AMANTADINE,CHEMBL660,NC12CC3CC(CC(C3)C1)C2,151.253,1.9139,1,1,26.02,0,0.5620664127719119,11,0
ALPRAZOLAM,CHEMBL661,Cc1nnc2n1-c1ccc(Cl)cc1C(c1ccccc1)=NC2,308.77200000000005,3.5801200000000017,0,3,43.07,1,0.6893709827759431,22,0
MAPROTILINE,CHEMBL21731,CNCCCC12CCC(c3ccccc31)c1ccccc12,277.41100000000006,4.211400000000004,1,1,12.03,4,0.8254375445230729,21,0
ACETYLCHOLINE,CHEMBL667,CC(=O)OCC[N+](C)(C)C,146.21,0.25570000000000004,0,2,26.3,3,0.4213777873274688,10,0
METRONIDAZOLE,CHEMBL137,Cc1ncc([N+](=O)[O-])n1CCO,171.15599999999998,0.09201999999999994,1,4,81.19,3,0.5158680082581498,12,0
PROTRIPTYLINE,CHEMBL668,CNCCCC1c2ccccc2C=Cc2ccccc21,263.384,4.301900000000003,1,1,12.03,4,0.8108521414626005,20,0
CYCLOBENZAPRINE,CHEMBL669,CN(C)CCC=C1c2ccccc2C=Cc2ccccc21,275.39500000000004,4.553800000000004,0,1,3.24,3,0.6773504085567709,21,0
THIOTEPA,CHEMBL671,S=P(N1CC1)(N1CC1)N1CC1,189.22399999999996,0.15770000000000017,0,1,9.03,3,0.46137951425618995,11,0
FENOFIBRATE,CHEMBL672,CC(C)OC(=O)C(C)(C)Oc1ccc(C(=O)c2ccc(Cl)cc2)cc1,360.837,4.680000000000004,0,4,52.6,6,0.5540618915195044,25,0
PARGYLINE,CHEMBL673,C#CCN(C)Cc1ccccc1,159.232,1.7516,0,1,3.24,3,0.6072627909596671,12,0
HEXAMIDINE,CHEMBL25105,N=C(N)c1ccc(OCCCCCCOc2ccc(C(=N)N)cc2)cc1,354.454,3.272940000000001,4,4,118.2,11,0.2811975425163641,26,0
ALENDRONATE SODIUM,CHEMBL675,NCCCC(O)(P(=O)(O)O)P(=O)(O)O,249.096,-1.2731999999999999,6,4,161.30999999999997,5,0.32829033524227796,14,1
LEVONORDEFRIN,CHEMBL677,C[C@H](N)[C@H](O)c1ccc(O)c(O)c1,183.207,0.4784,4,4,86.71000000000001,2,0.5021061623437857,13,0
EPINEPHRINE,CHEMBL679,CNC[C@H](O)c1ccc(O)c(O)c1,183.207,0.35060000000000013,4,4,72.72,3,0.5101568892419974,13,0
CEFACLOR ANHYDROUS,CHEMBL680,N[C@@H](C(=O)N[C@@H]1C(=O)N2C(C(=O)O)=C(Cl)CS[C@H]12)c1ccccc1,367.814,0.6213000000000004,3,5,112.73,4,0.672381193775388,24,0
ETOMIDATE,CHEMBL681,CCOC(=O)c1cncn1[C@H](C)c1ccccc1,244.294,2.669100000000001,0,3,44.12,4,0.776550261358108,18,0
AMODIAQUINE,CHEMBL682,CCN(CC)Cc1cc(Nc2ccnc3cc(Cl)ccc23)ccc1O,355.8690000000001,5.179200000000004,2,4,48.39,6,0.5980257885078599,25,1
DIETHYLCARBAMAZINE,CHEMBL684,CCN(CC)C(=O)N1CCN(C)CC1,199.29799999999994,0.6956,0,2,26.790000000000006,2,0.6541651065181895,14,0
MEBENDAZOLE,CHEMBL685,COC(=O)Nc1nc2cc(C(=O)c3ccccc3)ccc2[nH]1,295.298,2.972200000000001,2,4,84.07999999999998,3,0.72749043527813,22,0
DICLOFENAC,CHEMBL139,O=C(O)Cc1ccccc1Nc1c(Cl)cccc1Cl,296.153,4.364100000000001,2,2,49.33,4,0.8807285394160607,19,0
MEFENAMIC ACID,CHEMBL686,Cc1cccc(Nc2ccccc2C(=O)O)c1C,241.29,3.7452400000000017,2,2,49.33,3,0.8600549198257493,18,0
FENTANYL CITRATE,CHEMBL688,CCC(=O)N(c1ccccc1)C1CCN(CCc2ccccc2)CC1,336.47900000000004,4.136700000000004,0,2,23.550000000000004,6,0.7914868412582013,25,0
MANNITOL,CHEMBL689,OC[C@@H](O)[C@@H](O)[C@H](O)[C@H](O)CO,182.172,-3.5854000000000004,6,6,121.38000000000001,5,0.2612626527203185,12,1
PRAVASTATIN SODIUM,CHEMBL690,CC[C@H](C)C(=O)O[C@H]1C[C@H](O)C=C2C=C[C@H](C)[C@H](CC[C@@H](O)C[C@@H](O)CC(=O)O)[C@H]21,424.5340000000002,2.4404000000000003,4,6,124.29,10,0.39708378626335494,30,0
ETHINYL ESTRADIOL,CHEMBL691,C#C[C@]1(O)CC[C@H]2[C@@H]3CCc4cc(O)ccc4[C@H]3CC[C@@]21C,296.4100000000001,3.6126000000000023,2,2,40.46,0,0.7180018360911579,22,0
TRIMETHADIONE,CHEMBL695,CN1C(=O)OC(C)(C)C1=O,143.142,0.37359999999999993,0,3,46.61,0,0.4919347410358442,10,0
ETHOSUXIMIDE,CHEMBL696,CCC1(C)CC(=O)NC1=O,141.17,0.4491999999999999,1,2,46.17,1,0.5387218646888615,10,0
METHSUXIMIDE,CHEMBL697,CN1C(=O)CC(C)(c2ccccc2)C1=O,203.241,1.333,0,2,37.38,1,0.6456630004201521,15,0
TETRACAINE,CHEMBL698,CCCCNc1ccc(C(=O)OCCN(C)C)cc1,264.3689999999999,2.617000000000001,1,4,41.57,8,0.5786881428918659,19,0
BETAHISTINE,CHEMBL24441,CNCCc1ccccn1,136.19799999999995,0.8434999999999999,1,2,24.92,3,0.6658018289589027,10,0
SULFAPYRIDINE,CHEMBL700,Nc1ccc(S(=O)(=O)Nc2ccccn2)cc1,249.29500000000004,1.4646000000000001,2,4,85.08,3,0.8064259489968827,17,0
BACLOFEN,CHEMBL701,NCC(CC(=O)O)c1ccc(Cl)cc1,213.664,1.857,2,2,63.32000000000001,4,0.8026316327602356,14,0
PIPERACILLIN,CHEMBL702,CCN1CCN(C(=O)N[C@@H](C(=O)N[C@@H]2C(=O)N3[C@@H]2SC(C)(C)[C@@H]3C(=O)O)c2ccccc2)C(=O)C1=O,517.5640000000003,-0.24029999999999685,3,7,156.43,6,0.3448074018268864,36,1
SUXAMETHONIUM,CHEMBL703,C[N+](C)(C)CCOC(=O)CCC(=O)OCC[N+](C)(C)C,290.404,0.2654000000000025,0,4,52.60000000000001,9,0.4515871613452488,20,0
MESALAMINE,CHEMBL704,Nc1ccc(O)c(C(=O)O)c1,153.137,0.6726000000000001,3,3,83.55,1,0.4087158551274257,11,0
ALITRETINOIN,CHEMBL705,CC1=C(/C=C/C(C)=C\C=C\C(C)=C\C(=O)O)C(C)(C)CCC1,300.44200000000006,5.602600000000005,1,1,37.3,5,0.5295731957656133,22,1
CETYL ALCOHOL,CHEMBL706,CCCCCCCCCCCCCCCCO,242.44699999999992,5.460000000000006,1,1,20.23,14,0.4009684425805356,17,1
SILODOSIN,CHEMBL24778,C[C@H](Cc1cc2c(c(C(N)=O)c1)N(CCCO)CC2)NCCOc1ccccc1OCC(F)(F)F,495.5420000000002,3.0711000000000013,3,6,97.05000000000001,13,0.36983125998632094,35,0
DOXAZOSIN,CHEMBL707,COc1cc2nc(N3CCN(C(=O)C4COc5ccccc5O4)CC3)nc(N)c2cc1OC,451.4830000000003,1.7177999999999993,1,9,112.27000000000001,4,0.6334640734356928,33,0
INDORAMIN,CHEMBL279516,O=C(NC1CCN(CCc2c[nH]c3ccccc23)CC1)c1ccccc1,347.46200000000016,3.604800000000002,2,2,48.13,5,0.7406983864015039,26,0
VANDETANIB,CHEMBL24828,COc1cc2/c(=N/c3ccc(Br)cc3F)nc[nH]c2cc1OCC1CCN(C)CC1,475.3620000000003,4.426100000000003,1,5,62.74,5,0.593560925290803,30,0
TAMIBAROTENE,CHEMBL25202,CC1(C)CCC(C)(C)c2cc(NC(=O)c3ccc(C(=O)O)cc3)ccc21,351.4460000000001,4.986100000000004,2,2,66.4,3,0.8188241818203106,26,0
ZIPRASIDONE,CHEMBL708,O=C1Cc2cc(CCN3CCN(c4nsc5ccccc45)CC3)c(Cl)cc2N1,412.9460000000002,3.809000000000002,1,5,48.470000000000006,4,0.7074872979003035,28,0
ALFUZOSIN,CHEMBL709,COc1cc2nc(N(C)CCCNC(=O)C3CCCO3)nc(N)c2cc1OC,389.4560000000002,1.3507000000000002,2,8,111.83,8,0.6509374244824966,28,0
FINASTERIDE,CHEMBL710,CC(C)(C)NC(=O)[C@H]1CC[C@H]2[C@@H]3CC[C@H]4NC(=O)C=C[C@]4(C)[C@H]3CC[C@]12C,372.55300000000017,3.8145000000000024,2,2,58.2,1,0.7351466700288802,27,0
PHENINDIONE,CHEMBL711,O=C1c2ccccc2C(=O)C1c1ccccc1,222.243,2.849400000000001,0,2,34.14,1,0.6951125798613664,17,0
ANISINDIONE,CHEMBL712,COc1ccc(C2C(=O)c3ccccc3C2=O)cc1,252.269,2.8580000000000005,0,3,43.370000000000005,2,0.7717726415372386,19,0
FLUINDIONE,CHEMBL24924,O=C1c2ccccc2C(=O)C1c1ccc(F)cc1,240.23299999999998,2.988500000000002,0,2,34.14,1,0.7179310095669911,18,0
ENTECAVIR ANHYDROUS,CHEMBL713,C=C1[C@H](CO)[C@@H](O)C[C@@H]1n1cnc2c(=O)[nH]c(N)nc21,277.284,-0.8278000000000001,4,6,130.04999999999998,2,0.5301148369563783,20,0
LAMIVUDINE,CHEMBL141,Nc1ccn([C@@H]2CS[C@H](CO)O2)c(=O)n1,229.261,-0.5941000000000001,2,6,90.36999999999999,2,0.7038615838122526,15,0
ALBUTEROL,CHEMBL714,CC(C)(C)NCC(O)c1ccc(O)c(CO)c1,239.315,1.3059999999999998,4,4,72.72,4,0.6389509580864461,17,0
OLANZAPINE,CHEMBL715,Cc1cc2c(s1)Nc1ccccc1N=C2N1CCN(C)CC1,312.4420000000001,3.4392200000000033,1,5,30.870000000000005,0,0.8082561901210404,22,0
QUETIAPINE,CHEMBL716,OCCOCCN1CCN(C2=Nc3ccccc3Sc3ccccc32)CC1,383.51700000000017,2.8560000000000016,1,6,48.300000000000004,5,0.8048695029648197,27,0
MEDAZEPAM,CHEMBL28333,CN1CCN=C(c2ccccc2)c2cc(Cl)ccc21,270.76300000000003,3.627200000000003,0,2,15.6,1,0.7726586313728765,19,0
MEDROXYPROGESTERONE ACETATE,CHEMBL717,CC(=O)O[C@]1(C(C)=O)CC[C@H]2[C@@H]3C[C@H](C)C4=CC(=O)CC[C@]4(C)[C@H]3CC[C@@]21C,386.53200000000027,4.655200000000004,0,4,60.440000000000005,2,0.6479725905950843,28,0
BROMPERIDOL,CHEMBL28218,O=C(CCCN1CCC(O)(c2ccc(Br)cc2)CC1)c1ccc(F)cc1,420.3220000000002,4.5347000000000035,1,3,40.540000000000006,6,0.6983745555932223,26,0
MUPIROCIN,CHEMBL719,C/C(=C\C(=O)OCCCCCCCCC(=O)O)C[C@@H]1OC[C@H](C[C@@H]2O[C@H]2[C@@H](C)[C@H](C)O)[C@@H](O)[C@H]1O,500.62900000000013,2.5925000000000016,4,8,146.05,16,0.10865568580106565,35,1
CELIPROLOL,CHEMBL27810,CCN(CC)C(=O)Nc1ccc(OCC(O)CNC(C)(C)C)c(C(C)=O)c1,379.5010000000002,2.8907000000000007,3,5,90.9,9,0.5740604449563793,27,0
TERTATOLOL,CHEMBL434200,CC(C)(C)NCC(O)COc1cccc2c1SCCC2,295.4480000000001,2.8527000000000013,2,4,41.489999999999995,5,0.8762942071165184,20,0
CARVEDILOL,CHEMBL723,COc1ccccc1OCCNCC(O)COc1cccc2[nH]c3ccccc3c12,406.482,3.738000000000002,3,5,75.74000000000001,10,0.3499607634429391,30,0
FLUPHENAZINE,CHEMBL726,OCCN1CCN(CCCN2c3ccccc3Sc3ccc(C(F)(F)F)cc32)CC1,437.5310000000002,4.308100000000003,1,5,29.950000000000003,6,0.7278115473639667,30,0
THIOGUANINE,CHEMBL727,Nc1nc2[nH]cnc2c(=S)[nH]1,167.197,0.59769,3,4,83.38,0,0.5014913838271434,11,0
PROCHLORPERAZINE,CHEMBL728,CN1CCN(CCCN2c3ccccc3Sc3ccc(Cl)cc32)CC1,373.95300000000015,4.580200000000004,0,4,9.72,4,0.775124662295156,25,0
LOPINAVIR,CHEMBL729,Cc1cccc(C)c1OCC(=O)N[C@@H](Cc1ccccc1)[C@@H](O)C[C@H](Cc1ccccc1)NC(=O)[C@H](C(C)C)N1CCCNC1=O,628.8139999999999,4.328140000000003,4,5,120.0,15,0.199874123748593,46,1
NITROGLYCERIN,CHEMBL730,O=[N+]([O-])OCC(CO[N+](=O)[O-])O[N+](=O)[O-],227.08499999999998,-1.0200999999999996,0,9,157.11,8,0.373165924670519,15,0
NICORANDIL,CHEMBL284906,O=C(NCCO[N+](=O)[O-])c1cccnc1,211.17700000000002,0.01969999999999983,1,5,94.36,5,0.4205636945214959,15,0
MEBEVERINE,CHEMBL282121,CCN(CCCCOC(=O)c1ccc(OC)c(OC)c1)C(C)Cc1ccc(OC)cc1,429.5570000000002,4.6025000000000045,0,6,57.230000000000004,13,0.3425485431401951,31,0
THIOPENTAL SODIUM,CHEMBL738,CCCC(C)C1(CC)C(=O)NC(=S)NC1=O,242.34400000000002,1.3498999999999999,2,3,58.2,4,0.5777126778981032,16,0
METHOHEXITAL SODIUM,CHEMBL30219,C=CCC1(C(C)C#CCC)C(=O)N=C(O)N(C)C1=O,262.30899999999997,1.5110000000000001,1,2,69.97,3,0.4759248569297884,19,0
LAMOTRIGINE,CHEMBL741,Nc1nnc(-c2cccc(Cl)c2Cl)c(N)n1,256.09599999999995,2.0098,2,5,90.71,1,0.8138095128696987,16,0
KETAMINE,CHEMBL742,CNC1(c2ccccc2Cl)CCCCC1=O,237.7299999999999,2.897800000000001,1,2,29.1,2,0.8571565291687987,16,0
RILUZOLE,CHEMBL744,Nc1nc2ccc(OC(F)(F)F)cc2s1,234.20199999999994,2.7771,1,4,48.14,1,0.8248286060077297,15,0
NEDOCROMIL,CHEMBL746,CCCc1c2oc(C(=O)O)cc(=O)c2cc2c(=O)cc(C(=O)O)n(CC)c12,371.34500000000014,2.476700000000001,2,5,126.80999999999997,5,0.6596073160141976,27,0
PRALIDOXIME CHLORIDE,CHEMBL748,C[n+]1ccccc1/C=N/O,137.162,0.3191999999999999,1,2,36.47,1,0.2571575036828201,10,0
ZONISAMIDE,CHEMBL750,NS(=O)(=O)Cc1noc2ccccc12,212.23000000000002,0.6163,1,4,86.19000000000001,2,0.7899579227288236,14,0
PHENOXYBENZAMINE,CHEMBL753,CC(COc1ccccc1)N(CCCl)Cc1ccccc1,303.83299999999997,4.194900000000003,0,2,12.47,8,0.6778826115024819,21,0
ANAGRELIDE,CHEMBL760,O=C1CN2Cc3c(ccc(Cl)c3Cl)N=C2N1,256.092,1.9263000000000001,1,3,44.7,0,0.7703086660163128,16,0
NAPHAZOLINE,CHEMBL761,c1ccc2c(CC3=NCCN3)cccc2c1,210.28000000000003,2.3840000000000003,1,2,24.39,2,0.8082645116844471,16,0
OXYMETAZOLINE,CHEMBL762,Cc1cc(C(C)(C)C)c(O)c(C)c1CC1=NCCN1,260.3809999999999,2.850740000000001,2,3,44.620000000000005,2,0.8585249056143486,19,0
GUANETHIDINE,CHEMBL765,N=C(N)NCCN1CCCCCCC1,198.31399999999994,0.7355699999999996,3,2,65.14,3,0.46263696093343076,14,0
CILASTATIN,CHEMBL766,CC1(C)C[C@@H]1C(=O)N/C(=C\CCCCSC[C@H](N)C(=O)O)C(=O)O,358.46000000000004,1.4326000000000003,4,5,129.72,11,0.3245927294750397,24,0
TOLAZOLINE,CHEMBL770,c1ccc(CC2=NCCN2)cc1,160.22000000000003,1.2308,1,2,24.39,2,0.6910509635760047,12,0
IMIPENEM ANHYDROUS,CHEMBL148,C[C@@H](O)[C@H]1C(=O)N2C(C(=O)O)=C(SCCNC=N)C[C@H]12,299.35200000000003,-0.17602999999999924,4,5,113.72,7,0.22445186205245782,20,0
CLAVULANIC ACID,CHEMBL777,O=C(O)[C@H]1/C(=C/CO)O[C@@H]2CC(=O)N21,199.16199999999998,-1.0956,2,4,87.07000000000001,2,0.5513115228370621,14,0
DEXMEDETOMIDINE,CHEMBL778,Cc1cccc([C@H](C)c2c[nH]cn2)c1C,200.28500000000003,3.1783400000000013,1,1,28.68,2,0.7920749783499234,15,0
TADALAFIL,CHEMBL779,CN1CC(=O)N2[C@H](c3ccc4c(c3)OCO4)c3[nH]c4ccccc4c3C[C@@H]2C1=O,389.4110000000002,2.2112999999999996,1,4,74.87,1,0.6925587527204075,29,0
BUTORPHANOL,CHEMBL33986,Oc1ccc2c(c1)[C@@]13CCCC[C@@]1(O)[C@@H](C2)N(CC1CCC1)CC3,327.46800000000013,3.3656000000000015,2,3,43.7,2,0.875191488403328,24,0
PENTETIC ACID,CHEMBL780,O=C(O)CN(CCN(CC(=O)O)CC(=O)O)CCN(CC(=O)O)CC(=O)O,393.3490000000002,-2.6845999999999934,5,8,196.21999999999997,16,0.18191710880196524,27,0
MAZINDOL,CHEMBL781,OC1(c2ccc(Cl)cc2)c2ccccc2C2=NCCN21,284.74600000000004,2.6092000000000004,1,3,35.830000000000005,1,0.8737077174467992,20,0
TOLBUTAMIDE,CHEMBL782,CCCCNC(=O)NS(=O)(=O)c1ccc(C)cc1,270.354,1.78302,2,3,75.27000000000001,5,0.8008194430489943,18,0
NATEGLINIDE,CHEMBL783,CC(C)[C@H]1CC[C@H](C(=O)N[C@H](Cc2ccccc2)C(=O)O)CC1,317.42900000000014,3.2609000000000012,2,2,66.4,6,0.8460610896604897,23,0
BROTIZOLAM,CHEMBL32479,Cc1nnc2n1-c1sc(Br)cc1C(c1ccccc1Cl)=NC2,393.69700000000006,4.404120000000002,0,4,43.07,1,0.6146348588152641,22,0
TAMOXIFEN CITRATE,CHEMBL786,CC/C(=C(\c1ccccc1)c1ccc(OCCN(C)C)cc1)c1ccccc1,371.524,5.9961000000000055,0,2,12.47,8,0.4505726789966775,28,1
MONTELUKAST,CHEMBL787,CC(C)(O)c1ccccc1CC[C@@H](SCC1(CC(=O)O)CC1)c1cccc(/C=C/c2ccc3ccc(Cl)cc3n2)c1,586.1970000000001,8.948000000000002,2,4,70.42,12,0.1735643864602374,41,2
IDOXURIDINE,CHEMBL788,O=c1[nH]c(=O)n([C@H]2C[C@H](O)[C@@H](CO)O2)cc1I,354.1,-1.2181000000000002,3,5,104.55000000000001,2,0.578029884636738,17,0
CIDOFOVIR ANHYDROUS,CHEMBL152,Nc1ccn(C[C@@H](CO)OCP(=O)(O)O)c(=O)n1,279.18899999999996,-1.6618000000000002,4,6,147.89999999999998,6,0.45197128428898714,18,0
METHYLPHENIDATE,CHEMBL796,COC(=O)C(c1ccccc1)C1CCCCN1,233.31099999999995,2.0852999999999997,1,3,38.33,3,0.8123400616112664,17,0
ESTAZOLAM,CHEMBL285674,Clc1ccc2c(c1)C(c1ccccc1)=NCc1nncn1-2,294.745,3.2717000000000027,0,3,43.07,1,0.691129049070368,21,0
PHENSUXIMIDE,CHEMBL797,CN1C(=O)CC(c2ccccc2)C1=O,189.214,1.1588999999999998,0,2,37.38,1,0.621507214134734,14,0
METHOTREXATE,CHEMBL34259,CN(Cc1cnc2nc(N)nc(N)c2n1)c1ccc(C(=O)N[C@@H](CCC(=O)O)C(=O)O)cc1,454.44700000000023,0.2684000000000012,5,10,210.53999999999996,9,0.29472034504927447,33,0
GEPIRONE,CHEMBL284092,CC1(C)CC(=O)N(CCCCN2CCN(c3ncccn3)CC2)C(=O)C1,359.47400000000016,1.5539999999999996,0,6,69.64000000000001,6,0.5670068538462075,26,0
CILOSTAZOL,CHEMBL799,O=C1CCc2cc(OCCCCc3nnnn3C3CCCCC3)ccc2N1,369.4690000000002,3.4647000000000014,1,5,81.93,7,0.755913406639335,27,0
MINOXIDIL,CHEMBL802,Nc1cc(N2CCCCC2)nc(N)[n+]1[O-],209.25300000000001,-0.13029999999999975,2,5,95.11,1,0.49592964212759716,15,0
NAPROXEN,CHEMBL154,COc1ccc2cc([C@H](C)C(=O)O)ccc2c1,230.26299999999998,3.036500000000001,1,2,46.53,3,0.8810778082204156,17,0
MEFLOQUINE,CHEMBL416956,OC(c1cc(C(F)(F)F)nc2c(C(F)(F)F)cccc12)C1CCCCN1,378.31600000000014,4.447900000000003,2,3,45.150000000000006,2,0.7594432549357207,26,0
CYTARABINE,CHEMBL803,Nc1ccn([C@@H]2O[C@H](CO)[C@@H](O)[C@@H]2O)c(=O)n1,243.21900000000002,-2.563,4,7,130.82999999999998,2,0.4489304892314893,17,0
FLUTAMIDE,CHEMBL806,CC(C)C(=O)Nc1ccc([N+](=O)[O-])c(C(F)(F)F)c1,276.21399999999994,3.2081000000000017,1,3,72.24,3,0.6801783581027343,19,0
MEMANTINE,CHEMBL807,CC12CC3CC(C)(C1)CC(N)(C3)C2,179.307,2.6941000000000006,1,1,26.02,0,0.6076471131693595,13,0
ECONAZOLE,CHEMBL808,Clc1ccc(COC(Cn2ccnc2)c2ccc(Cl)cc2Cl)cc1,381.69000000000005,5.801400000000003,0,2,27.05,6,0.5391871956552778,24,1
SERTRALINE,CHEMBL809,CN[C@H]1CC[C@@H](c2ccc(Cl)c(Cl)c2)c2ccccc21,306.236,5.179600000000004,1,1,12.03,2,0.8058613927728192,20,1
PIRACETAM,CHEMBL36715,NC(=O)CN1CCCC1=O,142.158,-0.9059000000000004,1,2,63.400000000000006,2,0.5423834786401206,10,0
TEMOZOLOMIDE,CHEMBL810,Cn1nnc2c(C(N)=O)ncn2c1=O,194.154,-2.078099999999999,1,5,108.17000000000002,1,0.5601191738811692,14,0
BROMPHENIRAMINE,CHEMBL811,CN(C)CCC(c1ccc(Br)cc1)c1ccccn1,319.246,3.9277000000000024,0,2,16.130000000000003,5,0.8300542359520316,19,0
PYRIDOSTIGMINE BROMIDE,CHEMBL812,CN(C)C(=O)Oc1ccc[n+](C)c1,181.21499999999997,0.5714999999999999,0,2,33.42,1,0.5934152756520555,13,0
EPROSARTAN,CHEMBL813,CCCCc1ncc(/C=C(\Cc2cccs2)C(=O)O)n1Cc1ccc(C(=O)O)cc1,424.52200000000016,4.744400000000003,2,4,92.42,10,0.458535897261046,30,0
GRANISETRON,CHEMBL289469,CN1C2CCCC1CC(NC(=O)c1nn(C)c3ccccc13)C2,312.4170000000001,2.3183999999999996,1,3,50.160000000000004,2,0.9256729590726124,23,0
FLUVOXAMINE,CHEMBL814,COCCCC/C(=N\OCCN)c1ccc(C(F)(F)F)cc1,318.339,3.201500000000001,1,4,56.84,9,0.432027738820179,22,0
DINOPROST,CHEMBL815,CCCCC[C@H](O)/C=C/[C@@H]1[C@@H](C/C=C\CCCC(=O)O)[C@@H](O)C[C@H]1O,354.487,3.042900000000001,4,4,97.99000000000001,12,0.3189173783556326,25,0
LUMEFANTRINE,CHEMBL38827,CCCCN(CCCC)CC(O)c1cc(Cl)cc2c1-c1ccc(Cl)cc1/C2=C/c1ccc(Cl)cc1,528.9510000000001,9.151699999999998,1,2,23.47,10,0.22168669383907116,35,2
TOLAZAMIDE,CHEMBL817,Cc1ccc(S(=O)(=O)NC(=O)NN2CCCCCC2)cc1,311.4070000000001,1.7739199999999995,2,4,78.50999999999999,3,0.8915880432277354,21,0
IOBENGUANE,CHEMBL818,N=C(N)NCc1cccc(I)c1,275.09299999999996,1.27427,3,1,61.900000000000006,2,0.43224958777888783,12,0
OXACILLIN,CHEMBL819,Cc1onc(-c2ccccc2)c1C(=O)N[C@@H]1C(=O)N2[C@@H]1SC(C)(C)[C@@H]2C(=O)O,401.44400000000013,1.89532,2,6,112.74,4,0.7524509230706136,28,0
NIFURTIMOX,CHEMBL290960,CC1CS(=O)(=O)CCN1/N=C/c1ccc([N+](=O)[O-])o1,287.297,0.6406000000000001,0,7,106.02,3,0.45856823532939023,19,0
BUSULFAN,CHEMBL820,CS(=O)(=O)OCCCCOS(C)(=O)=O,246.30599999999998,-0.2809999999999997,0,6,86.74000000000001,7,0.453312740145793,14,0
TERBINAFINE,CHEMBL822,CN(C/C=C/C#CC(C)(C)C)Cc1cccc2ccccc12,291.438,4.877300000000004,0,1,3.24,4,0.7258618266744273,22,0
ENOXACIN,CHEMBL826,CCn1cc(C(=O)O)c(=O)c2cc(F)c(N3CCNCC3)nc21,320.324,0.6633000000000002,2,5,87.46000000000001,3,0.863919065170168,23,0
DEXMETHYLPHENIDATE,CHEMBL827,COC(=O)[C@H](c1ccccc1)[C@H]1CCCCN1,233.31099999999995,2.0852999999999997,1,3,38.33,3,0.8123400616112664,17,0
METHYLPROMAZINE,CHEMBL829,CC(CN(C)C)CN1c2ccccc2Sc2ccccc21,298.45500000000004,4.487000000000004,0,3,6.48,4,0.8210774052142695,21,0
PRIMAQUINE PHOSPHATE,CHEMBL43128,COc1cc(NC(C)CCCN)c2ncccc2c1,259.35299999999995,2.782700000000001,2,4,60.17,6,0.8371289360458547,19,0
EFLORNITHINE,CHEMBL830,NCCCC(N)(C(=O)O)C(F)F,182.17,-0.22749999999999942,3,3,89.34,5,0.5476125873309401,12,0
LOXAPINE,CHEMBL831,CN1CCN(C2=Nc3ccccc3Oc3ccc(Cl)cc32)CC1,327.8150000000001,3.7714000000000025,0,4,28.07,0,0.736992877851952,23,0
SULFINPYRAZONE,CHEMBL832,O=C1C(CC[S+]([O-])c2ccccc2)C(=O)N(c2ccccc2)N1c1ccccc1,404.4910000000001,3.795500000000003,0,3,63.68,6,0.4637535306291197,29,0
TICLOPIDINE,CHEMBL833,Clc1ccccc1CN1CCc2sccc2C1,263.793,3.959800000000002,0,2,3.24,2,0.7928094140981296,17,0
EDARAVONE,CHEMBL290916,CC1=NN(c2ccccc2)C(=O)C1,174.20299999999995,1.7992,0,2,32.67,1,0.6385441833835214,13,0
PAMIDRONIC ACID,CHEMBL834,NCCC(O)(P(=O)(O)O)P(=O)(O)O,235.069,-1.6633000000000002,6,4,161.30999999999997,4,0.3151248095305007,13,1
RILMENIDINE,CHEMBL289480,C1COC(NC(C2CC2)C2CC2)=N1,180.25099999999998,1.1507999999999994,1,3,33.62,3,0.7065401720135196,13,0
TAMSULOSIN,CHEMBL836,CCOc1ccccc1OCCN[C@H](C)Cc1ccc(OC)c(S(N)(=O)=O)c1,408.5200000000001,2.3409000000000004,2,6,99.88,11,0.55378695740702,28,0
AZTREONAM,CHEMBL158,C[C@H]1[C@H](NC(=O)/C(=N\OC(C)(C)C(=O)O)c2csc(N)n2)C(=O)N1S(=O)(=O)O,435.44000000000017,-1.1724999999999979,4,10,201.57999999999998,7,0.17478822451364606,28,0
CEFTAZIDIME,CHEMBL44354,CC(C)(O/N=C(\C(=O)N[C@@H]1C(=O)N2C(C(=O)[O-])=C(C[n+]3ccccc3)CS[C@H]12)c1csc(N)n1)C(=O)O,546.5870000000002,-1.2991999999999946,3,11,191.22,9,0.14740150966845048,37,2
BENAZEPRIL,CHEMBL838,CCOC(=O)[C@H](CCc1ccccc1)N[C@H]1CCc2ccccc2N(CC(=O)O)C1=O,424.49700000000024,2.5731,2,5,95.94,9,0.6009534602811888,31,0
EZOGABINE,CHEMBL41355,CCOC(=O)Nc1ccc(NCc2ccc(F)cc2)cc1N,303.33700000000005,3.588400000000001,3,4,76.38,5,0.7377751534580852,22,0
BOSUTINIB,CHEMBL288441,COc1cc(Nc2c(C#N)cnc3cc(OCCCN4CCN(C)CC4)c(OC)cc23)c(Cl)cc1Cl,530.4560000000004,5.190380000000005,1,8,82.88,9,0.3788289261994078,36,2
CARTEOLOL,CHEMBL839,CC(C)(C)NCC(O)COc1cccc2c1CCC(=O)N2,292.37899999999996,1.6990999999999998,3,4,70.58999999999999,5,0.7723075202218123,21,0
LOPERAMIDE,CHEMBL841,CN(C)C(=O)C(CCN1CCC(O)(c2ccc(Cl)cc2)CC1)(c1ccccc1)c1ccccc1,477.0480000000002,5.088000000000005,1,3,43.78,7,0.5163157587714763,34,1
CHLOROTHIAZIDE,CHEMBL842,NS(=O)(=O)c1cc2c(cc1Cl)N=CNS2(=O)=O,295.72900000000004,-0.0608999999999999,2,5,118.69,1,0.7539227220961292,17,0
BRIMONIDINE,CHEMBL844,Brc1c(NC2=NCCN2)ccc2nccnc12,292.14000000000004,1.7633999999999999,2,5,62.2,1,0.8405283183567286,17,0
POMALIDOMIDE,CHEMBL43452,Nc1cccc2c1C(=O)N(C1CCC(=O)NC1=O)C2=O,273.248,-0.3299999999999998,2,5,109.57,1,0.5375391722332333,20,0
CALCITRIOL,CHEMBL846,C=C1/C(=C\C=C2/CCC[C@]3(C)[C@@H]([C@H](C)CCCC(C)(C)O)CC[C@@H]23)C[C@@H](O)C[C@@H]1O,416.6460000000002,5.704700000000008,3,3,60.69,6,0.5199919050350968,30,1
OXAMNIQUINE,CHEMBL847,CC(C)NCC1CCc2cc(CO)c([N+](=O)[O-])cc2N1,279.34,1.8117999999999996,3,5,87.42999999999999,5,0.5649653084192341,20,0
LENALIDOMIDE,CHEMBL848,Nc1cccc2c1CN(C1CCC(=O)NC1=O)C2=O,259.265,0.029799999999999882,2,4,92.5,1,0.5494349129687401,19,0
TRICLOSAN,CHEMBL849,Oc1cc(Cl)ccc1Oc1ccc(Cl)cc1Cl,289.54499999999996,5.144700000000002,1,2,29.46,2,0.8286850628089901,17,1
SPARFLOXACIN,CHEMBL850,C[C@@H]1CN(c2c(F)c(N)c3c(=O)c(C(=O)O)cn(C4CC4)c3c2F)C[C@H](C)N1,392.4060000000002,2.0816,3,5,100.59,3,0.6918289177745705,28,0
MELPHALAN,CHEMBL852,N[C@@H](Cc1ccc(N(CCCl)CCCl)cc1)C(=O)O,305.205,1.925,2,3,66.56,8,0.720239222897486,19,0
BENPERIDOL,CHEMBL297302,O=C(CCCN1CCC(n2c(=O)[nH]c3ccccc32)CC1)c1ccc(F)cc1,381.4510000000002,3.7687000000000026,1,3,58.1,6,0.6615100784619949,28,0
ZALCITABINE,CHEMBL853,Nc1ccn([C@H]2CC[C@@H](CO)O2)c(=O)n1,211.22099999999998,-0.5046000000000002,2,5,90.36999999999999,2,0.6875458801290978,15,0
TRIPROLIDINE,CHEMBL855,Cc1ccc(/C(=C\CN2CCCC2)c2ccccn2)cc1,278.399,3.917520000000003,0,2,16.130000000000003,4,0.8424584892829,21,0
MEPHOBARBITAL,CHEMBL45029,CCC1(c2ccccc2)C(=O)NC(=O)N(C)C1=O,246.26599999999993,1.0426,1,3,66.48,2,0.7928342464339935,18,0
BAZEDOXIFENE,CHEMBL46740,Cc1c(-c2ccc(O)cc2)n(Cc2ccc(OCCN3CCCCCC3)cc2)c2ccc(O)cc12,470.6130000000003,6.331020000000006,2,4,57.86,7,0.33131053207224875,35,1
PRIMIDONE,CHEMBL856,CCC1(c2ccccc2)C(=O)NCNC1=O,218.25599999999994,0.5378999999999999,2,2,58.2,2,0.7116448391760646,16,0
BIOTIN,CHEMBL857,O=C(O)CCCC[C@@H]1SC[C@@H]2NC(=O)N[C@@H]21,244.31600000000003,0.7968000000000001,3,3,78.43,5,0.49347811519219625,16,0
MEPHENYTOIN,CHEMBL861,CCC1(c2ccccc2)NC(=O)N(C)C1=O,218.25599999999994,1.4735000000000003,1,2,49.410000000000004,2,0.764131318230403,16,0
GUANFACINE,CHEMBL862,N=C(N)NC(=O)Cc1c(Cl)cccc1Cl,246.097,1.5455700000000003,3,2,78.97,2,0.5462961576523643,15,0
FLUSPIRILENE,CHEMBL46516,O=C1NCN(c2ccccc2)C12CCN(CCCC(c1ccc(F)cc1)c1ccc(F)cc1)CC2,475.58300000000014,5.305400000000005,1,3,35.580000000000005,7,0.5034442668970902,35,1
CINNARIZINE,CHEMBL43064,C(=C\c1ccccc1)/CN1CCN(C(c2ccccc2)c2ccccc2)CC1,368.5240000000001,5.1070000000000055,0,2,6.48,6,0.5966660766331066,28,1
PARECOXIB SODIUM,CHEMBL296913,CCC(=O)NS(=O)(=O)c1ccc(-c2c(-c3ccccc3)noc2C)cc1,370.43000000000006,3.531920000000002,1,5,89.27,5,0.7419803073587753,26,0
ETHAMBUTOL,CHEMBL44884,CC[C@@H](CO)NCCN[C@@H](CC)CO,204.314,-0.292599999999999,4,4,64.52,9,0.3896708755641931,14,0
MYCOPHENOLIC ACID,CHEMBL866,COc1c(C)c2c(c(O)c1C/C=C(\C)CCC(=O)O)C(=O)OC2,320.341,2.73322,2,5,93.06000000000002,6,0.6181996922805278,23,0
ETOPOSIDE,CHEMBL44657,COc1cc([C@@H]2c3cc4c(cc3[C@@H](O[C@@H]3O[C@@H]5CO[C@@H](C)O[C@H]5[C@H](O)[C@H]3O)[C@H]3COC(=O)[C@H]23)OCO4)cc(OC)c1O,588.5620000000004,1.3385999999999993,3,13,160.83,5,0.4298292584463983,42,2
IOPANOIC ACID,CHEMBL867,CCC(Cc1c(I)cc(I)c(N)c1I)C(=O)O,570.9340000000001,3.7359000000000018,2,2,63.32000000000001,4,0.42841731450030507,17,1
OMACETAXINE MEPESUCCINATE,CHEMBL46286,COC(=O)C[C@](O)(CCCC(C)(C)O)C(=O)O[C@@H]1C(OC)=C[C@]23CCCN2CCc2cc4c(cc2[C@H]13)OCO4,545.6290000000004,2.5807,2,10,123.99000000000002,9,0.4476247910169288,39,1
CANTHARIDIN,CHEMBL48449,C[C@@]12C(=O)OC(=O)[C@]1(C)[C@H]1CC[C@@H]2O1,196.20199999999997,0.6436,0,4,52.60000000000001,0,0.42124595946297344,14,0
ALENDRONIC ACID,CHEMBL870,NCCCC(O)(P(=O)(O)O)P(=O)(O)O,249.096,-1.2731999999999999,6,4,161.30999999999997,5,0.32829033524227796,14,1
ETIDRONIC ACID,CHEMBL871,CC(O)(P(=O)(O)O)P(=O)(O)O,206.027,-0.9922000000000002,5,3,135.29000000000002,2,0.36558296000069435,11,0
LEVOKETOCONAZOLE,CHEMBL295698,CC(=O)N1CCN(c2ccc(OC[C@@H]3CO[C@@](Cn4ccnc4)(c4ccc(Cl)cc4Cl)O3)cc2)CC1,531.4399999999999,4.205800000000003,0,6,69.06,7,0.45541449702144693,36,1
TAFENOQUINE,CHEMBL298470,COc1cc(C)c2c(Oc3cccc(C(F)(F)F)c3)c(OC)cc(NC(C)CCCN)c2n1,463.5000000000003,5.910820000000005,2,6,78.63,9,0.4107301234210515,33,1
TRANEXAMIC ACID,CHEMBL877,NC[C@H]1CC[C@H](C(=O)O)CC1,157.21299999999997,0.8361000000000001,2,2,63.32000000000001,2,0.6238523859342106,11,0
METOLAZONE,CHEMBL878,Cc1ccccc1N1C(=O)c2cc(S(N)(=O)=O)c(Cl)cc2NC1C,365.8420000000001,2.714120000000001,2,4,92.5,2,0.8553020577996142,24,0
FAMCICLOVIR,CHEMBL880,CC(=O)OCC(CCn1cnc2cnc(N)nc21)COC(C)=O,321.33700000000016,0.5409999999999998,1,8,122.22,7,0.733115342152729,23,0
EMTRICITABINE,CHEMBL885,Nc1nc(=O)n([C@@H]2CS[C@H](CO)O2)cc1F,247.25099999999998,-0.4550000000000003,2,6,90.37,2,0.7349748054075844,16,0
RASAGILINE,CHEMBL887,C#CCN[C@@H]1CCc2ccccc21,171.243,1.8967,1,1,12.03,2,0.6700261204475028,13,0
GEMCITABINE,CHEMBL888,Nc1ccn([C@@H]2O[C@H](CO)[C@@H](O)C2(F)F)c(=O)n1,263.2,-1.2886,3,6,110.60000000000001,2,0.6120873727300362,18,0
LACTULOSE,CHEMBL296306,OC[C@H]1O[C@@H](O[C@@H]2[C@@H](CO)O[C@](O)(CO)[C@H]2O)[C@H](O)[C@@H](O)[C@H]1O,342.29699999999997,-5.395599999999993,8,11,189.52999999999997,5,0.23789143451934985,23,2
SAFINAMIDE MESYLATE,CHEMBL48582,C[C@H](NCc1ccc(OCc2cccc(F)c2)cc1)C(N)=O,302.34900000000005,2.3681,2,3,64.35,7,0.8250455320199923,22,0
CLOXACILLIN,CHEMBL891,Cc1onc(-c2ccccc2Cl)c1C(=O)N[C@@H]1C(=O)N2[C@@H]1SC(C)(C)[C@@H]2C(=O)O,435.8890000000002,2.5487200000000003,2,6,112.74,4,0.7092649200190689,29,0
BUTORPHANOL TARTRATE,CHEMBL299400,Oc1ccc2c(c1)[C@@]13CCCC[C@@]1(O)[C@@H](C2)N(CC1CCC1)CC3,327.46800000000013,3.3656000000000015,2,3,43.7,2,0.875191488403328,24,0
DICLOXACILLIN,CHEMBL893,Cc1onc(-c2c(Cl)cccc2Cl)c1C(=O)N[C@@H]1C(=O)N2[C@@H]1SC(C)(C)[C@@H]2C(=O)O,470.3340000000002,3.2021200000000007,2,6,112.74,4,0.660289548252613,30,0
BUPROPION,CHEMBL894,CC(NC(C)(C)C)C(=O)c1cccc(Cl)c1,239.746,3.2993000000000023,1,2,29.1,3,0.8204937720146613,16,0
NALBUPHINE,CHEMBL895,Oc1ccc2c3c1O[C@H]1[C@@H](O)CC[C@@]4(O)[C@@H](C2)N(CC2CCC2)CC[C@]314,357.4500000000003,1.7072999999999998,3,5,73.16,2,0.7514859268568042,26,0
DEXTROMETHORPHAN,CHEMBL52440,COc1ccc2c(c1)[C@]13CCCC[C@@H]1[C@H](C2)N(C)CC3,271.404,3.3834000000000026,0,2,12.47,1,0.7761322150181272,20,0
HYDROXYZINE,CHEMBL896,OCCOCCN1CCN(C(c2ccccc2)c2ccc(Cl)cc2)CC1,374.91200000000015,3.055900000000001,1,4,35.940000000000005,8,0.720292463198365,26,0
PROBENECID,CHEMBL897,CCCN(CCC)S(=O)(=O)c1ccc(C(=O)O)cc1,285.36499999999995,2.1955,1,3,74.68,7,0.8330157421148819,19,0
DIFLUNISAL,CHEMBL898,O=C(O)c1cc(-c2ccc(F)cc2F)ccc1O,250.19999999999996,3.035600000000001,2,2,57.53,2,0.860782458230497,18,0
ORPHENADRINE,CHEMBL900,Cc1ccccc1C(OCCN(C)C)c1ccccc1,269.388,3.662620000000003,0,2,12.47,6,0.7932087270574181,20,0
FAMOTIDINE,CHEMBL902,NC(N)=Nc1nc(CSCC/C(N)=N/S(N)(=O)=O)cs1,337.456,-0.7679999999999998,4,6,175.82999999999998,7,0.28661243847385526,20,0
DOXORUBICIN,CHEMBL53463,COc1cccc2c1C(=O)c1c(O)c3c(c(O)c1C2=O)C[C@@](O)(C(=O)CO)C[C@@H]3O[C@H]1C[C@H](N)[C@H](O)[C@H](C)O1,543.5250000000003,0.0012999999999993017,6,12,206.07,5,0.23526258168565614,39,3
DEXMETHYLPHENIDATE HYDROCHLORIDE,CHEMBL904,COC(=O)[C@H](c1ccccc1)[C@H]1CCCCN1,233.31099999999995,2.0852999999999997,1,3,38.33,3,0.8123400616112664,17,0
RIZATRIPTAN,CHEMBL905,CN(C)CCc1c[nH]c2ccc(Cn3cncn3)cc12,269.35200000000003,1.9118000000000002,1,3,49.74,5,0.7695062288280017,20,0
CHLORPROTHIXENE,CHEMBL908,CN(C)CC/C=C1/c2ccccc2Sc2ccc(Cl)cc21,315.869,5.188000000000004,0,2,3.24,3,0.6542213588943052,21,1
ZOLPIDEM,CHEMBL911,Cc1ccc(-c2nc3ccc(C)cn3c2CC(=O)N(C)C)cc1,307.39700000000005,3.2488400000000013,0,2,37.61000000000001,3,0.7446971593088008,23,0
FEXOFENADINE,CHEMBL914,CC(C)(C(=O)O)c1ccc(C(O)CCCN2CCC(C(O)(c3ccccc3)c3ccccc3)CC2)cc1,501.66700000000014,5.510500000000006,3,4,81.0,10,0.3413059210334571,37,2
NEDOCROMIL SODIUM,CHEMBL915,CCCc1c2oc(C(=O)O)cc(=O)c2cc2c(=O)cc(C(=O)O)n(CC)c12,371.34500000000014,2.476700000000001,2,5,126.80999999999997,5,0.6596073160141976,27,0
TIROFIBAN,CHEMBL916,CCCCS(=O)(=O)N[C@@H](Cc1ccc(OCCCCC2CCNCC2)cc1)C(=O)O,440.6060000000003,2.9505,3,5,104.73,14,0.3843022048921749,30,0
FLOXURIDINE,CHEMBL917,O=c1[nH]c(=O)n([C@H]2C[C@H](O)[C@@H](CO)O2)cc1F,246.194,-1.6836,3,5,104.55000000000001,2,0.5776171321259124,17,0
PHENACEMIDE,CHEMBL918,NC(=O)NC(=O)Cc1ccccc1,178.191,0.42399999999999954,2,2,72.19,2,0.6885995439708613,13,0
FOSPHENYTOIN SODIUM,CHEMBL919,O=C1NC(c2ccccc2)(c2ccccc2)C(=O)N1COP(=O)(O)O,362.2780000000001,1.5488,3,4,116.17000000000002,5,0.5489342308438095,25,0
ADEFOVIR DIPIVOXIL,CHEMBL922,CC(C)(C)C(=O)OCOP(=O)(COCCn1cnc2c(N)ncnc21)OCOC(=O)C(C)(C)C,501.47700000000026,2.7025000000000006,1,12,166.97999999999996,11,0.2071524581096599,34,2
CEFTRIAXONE,CHEMBL161,CO/N=C(\C(=O)N[C@@H]1C(=O)N2C(C(=O)O)=C(CSc3nc(=O)c(O)nn3C)CS[C@H]12)c1csc(N)n1,554.592,-1.198999999999999,4,14,215.22000000000003,8,0.13068027340154376,36,2
RISEDRONIC ACID,CHEMBL923,O=P(O)(O)C(O)(Cc1cccnc1)P(=O)(O)O,283.113,-0.3744000000000002,5,4,148.18,4,0.4696303686981007,17,0
ZOLEDRONIC ACID ANHYDROUS,CHEMBL924,O=P(O)(O)C(O)(Cn1ccnc1)P(=O)(O)O,272.09,-1.1154000000000002,5,4,153.10999999999999,4,0.4319639935251941,16,0
TYROSINE,CHEMBL925,N[C@@H](Cc1ccc(O)cc1)C(=O)O,181.19099999999997,0.3466,3,3,83.55,3,0.6277204469356521,13,0
DOBUTAMINE,CHEMBL926,CC(CCc1ccc(O)cc1)NCCc1ccc(O)c(O)c1,301.386,2.956800000000002,4,4,72.72,7,0.593334886982252,22,0
LEVACETYLLEUCINE,CHEMBL56021,CC(=O)N[C@@H](CC(C)C)C(=O)O,173.21199999999996,0.6218000000000001,2,2,66.4,4,0.6545994633391511,12,0
CEFDINIR,CHEMBL927,C=CC1=C(C(=O)O)N2C(=O)[C@@H](NC(=O)/C(=N\O)c3csc(N)n3)[C@H]2SC1,395.4220000000001,-0.17179999999999884,4,9,158.21000000000004,5,0.23141750586057275,26,0
DANTROLENE SODIUM,CHEMBL928,O=C1CN(/N=C/c2ccc(-c3ccc([N+](=O)[O-])cc3)o2)C(=O)N1,314.257,1.7404999999999997,1,6,118.05000000000001,4,0.3989019993697669,23,0
LONAFARNIB,CHEMBL298734,NC(=O)N1CCC(CC(=O)N2CCC([C@H]3c4ncc(Br)cc4CCc4cc(Cl)cc(Br)c43)CC2)CC1,638.8319999999999,5.909900000000006,1,3,79.53,3,0.45430057299885523,36,2
DELAVIRDINE MESYLATE,CHEMBL929,CC(C)Nc1cccnc1N1CCN(C(=O)c2cc3cc(NS(C)(=O)=O)ccc3[nH]2)CC1,456.5720000000002,2.7171000000000003,3,6,110.43,6,0.5260863337385334,32,0
GLUTAMINE,CHEMBL930,NC(=O)CC[C@H](N)C(=O)O,146.14600000000002,-1.3361999999999998,3,3,106.41000000000001,4,0.4560917735982506,10,0
DIPYRIDAMOLE,CHEMBL932,OCCN(CCO)c1nc(N2CCCCC2)c2nc(N(CCO)CCO)nc(N3CCCCC3)c2n1,504.6360000000004,-0.017599999999997396,4,12,145.44,12,0.3081454686289042,36,2
METYRAPONE,CHEMBL934,CC(C)(C(=O)c1cccnc1)c1cccnc1,226.279,2.637100000000001,0,3,42.85,3,0.755476256361758,17,0
DIPHENIDOL,CHEMBL936,OC(CCCN1CCCCC1)(c1ccccc1)c1ccccc1,309.45300000000003,4.188600000000004,1,2,23.47,6,0.8646915663127632,23,0
DIETHYLCARBAMAZINE CITRATE,CHEMBL937,CCN(CC)C(=O)N1CCN(C)CC1,199.29799999999994,0.6956,0,2,26.790000000000006,2,0.6541651065181895,14,0
GEFITINIB,CHEMBL939,COc1cc2ncnc(Nc3ccc(F)c(Cl)c3)c2cc1OCCCN1CCOCC1,446.9100000000004,4.275600000000003,1,7,68.74000000000001,8,0.517854527865434,31,0
GABAPENTIN,CHEMBL940,NCC1(CC(=O)O)CCCCC1,171.23999999999992,1.3702999999999994,2,2,63.32000000000001,3,0.6737273296978754,12,0
LACOSAMIDE,CHEMBL58323,COC[C@@H](NC(C)=O)C(=O)NCc1ccccc1,250.298,0.4539000000000007,2,3,67.42999999999999,6,0.7701920576724235,18,0
IMATINIB,CHEMBL941,Cc1ccc(NC(=O)c2ccc(CN3CCN(C)CC3)cc2)cc1Nc1nccc(-c2cccnc2)n1,493.6150000000002,4.590320000000004,2,7,86.28000000000002,7,0.38941616262964607,37,0
TROPISETRON,CHEMBL56564,CN1[C@@H]2CC[C@H]1C[C@@H](OC(=O)c1c[nH]c3ccccc13)C2,284.3590000000001,2.9499000000000013,1,3,45.33,2,0.8623995997288066,21,0
PRAMIPEXOLE,CHEMBL301265,CCCN[C@H]1CCc2nc(N)sc2C1,211.33399999999997,1.5822,2,4,50.94,3,0.7978726845629878,14,0
BISACODYL,CHEMBL942,CC(=O)Oc1ccc(C(c2ccc(OC(C)=O)cc2)c2ccccn2)cc1,361.39700000000005,4.112400000000003,0,5,65.49000000000001,5,0.5053017377899989,27,0
EPALRESTAT,CHEMBL56337,CC(/C=C1\SC(=S)N(CC(=O)O)C1=O)=C\c1ccccc1,319.407,2.918700000000001,1,4,57.61000000000001,4,0.6829097001636526,21,0
CHLOROPROCAINE HYDROCHLORIDE,CHEMBL944,CCN(CC)CCOC(=O)c1ccc(N)cc1Cl,270.76,2.4208,1,4,55.56,6,0.6371230261185129,18,0
AMILORIDE,CHEMBL945,N=C(N)NC(=O)c1nc(Cl)c(N)nc1N,229.63099999999997,-1.0823299999999998,5,6,156.79,1,0.3043612043102547,15,0
AZATADINE,CHEMBL946,CN1CCC(=C2c3ccccc3CCc3cccnc32)CC1,290.4100000000001,3.7077000000000027,0,2,16.130000000000003,0,0.7351080643084177,22,0
CHLOROQUINE PHOSPHATE,CHEMBL58510,CCN(CC)CCCC(C)Nc1ccnc2cc(Cl)ccc12,319.88000000000005,4.810600000000004,1,3,28.16,8,0.7564117572128701,22,0
IOPHENDYLATE,CHEMBL951,CCOC(=O)CCCCCCCCC(C)c1ccc(I)cc1,416.34299999999996,6.078600000000006,0,2,26.3,11,0.24835980854388554,22,1
CAPSAICIN,CHEMBL294199,COc1cc(CNC(=O)CCCC/C=C/C(C)C)ccc1O,305.418,3.789600000000003,2,3,58.56,9,0.5388605597174689,22,0
ENTACAPONE,CHEMBL953,CCN(CC)C(=O)/C(C#N)=C/c1cc(O)c(O)c([N+](=O)[O-])c1,305.29,1.7813800000000002,2,6,127.70000000000002,5,0.28041853664893823,22,0
CYCLOTHIAZIDE,CHEMBL61593,NS(=O)(=O)c1cc2c(cc1Cl)NC(C1CC3C=CC1C3)NS2(=O)=O,389.8860000000001,1.2295000000000003,3,5,118.35999999999999,2,0.6571692284800612,24,0
BOSENTAN,CHEMBL957,COc1ccccc1Oc1c(NS(=O)(=O)c2ccc(C(C)(C)C)cc2)nc(-c2ncccn2)nc1OCCO,551.6250000000002,4.203900000000004,2,10,145.65,10,0.29391506545829377,39,1
RIMANTADINE,CHEMBL959,CC(N)C12CC3CC(CC(C3)C1)C2,179.30699999999996,2.5500000000000007,1,1,26.02,1,0.657471607480536,13,0
LEFLUNOMIDE,CHEMBL960,Cc1oncc1C(=O)Nc1ccc(C(F)(F)F)cc1,270.21,3.2541200000000012,1,3,55.13,2,0.9108229912132475,19,0
EPOPROSTENOL SODIUM,CHEMBL962,CCCCC[C@H](O)/C=C/[C@@H]1[C@H]2C/C(=C/CCCC(=O)O)O[C@H]2C[C@H]1O,352.471,3.4085000000000023,3,4,86.99000000000001,10,0.41421085445954503,25,0
OXYMORPHONE,CHEMBL963,CN1CC[C@]23c4c5ccc(O)c4O[C@H]2C(=O)CC[C@@]3(O)[C@H]1C5,301.342,0.7451999999999999,2,5,70.0,0,0.7396980124727146,22,0
DISULFIRAM,CHEMBL964,CCN(CC)C(=S)SSC(=S)N(CC)CC,296.5520000000001,3.6212000000000026,0,4,6.48,4,0.5731348904238733,16,0
CARBAMOYLCHOLINE,CHEMBL965,C[N+](C)(C)CCOC(N)=O,147.19799999999998,-0.2121000000000003,1,2,52.32,3,0.5613640399929508,10,0
TEMAZEPAM,CHEMBL967,CN1C(=O)C(O)N=C(c2ccccc2)c2cc(Cl)ccc21,300.74500000000006,2.4722,1,3,52.900000000000006,1,0.879421465403288,21,0
FLURAZEPAM,CHEMBL968,CCN(CC)CCN1C(=O)CN=C(c2ccccc2F)c2cc(Cl)ccc21,387.88600000000014,4.004900000000003,0,3,35.91,6,0.7505075074463576,27,0
PRAZEPAM,CHEMBL969,O=C1CN=C(c2ccccc2)c2cc(Cl)ccc2N1CC1CC1,324.8110000000001,3.934000000000003,0,2,32.67,3,0.8415175711014194,23,0
HALAZEPAM,CHEMBL970,O=C1CN=C(c2ccccc2)c2cc(Cl)ccc2N1CC(F)(F)F,352.743,4.086300000000002,0,2,32.67,2,0.8010325134858473,24,0
SELEGILINE,CHEMBL972,C#CCN(C)[C@H](C)Cc1ccccc1,187.286,2.1826,0,1,3.24,4,0.6530251998867979,14,0
TERIFLUNOMIDE,CHEMBL973,C/C(O)=C(\C#N)C(=O)Nc1ccc(C(F)(F)F)cc1,270.21,2.99948,2,3,73.11999999999999,2,0.49260333864428985,19,0
PRAZIQUANTEL,CHEMBL976,O=C(C1CCCCC1)N1CC(=O)N2CCc3ccccc3C2C1,312.41300000000007,2.5349000000000004,0,2,40.620000000000005,1,0.7993674496203519,23,0
HYDROCORTISONE HEMISUCCINATE ANHYDROUS,CHEMBL977,C[C@]12CCC(=O)C=C1CC[C@@H]1[C@@H]2[C@@H](O)C[C@@]2(C)[C@H]1CC[C@]2(O)C(=O)COC(=O)CCC(=O)O,462.5390000000004,2.1973,3,7,138.2,6,0.5108373230056191,33,0
METHACHOLINE,CHEMBL978,CC(=O)OC(C)C[N+](C)(C)C,160.237,0.6441999999999999,0,2,26.3,3,0.4472483918669033,11,0
GUAIFENESIN,CHEMBL980,COc1ccccc1OCC(O)CO,198.21799999999996,0.4272000000000001,2,4,58.92,5,0.7198499687675642,14,0
FENOFIBRIC ACID,CHEMBL981,CC(C)(Oc1ccc(C(=O)c2ccc(Cl)cc2)cc1)C(=O)O,318.75600000000003,3.8130000000000033,1,3,63.60000000000001,5,0.8513366731464941,22,0
NALMEFENE,CHEMBL982,C=C1CC[C@@]2(O)[C@H]3Cc4ccc(O)c5c4[C@@]2(CCN3CC2CC2)[C@H]1O5,339.4350000000001,2.512500000000001,2,4,52.93000000000001,2,0.813193738638947,25,0
SUCCINYLCHOLINE CHLORIDE,CHEMBL983,C[N+](C)(C)CCOC(=O)CCC(=O)OCC[N+](C)(C)C,290.404,0.2654000000000025,0,4,52.60000000000001,9,0.4515871613452488,20,0
TIPIRACIL HYDROCHLORIDE,CHEMBL65375,N=C1CCCN1Cc1[nH]c(=O)[nH]c(=O)c1Cl,242.666,0.28967,3,3,92.81,2,0.6959433277746746,16,0
CRINECERFONT,CHEMBL291657,C#CCN(c1nc(-c2cc(C)c(OC)cc2Cl)c(C)s1)[C@@H](CC1CC1)c1ccc(C)c(F)c1,483.05200000000025,7.517460000000006,0,4,25.360000000000003,8,0.3103133205020962,33,1
RETINOL,CHEMBL986,CC1=C(/C=C/C(C)=C/C=C/C(C)=C/CO)C(C)(C)CCC1,286.45900000000006,5.510300000000006,1,1,20.23,5,0.6605933879271789,21,1
CEFPIROME,CHEMBL65794,CO/N=C(\C(=O)N[C@@H]1C(=O)N2C(C(=O)[O-])=C(C[n+]3cccc4c3CCC4)CS[C@H]12)c1csc(N)n1,514.5890000000003,-1.0438999999999956,2,10,153.92000000000002,7,0.20550364550788564,35,1
FLUOCINOLONE ACETONIDE,CHEMBL989,CC1(C)O[C@@H]2C[C@H]3[C@@H]4C[C@H](F)C5=CC(=O)C=C[C@]5(C)[C@@]4(F)[C@@H](O)C[C@]3(C)[C@]2(C(=O)CO)O1,452.49400000000026,2.366800000000001,2,6,93.06,2,0.6684104451867194,32,0
BUTENAFINE,CHEMBL990,CN(Cc1ccc(C(C)(C)C)cc1)Cc1cccc2ccccc12,317.476,5.769300000000006,0,1,3.24,4,0.5902547919222657,24,1
ACEFYLLINE,CHEMBL70246,Cn1c(=O)c2c(ncn2CC(=O)O)n(C)c1=O,238.20299999999997,-1.4816999999999998,1,4,99.12,2,0.6873471058074696,17,0
STAVUDINE,CHEMBL991,Cc1cn([C@H]2C=C[C@@H](CO)O2)c(=O)[nH]c1=O,224.21599999999998,-0.7090799999999999,2,4,84.32,2,0.6498890462135971,16,0
LOSARTAN POTASSIUM,CHEMBL995,CCCCc1nc(Cl)c(CO)n1Cc1ccc(-c2ccccc2-c2nnn[nH]2)cc1,422.9200000000001,4.2668000000000035,2,5,92.50999999999999,8,0.44208017823980256,30,0
CEFOXITIN,CHEMBL996,CO[C@@]1(NC(=O)Cc2cccs2)C(=O)N2C(C(=O)O)=C(COC(N)=O)CS[C@@H]21,427.4600000000002,0.09859999999999991,3,8,148.26000000000002,7,0.4097813290259421,28,0
IBANDRONIC ACID,CHEMBL997,CCCCCN(C)CCC(O)(P(=O)(O)O)P(=O)(O)O,319.23100000000005,0.4999999999999996,5,4,138.53,9,0.30575681014458816,19,0
LORATADINE,CHEMBL998,CCOC(=O)N1CCC(=C2c3ccc(Cl)cc3CCc3cccnc32)CC1,382.89100000000025,4.887800000000005,0,3,42.43,1,0.7048857984659846,27,0
VINPOCETINE,CHEMBL71752,CCOC(=O)C1=C[C@]2(CC)CCCN3CCc4c(n1c1ccccc41)[C@@H]32,350.462,4.148300000000003,0,3,34.47,3,0.7801598920383878,26,0
EBASTINE,CHEMBL305660,CC(C)(C)c1ccc(C(=O)CCCN2CCC(OC(c3ccccc3)c3ccccc3)CC2)cc1,469.6690000000001,7.217600000000008,0,3,29.540000000000003,9,0.30994100504194527,35,1
CETIRIZINE,CHEMBL1000,O=C(O)COCCN1CCN(C(c2ccccc2)c2ccc(Cl)cc2)CC1,388.8950000000002,3.148200000000002,1,4,53.010000000000005,8,0.7038936958101741,27,0
CLOBAZAM,CHEMBL70418,CN1C(=O)CC(=O)N(c2ccccc2)c2cc(Cl)ccc21,300.74500000000006,3.3712000000000018,0,2,40.620000000000005,1,0.7576569223589451,21,0
LEVOSALBUTAMOL,CHEMBL1002,CC(C)(C)NC[C@H](O)c1ccc(O)c(CO)c1,239.315,1.3059999999999998,4,4,72.72,4,0.6389509580864461,17,0
CLAVULANATE POTASSIUM,CHEMBL1003,O=C(O)[C@H]1/C(=C/CO)O[C@@H]2CC(=O)N21,199.16199999999998,-1.0956,2,4,87.07000000000001,2,0.5513115228370621,14,0
DOXYLAMINE,CHEMBL1004,CN(C)CCOC(C)(c1ccccc1)c1ccccn1,270.37600000000003,2.923300000000001,0,3,25.36,6,0.8067475103694609,20,0
SERATRODAST,CHEMBL70972,CC1=C(C)C(=O)C(C(CCCCCC(=O)O)c2ccccc2)=C(C)C1=O,354.446,4.610000000000003,1,3,71.44,8,0.546478032086406,26,0
REMIFENTANIL,CHEMBL1005,CCC(=O)N(c1ccccc1)C1(C(=O)OC)CCN(CCC(=O)OC)CC1,376.4530000000002,2.0002999999999997,0,6,76.15,7,0.677733039239407,27,0
DEFERIPRONE,CHEMBL70927,Cc1c(O)c(=O)ccn1C,139.154,0.39931999999999984,1,2,42.23,0,0.5649178764789872,10,0
AMIFOSTINE,CHEMBL1006,NCCCNCCSP(=O)(O)O,214.22699999999998,-0.2492999999999997,4,4,95.58,7,0.3446247204426618,12,0
BEPRIDIL,CHEMBL1008,CC(C)COCC(CN(Cc1ccccc1)c1ccccc1)N1CCCC1,366.5490000000002,4.830200000000005,0,3,15.71,10,0.5988605961954666,27,0
LEVODOPA,CHEMBL1009,N[C@@H](Cc1ccc(O)c(O)c1)C(=O)O,197.18999999999997,0.052200000000000135,4,4,103.78000000000002,3,0.5125069246930146,14,0
CEFOTAXIME SODIUM,CHEMBL1010,CO/N=C(\C(=O)N[C@@H]1C(=O)N2C(C(=O)O)=C(COC(C)=O)CS[C@H]12)c1csc(N)n1,455.47400000000016,-0.6224999999999987,3,11,173.51,7,0.2079442341493163,30,1
ETRAVIRINE,CHEMBL308954,Cc1cc(C#N)cc(C)c1Oc1nc(Nc2ccc(C#N)cc2)nc(N)c1Br,435.2850000000001,4.717400000000002,2,7,120.63999999999999,4,0.6084537970432329,28,0
VILOXAZINE,CHEMBL306700,CCOc1ccccc1OCC1CNCCO1,237.29899999999992,1.4525,1,4,39.72,5,0.8411561496817552,17,0
LORACARBEF ANHYDROUS,CHEMBL1013,N[C@@H](C(=O)N[C@@H]1C(=O)N2C(C(=O)O)=C(Cl)CC[C@H]12)c1ccccc1,349.77400000000006,0.7108000000000003,3,4,112.73,4,0.6928658548844621,24,0
MOXALACTAM,CHEMBL74632,CO[C@@]1(NC(=O)C(C(=O)O)c2ccc(O)cc2)C(=O)N2C(C(=O)O)=C(CSc3nnnn3C)CO[C@@H]21,520.4800000000004,-1.127699999999999,4,11,206.29999999999998,9,0.13379526381178464,36,2
XYLOMETAZOLINE,CHEMBL312448,Cc1cc(C(C)(C)C)cc(C)c1CC1=NCCN1,244.38199999999995,3.1451400000000014,1,2,24.39,2,0.8488884472652752,18,0
CANDESARTAN CILEXETIL,CHEMBL1014,CCOc1nc2cccc(C(=O)OC(C)OC(=O)OC3CCCCC3)c2n1Cc1ccc(-c2ccccc2-c2nn[nH]n2)cc1,610.6710000000002,6.319100000000007,1,10,143.33999999999997,10,0.14091024962797447,45,2
TELMISARTAN,CHEMBL1017,CCCc1nc2c(C)cc(-c3nc4ccccc4n3C)cc2n1Cc1ccc(-c2ccccc2C(=O)O)cc1,514.6290000000004,7.2644200000000065,1,3,72.94,7,0.243238592025165,39,2
DEXKETOPROFEN,CHEMBL75435,C[C@H](C(=O)O)c1cccc(C(=O)c2ccccc2)c1,254.285,3.1057000000000015,1,2,54.37,4,0.8528036890699656,19,0
TOLMETIN,CHEMBL1020,Cc1ccc(C(=O)c2ccc(CC(=O)O)n2C)cc1,257.289,2.1916200000000003,1,2,59.300000000000004,4,0.8540302270880286,19,0
NEPAFENAC,CHEMBL1021,NC(=O)Cc1cccc(C(=O)c2ccccc2)c1N,254.289,1.5276,2,3,86.18,4,0.6404218695353087,19,0
BEXAROTENE,CHEMBL1023,C=C(c1ccc(C(=O)O)cc1)c1cc2c(cc1C)C(C)(C)CCC2(C)C,348.48600000000016,6.103720000000005,1,1,37.3,3,0.7270145310201616,26,1
IFOSFAMIDE,CHEMBL1024,O=P1(NCCCl)OCCCN1CCCl,261.08899999999994,1.884,1,2,41.57,5,0.605720669080109,14,0
ISOFLUROPHATE,CHEMBL1025,CC(C)OP(=O)(F)OC(C)C,184.147,2.9140000000000015,0,3,35.53,4,0.6298693189390489,11,0
ARTENIMOL,CHEMBL307261,C[C@H]1[C@@H](O)O[C@@H]2O[C@@]3(C)CC[C@H]4[C@H](C)CC[C@@H]1[C@@]24OO3,284.352,2.1867,1,5,57.150000000000006,0,0.6909963971993888,20,0
FENOLDOPAM MESYLATE,CHEMBL1026,Oc1ccc(C2CNCCc3c2cc(O)c(O)c3Cl)cc1,305.76099999999997,2.734400000000001,4,4,72.72,1,0.6113669325066001,21,0
TIAGABINE,CHEMBL1027,Cc1ccsc1C(=CCCN1CCC[C@@H](C(=O)O)C1)c1sccc1C,375.5590000000001,5.044840000000004,1,4,40.540000000000006,6,0.7683688060325686,25,1
ISTRADEFYLLINE,CHEMBL431770,CCn1c(=O)c2c(nc(/C=C/c3ccc(OC)c(OC)c3)n2C)n(CC)c1=O,384.4360000000002,2.1241000000000003,0,5,80.28,6,0.6503791123748318,28,0
MIGLUSTAT,CHEMBL1029,CCCCN1C[C@H](O)[C@@H](O)[C@H](O)[C@H]1CO,219.28099999999998,-1.4542999999999995,4,5,84.16000000000001,4,0.4645740538240355,15,0
DICLOFENAC SODIUM,CHEMBL1034,O=C(O)Cc1ccccc1Nc1c(Cl)cccc1Cl,296.153,4.364100000000001,2,2,49.33,4,0.8807285394160607,19,0
GUANADREL,CHEMBL1037,N=C(N)NCC1COC2(CCCCC2)O1,213.28099999999992,0.5452699999999997,3,3,80.36000000000001,2,0.46190306091295014,15,0
CALCIFEDIOL ANHYDROUS,CHEMBL1040,C=C1CC[C@H](O)C/C1=C/C=C1\CCC[C@]2(C)[C@@H]([C@H](C)CCCC(C)(C)O)CC[C@@H]12,400.6470000000002,6.733900000000008,2,2,40.46,6,0.5184686039927527,29,1
CHOLECALCIFEROL,CHEMBL1042,C=C1CC[C@H](O)C/C1=C/C=C1\CCC[C@]2(C)[C@@H]([C@H](C)CCCC(C)C)CC[C@@H]12,384.6480000000002,7.619000000000008,1,1,20.23,6,0.49910402699484807,28,1
DAPSONE,CHEMBL1043,Nc1ccc(S(=O)(=O)c2ccc(N)cc2)cc1,248.30700000000002,1.6838000000000002,2,4,86.18,2,0.7916266736810947,17,0
MOZAVAPTAN,CHEMBL420762,Cc1ccccc1C(=O)Nc1ccc(C(=O)N2CCCC(N(C)C)c3ccccc32)cc1,427.5480000000001,5.290620000000005,1,3,52.650000000000006,4,0.6154590476014534,32,1
LATANOPROST,CHEMBL1051,CC(C)OC(=O)CCC/C=C\C[C@@H]1[C@@H](CC[C@@H](O)CCc2ccccc2)[C@H](O)C[C@@H]1O,432.60100000000017,4.186400000000005,3,5,86.99000000000001,13,0.2471860765188796,31,0
TRICHLORMETHIAZIDE,CHEMBL1054,NS(=O)(=O)c1cc2c(cc1Cl)NC(C(Cl)Cl)NS2(=O)=O,380.66200000000003,0.8210000000000004,3,5,118.35999999999999,2,0.6564465021990212,20,0
CHLORTHALIDONE,CHEMBL1055,NS(=O)(=O)c1cc(C2(O)NC(=O)c3ccccc32)ccc1Cl,338.77200000000005,0.9242000000000001,3,4,109.49000000000001,2,0.7560395435859316,22,0
FLUORESCEIN,CHEMBL1057,O=C1OC2(c3ccc(O)cc3Oc3cc(O)ccc32)c2ccccc21,332.31100000000004,3.6658000000000017,2,5,75.99000000000001,0,0.6144482281821225,25,0
PREGABALIN,CHEMBL1059,CC(C)C[C@H](CN)CC(=O)O,159.229,1.0821,2,2,63.32000000000001,5,0.6306196110552211,11,0
SIMVASTATIN,CHEMBL1064,CCC(C)(C)C(=O)O[C@H]1C[C@@H](C)C=C2C=C[C@H](C)[C@H](CC[C@@H]3C[C@@H](O)CC(=O)O3)[C@H]21,418.57400000000024,4.585600000000005,1,5,72.83,6,0.6390622750209786,30,0
RITODRINE,CHEMBL83063,CC(NCCc1ccc(O)cc1)C(O)c1ccc(O)cc1,287.35900000000004,2.3520000000000003,4,4,72.72,6,0.6579030127323875,21,0
METHYSERGIDE,CHEMBL1065,CC[C@@H](CO)NC(=O)[C@@H]1C=C2c3cccc4c3c(cn4C)C[C@H]2N(C)C1,353.4660000000001,1.9351,2,3,57.5,4,0.8831423888921255,26,0
OXCARBAZEPINE,CHEMBL1068,NC(=O)N1c2ccccc2CC(=O)c2ccccc21,252.27299999999997,2.6422000000000008,1,2,63.400000000000006,0,0.7829578147216556,19,0
VALSARTAN,CHEMBL1069,CCCCC(=O)N(Cc1ccc(-c2ccccc2-c2nnn[nH]2)cc1)[C@H](C(=O)O)C(C)C,435.52800000000013,4.161700000000002,2,5,112.07000000000001,10,0.49443162692459075,32,0
MOCLOBEMIDE,CHEMBL86304,O=C(NCCN1CCOCC1)c1ccc(Cl)cc1,268.74399999999997,1.4020000000000006,1,3,41.57000000000001,4,0.8976306233197457,18,0
NABUMETONE,CHEMBL1070,COc1ccc2cc(CCC(C)=O)ccc2c1,228.29099999999997,3.370000000000002,0,2,26.3,4,0.8015823313615688,17,0
OXAPROZIN,CHEMBL1071,O=C(O)CCc1nc(-c2ccccc2)c(-c2ccccc2)o1,293.32200000000006,4.025800000000003,1,3,63.33,5,0.7711850955719793,22,0
MEPTAZINOL,CHEMBL314437,CCC1(c2cccc(O)c2)CCCCN(C)C1,233.3549999999999,3.1557000000000013,1,2,23.47,2,0.8478904413597521,17,0
PROCYCLIDINE,CHEMBL86715,OC(CCN1CCCC1)(c1ccccc1)C1CCCCC1,287.4470000000001,3.940400000000003,1,2,23.47,5,0.8863958351409401,21,0
BUMETANIDE,CHEMBL1072,CCCCNc1cc(C(=O)O)cc(S(N)(=O)=O)c1Oc1ccccc1,364.42300000000006,3.036500000000001,3,5,118.71999999999998,8,0.6195581690411603,25,0
GLIPIZIDE,CHEMBL1073,Cc1cnc(C(=O)NCCc2ccc(S(=O)(=O)NC(=O)NC3CCCCC3)cc2)cn1,445.54500000000024,2.0781199999999993,3,6,130.14999999999998,7,0.5981616815314104,31,0
LOFEPRAMINE,CHEMBL87708,CN(CCCN1c2ccccc2CCc2ccccc21)CC(=O)c1ccc(Cl)cc1,418.9680000000002,5.7815000000000065,0,3,23.55,7,0.45406396462781595,30,1
ESLICARBAZEPINE,CHEMBL315985,NC(=O)N1c2ccccc2C[C@H](O)c2ccccc21,254.289,2.4929000000000006,2,2,66.56,0,0.7581194848865717,19,0
MORICIZINE,CHEMBL1075,CCOC(=O)Nc1ccc2c(c1)N(C(=O)CCN1CCOCC1)c1ccccc1S2,427.52600000000024,4.106600000000004,1,6,71.11,5,0.7745106536439257,30,0
ESLICARBAZEPINE ACETATE,CHEMBL87992,CC(=O)O[C@H]1Cc2ccccc2N(C(N)=O)c2ccccc21,296.326,3.0637000000000008,1,3,72.63,1,0.8219137462216773,22,0
TIZANIDINE,CHEMBL1079,Clc1ccc2nsnc2c1NC1=NCCN1,253.718,1.7157999999999993,2,6,62.2,1,0.8124044266873097,16,0
AMOXICILLIN,CHEMBL1082,CC1(C)S[C@@H]2[C@H](NC(=O)[C@H](N)c3ccc(O)cc3)C(=O)N2[C@H]1C(=O)O,365.4110000000001,0.023700000000000443,4,6,132.96,4,0.5530315284690744,25,0
MASOPROCOL,CHEMBL313972,C[C@H](Cc1ccc(O)c(O)c1)[C@@H](C)Cc1ccc(O)c(O)c1,302.37,3.5664000000000033,4,4,80.92,5,0.636536149264244,22,0
FINGOLIMOD,CHEMBL314854,CCCCCCCCc1ccc(CCC(N)(CO)CO)cc1,307.478,3.204300000000001,3,3,66.48,12,0.5194936783733953,22,0
RUPATADINE,CHEMBL91397,Cc1cncc(CN2CCC(=C3c4ccc(Cl)cc4CCc4cccnc43)CC2)c1,415.96800000000025,5.6349200000000055,0,3,29.020000000000003,2,0.5423100667192595,30,1
ACETOPHENAZINE,CHEMBL1085,CC(=O)c1ccc2c(c1)N(CCCN1CCN(CCO)CC1)c1ccccc1S2,411.5710000000001,3.491900000000002,1,6,47.02000000000001,7,0.7040504664729514,29,0
DIBUCAINE,CHEMBL1086,CCCCOc1cc(C(=O)NCCN(CC)CC)c2ccccc2n1,343.471,3.4853000000000023,1,4,54.46,10,0.6711145343894273,25,0
MEPIVACAINE,CHEMBL1087,Cc1cccc(C)c1NC(=O)C1CCCCN1C,246.35399999999996,2.7262400000000007,1,2,32.34,2,0.8699043213708457,18,0
MESORIDAZINE,CHEMBL1088,CN1CCCCC1CCN1c2ccccc2Sc2ccc([S+](C)[O-])cc21,386.5860000000001,4.901100000000005,0,4,29.54,4,0.6990736026363058,26,0
PHENELZINE,CHEMBL1089,NNCCc1ccccc1,136.19799999999998,0.6923999999999992,2,2,38.05,3,0.4737324261638871,10,0
VIDARABINE,CHEMBL1090,Nc1ncnc2c1ncn2[C@@H]1O[C@H](CO)[C@@H](O)[C@@H]1O,267.245,-1.9800000000000006,4,8,139.54000000000002,2,0.49051986767922323,19,0
HYDROCORTISONE ACETATE,CHEMBL1091,CC(=O)OCC(=O)[C@@]1(O)CC[C@H]2[C@@H]3CCC4=CC(=O)CC[C@]4(C)[C@H]3[C@@H](O)C[C@@]21C,404.5030000000002,2.3524000000000003,2,6,100.90000000000002,3,0.7005234282178955,29,0
TRIHEXYPHENIDYL HYDROCHLORIDE,CHEMBL1092,OC(CCN1CCCCC1)(c1ccccc1)C1CCCCC1,301.47400000000016,4.330500000000004,1,2,23.47,5,0.8747104302685795,22,0
ARTICAINE,CHEMBL1093,CCCNC(C)C(=O)Nc1c(C)csc1C(=O)OC,284.38100000000003,2.16972,2,5,67.43,6,0.7856511740400417,19,0
FELBAMATE,CHEMBL1094,NC(=O)OCC(COC(N)=O)c1ccccc1,238.24300000000002,0.9607999999999993,2,4,104.64000000000001,5,0.796471019540729,17,0
ETHOTOIN,CHEMBL1095,CCN1C(=O)NC(c2ccccc2)C1=O,204.22899999999998,1.2993999999999999,1,2,49.410000000000004,2,0.7380128478007799,15,0
AMLEXANOX,CHEMBL1096,CC(C)c1ccc2oc3nc(N)c(C(=O)O)cc3c(=O)c2c1,298.298,2.745,2,5,106.42000000000002,2,0.7044218634482015,22,0
IPRONIAZID,CHEMBL92401,CC(C)NNC(=O)c1ccncc1,179.223,0.7243999999999996,2,3,54.019999999999996,3,0.6722652900688486,13,0
BUPIVACAINE,CHEMBL1098,CCCCN1CCCCC1C(=O)Nc1c(C)cccc1C,288.43500000000006,3.8965400000000026,1,2,32.34,5,0.891012713024742,21,0
PARAMETHADIONE,CHEMBL1100,CCC1(C)OC(=O)N(C)C1=O,157.16899999999995,0.7637,0,3,46.61,1,0.5642459247185074,11,0
BIPERIDEN,CHEMBL1101,OC(CCN1CCCCC1)(c1ccccc1)C1CC2C=CC1C2,311.46900000000005,3.9624000000000033,1,2,23.47,5,0.8320193452810374,23,0
SULTHIAME,CHEMBL328560,NS(=O)(=O)c1ccc(N2CCCCS2(=O)=O)cc1,290.36599999999993,0.2639999999999998,1,4,97.53999999999999,2,0.8446185744476145,18,0
GLUTETHIMIDE,CHEMBL1102,CCC1(c2ccccc2)CCC(=O)NC1=O,217.26799999999992,1.771,1,2,46.17,2,0.7672998421844797,16,0
FURAZOLIDONE,CHEMBL1103,O=C1OCCN1/N=C/c1ccc([N+](=O)[O-])o1,225.16,0.9739,0,6,98.17999999999999,3,0.4333097720182961,16,0
EDROPHONIUM,CHEMBL1104,CC[N+](C)(C)c1cccc(O)c1,166.24399999999997,1.9790000000000003,1,1,20.23,2,0.6659702056085907,12,0
FELBINAC,CHEMBL413965,O=C(O)Cc1ccc(-c2ccccc2)cc1,212.24800000000002,2.9807000000000015,1,1,37.3,3,0.8487600767385667,16,0
EPINASTINE,CHEMBL1106,NC1=NCC2c3ccccc3Cc3ccccc3N12,249.31699999999998,2.4668,1,3,41.62,0,0.7789519520165338,19,0
HALOFANTRINE,CHEMBL1107,CCCCN(CCCC)CCC(O)c1cc2c(Cl)cc(Cl)cc2c2cc(C(F)(F)F)ccc12,500.43200000000013,8.644300000000001,1,2,23.47,10,0.2817693045006755,33,2
MIZOLASTINE,CHEMBL94454,CN(c1nccc(=O)[nH]1)C1CCN(c2nc3ccccc3n2Cc2ccc(F)cc2)CC1,432.5030000000002,3.412200000000002,1,5,70.05000000000001,5,0.5234372068442692,32,0
SULFAPHENAZOLE,CHEMBL1109,Nc1ccc(S(=O)(=O)Nc2ccnn2-c2ccccc2)cc1,314.37000000000006,2.2553,2,4,90.00999999999999,4,0.7227517735358318,22,0
ALOSETRON,CHEMBL1110,Cc1[nH]cnc1CN1CCc2c(c3ccccc3n2C)C1=O,294.35800000000006,2.4083200000000007,1,2,53.92,2,0.7888476665596758,22,0
AMBRISENTAN,CHEMBL1111,COC(c1ccccc1)(c1ccccc1)[C@H](Oc1nc(C)cc(C)n1)C(=O)O,378.4280000000001,3.515640000000001,1,5,81.54,7,0.6774712956679046,28,0
ARIPIPRAZOLE,CHEMBL1112,O=C1CCc2ccc(OCCCCN3CCN(c4cccc(Cl)c4Cl)CC3)cc2N1,448.39400000000006,4.859300000000005,1,4,44.81,7,0.6149801508040519,30,0
AMOXAPINE,CHEMBL1113,Clc1ccc2c(c1)C(N1CCNCC1)=Nc1ccccc1O2,313.788,3.4292000000000025,1,4,36.86,0,0.8093498766353519,22,0
PYRIDOSTIGMINE,CHEMBL1115,CN(C)C(=O)Oc1ccc[n+](C)c1,181.21499999999997,0.5714999999999999,0,2,33.42,1,0.5934152756520555,13,0
RALOXIFENE HYDROCHLORIDE,CHEMBL1116,O=C(c1ccc(OCCN2CCCCC2)cc1)c1c(-c2ccc(O)cc2)sc2cc(O)ccc12,473.5940000000001,6.075200000000007,2,6,70.0,7,0.31866432981090165,34,1
IDARUBICIN,CHEMBL1117,CC(=O)[C@]1(O)Cc2c(O)c3c(c(O)c2[C@@H](O[C@H]2C[C@H](N)[C@H](O)[C@H](C)O2)C1)C(=O)c1ccccc1C3=O,497.5000000000002,1.0202999999999998,5,10,176.60999999999999,3,0.32834650610487814,36,0
DESVENLAFAXINE,CHEMBL1118,CN(C)CC(c1ccc(O)cc1)C1(O)CCCCC1,263.381,2.7326000000000006,2,3,43.7,4,0.8775816874821688,19,0
MINODRONIC ACID,CHEMBL319144,O=P(O)(O)C(O)(Cc1cnc2ccccn12)P(=O)(O)O,322.15000000000003,-0.12170000000000009,5,4,152.58999999999997,4,0.4882930867229444,20,0
LASOFOXIFENE,CHEMBL328190,Oc1ccc2c(c1)CC[C@H](c1ccccc1)[C@@H]2c1ccc(OCCN2CCCC2)cc1,413.5610000000004,5.728700000000006,1,3,32.7,6,0.5602116243394663,31,1
REGADENOSON ANHYDROUS,CHEMBL317052,CNC(=O)c1cnn(-c2nc(N)c3ncn([C@@H]4O[C@H](CO)[C@@H](O)[C@H]4O)c3n2)c1,390.36000000000007,-2.4346999999999985,5,10,186.45999999999998,4,0.32033113268604546,28,0
LEVOMILNACIPRAN,CHEMBL99946,CCN(CC)C(=O)[C@@]1(c2ccccc2)C[C@H]1CN,246.35399999999998,1.7713999999999999,1,2,46.33,5,0.8603942445298217,18,0
IMIDAPRIL,CHEMBL317094,CCOC(=O)[C@H](CCc1ccccc1)N[C@@H](C)C(=O)N1C(=O)N(C)C[C@H]1C(=O)O,405.45100000000025,0.8762000000000008,2,6,116.25000000000001,9,0.5858608536730584,29,0
PENTAZOCINE,CHEMBL100116,CC(C)=CCN1CCC2(C)c3cc(O)ccc3CC1C2C,285.43100000000004,3.8826000000000027,1,2,23.47,2,0.8335259245753123,21,0
PENICILLIN G SODIUM,CHEMBL1126,CC1(C)S[C@@H]2[C@H](NC(=O)Cc3ccccc3)C(=O)N2[C@H]1C(=O)O,334.39700000000005,0.8607999999999998,2,4,86.71000000000001,4,0.7977632704521287,23,0
EDROPHONIUM CHLORIDE,CHEMBL1128,CC[N+](C)(C)c1cccc(O)c1,166.24399999999997,1.9790000000000003,1,1,20.23,2,0.6659702056085907,12,0
TRIFLURIDINE,CHEMBL1129,O=c1[nH]c(=O)n([C@H]2C[C@H](O)[C@@H](CO)O2)cc1C(F)(F)F,296.20099999999996,-0.8039000000000001,3,5,104.55000000000001,2,0.6622919739385444,20,0
ACITRETIN,CHEMBL1131,COc1cc(C)c(/C=C/C(C)=C/C=C/C(C)=C/C(=O)O)c(C)c1C,326.4360000000001,5.167060000000005,1,2,46.53,6,0.5794537711852106,24,1
OXYBUTYNIN CHLORIDE,CHEMBL1133,CCN(CC)CC#CCOC(=O)C(O)(c1ccccc1)C1CCCCC1,357.4940000000002,3.342900000000002,1,4,49.769999999999996,7,0.6005702926906202,26,0
DECAMETHONIUM BROMIDE,CHEMBL1134,C[N+](C)(C)CCCCCCCCCC[N+](C)(C)C,258.4939999999999,3.5196000000000023,0,0,0.0,11,0.39283811960871146,18,0
EZETIMIBE,CHEMBL1138,O=C1[C@H](CC[C@H](O)c2ccc(F)cc2)[C@@H](c2ccc(O)cc2)N1c1ccc(F)cc1,409.4320000000001,4.888300000000004,2,3,60.77,6,0.5702138618789355,30,0
EPOPROSTENOL,CHEMBL1139,CCCCC[C@H](O)/C=C/[C@@H]1[C@H]2C/C(=C/CCCC(=O)O)O[C@H]2C[C@H]1O,352.471,3.4085000000000023,3,4,86.99000000000001,10,0.41421085445954503,25,0
MIGALASTAT,CHEMBL110458,OC[C@H]1NC[C@H](O)[C@@H](O)[C@H]1O,163.173,-2.9667999999999988,5,5,92.95,1,0.28455326707727985,11,0
METHYL SALICYLATE,CHEMBL108545,COC(=O)c1ccccc1O,152.14899999999997,1.1787999999999998,1,3,46.53,1,0.6143884490200855,11,0
PRAVASTATIN,CHEMBL1144,CC[C@H](C)C(=O)O[C@H]1C[C@H](O)C=C2C=C[C@H](C)[C@H](CC[C@@H](O)C[C@@H](O)CC(=O)O)[C@H]21,424.5340000000002,2.4404000000000003,4,6,124.29,10,0.39708378626335494,30,0
CEFAMANDOLE,CHEMBL1146,Cn1nnnc1SCC1=C(C(=O)O)N2C(=O)[C@@H](NC(=O)[C@H](O)c3ccccc3)[C@H]2SC1,462.5130000000001,-0.2255999999999989,3,9,150.54,7,0.3718879665023989,31,0
TORSEMIDE,CHEMBL1148,Cc1cccc(Nc2ccncc2S(=O)(=O)NC(=O)NC(C)C)c1,348.4280000000001,2.5299199999999997,3,5,100.19,5,0.7708144759661694,24,0
LEVOCARNITINE,CHEMBL1149,C[N+](C)(C)C[C@H](O)CC(=O)[O-],161.20099999999996,-1.8064999999999984,1,3,60.36,4,0.4944861326467559,11,0
PREDNISOLONE ACETATE,CHEMBL1152,CC(=O)OCC(=O)[C@@]1(O)CC[C@H]2[C@@H]3CCC4=CC(=O)C=C[C@]4(C)[C@H]3[C@@H](O)C[C@@]21C,402.48700000000014,2.1284,2,6,100.90000000000002,3,0.7016123362777874,29,0
BORTEZOMIB,CHEMBL325041,CC(C)C[C@H](NC(=O)[C@H](Cc1ccccc1)NC(=O)c1cnccn1)B(O)O,384.24500000000006,0.36059999999999964,4,6,124.44000000000001,9,0.46304615262258836,28,0
PINACIDIL ANHYDROUS,CHEMBL1159,CC(N/C(=N\C#N)Nc1ccncc1)C(C)(C)C,245.33,2.3547800000000008,2,3,73.1,2,0.4763426335858048,18,0
MOMETASONE FUROATE,CHEMBL1161,C[C@@H]1C[C@H]2[C@@H]3CCC4=CC(=O)C=C[C@]4(C)[C@@]3(Cl)[C@@H](O)C[C@]2(C)[C@@]1(OC(=O)c1ccco1)C(=O)CCl,521.4370000000004,4.869200000000005,1,6,93.81,4,0.44910184900220873,35,1
NORETHINDRONE,CHEMBL1162,C#C[C@]1(O)CC[C@H]2[C@@H]3CCC4=CC(=O)CC[C@@H]4[C@H]3CC[C@@]21C,298.42600000000004,3.4925000000000024,1,2,37.3,0,0.6950885218084817,22,0
MOEXIPRIL,CHEMBL1165,CCOC(=O)[C@H](CCc1ccccc1)N[C@@H](C)C(=O)N1Cc2cc(OC)c(OC)cc2C[C@H]1C(=O)O,498.5760000000004,2.5843,2,7,114.40000000000002,11,0.45463968613709077,36,0
ARGATROBAN,CHEMBL1166,CC1CNc2c(cccc2S(=O)(=O)N[C@@H](CCCNC(=N)N)C(=O)N2CC[C@@H](C)C[C@@H]2C(=O)O)C1,508.6450000000003,0.9125700000000025,6,6,177.71,9,0.1618553539085383,35,2
SPECTINOMYCIN,CHEMBL1167,CN[C@@H]1[C@H](O)[C@H](NC)[C@H]2O[C@@]3(O)C(=O)C[C@@H](C)O[C@H]3O[C@@H]2[C@H]1O,332.353,-2.9255999999999953,5,9,129.51,2,0.3608202823251693,23,0
RAMIPRIL,CHEMBL1168,CCOC(=O)[C@H](CCc1ccccc1)N[C@@H](C)C(=O)N1[C@H](C(=O)O)C[C@@H]2CCC[C@@H]21,416.5180000000003,2.3831999999999995,2,5,95.94000000000001,9,0.6003163359035135,30,0
LISINOPRIL,CHEMBL419213,NCCCC[C@H](N[C@@H](CCc1ccccc1)C(=O)O)C(=O)N1CCC[C@H]1C(=O)O,405.49500000000023,1.2352000000000007,4,5,132.95999999999998,12,0.3844882105003128,29,0
AMINOSALICYLIC ACID,CHEMBL1169,Nc1ccc(C(=O)O)c(O)c1,153.137,0.6726000000000001,3,3,83.55000000000001,1,0.5176060263674482,11,0
TESTOSTERONE PROPIONATE,CHEMBL1170,CCC(=O)O[C@H]1CC[C@H]2[C@@H]3CCC4=CC(=O)CC[C@]4(C)[C@H]3CC[C@]12C,344.4950000000001,4.840100000000005,0,3,43.370000000000005,2,0.6732503232022307,25,0
PRUCALOPRIDE,CHEMBL117287,COCCCN1CCC(NC(=O)c2cc(Cl)c(N)c3c2OCC3)CC1,367.8770000000003,2.0877999999999997,2,5,76.82000000000001,6,0.5943769539353737,25,0
DESLORATADINE,CHEMBL1172,Clc1ccc2c(c1)CCc1cccnc1C2=C1CCNCC1,310.8280000000001,4.018900000000002,1,2,24.92,0,0.7947531162646359,22,0
DULOXETINE,CHEMBL1175,CNCC[C@H](Oc1cccc2ccccc12)c1cccs1,297.423,4.630900000000003,1,3,21.259999999999998,6,0.7159243797705694,21,0
TISOPURINE,CHEMBL119423,Sc1ncnc2[nH]ncc12,152.18200000000002,0.6416,2,4,54.46,0,0.43001493268881763,10,0
TETRABENAZINE,CHEMBL117785,COc1cc2c(cc1OC)C1CC(=O)C(CC(C)C)CN1CC2,317.4290000000001,3.238100000000002,0,4,38.77,4,0.8544146112857971,23,0
ACETYLCHOLINE CHLORIDE,CHEMBL1184,CC(=O)OCC[N+](C)(C)C,146.21,0.25570000000000004,0,2,26.3,3,0.4213777873274688,10,0
ZOLMITRIPTAN,CHEMBL1185,CN(C)CCc1c[nH]c2ccc(C[C@H]3COC(=O)N3)cc12,287.36299999999994,1.9229,2,3,57.36,5,0.8831305051919813,21,0
PHYSOSTIGMINE SALICYLATE,CHEMBL338975,CNC(=O)Oc1ccc2c(c1)[C@]1(C)CCN(C)[C@@H]1N2C,275.352,1.7739,1,4,44.81,1,0.8482399591613494,20,0
DECAMETHONIUM,CHEMBL1190,C[N+](C)(C)CCCCCCCCCC[N+](C)(C)C,258.4939999999999,3.5196000000000023,0,0,0.0,11,0.39283811960871146,18,0
TUBOCURARINE,CHEMBL339427,COc1cc2c3cc1Oc1cc(ccc1O)C[C@@H]1c4c(cc(OC)c(O)c4Oc4ccc(cc4)C[C@@H]3N(C)CC2)CC[N+]1(C)C,609.7429999999999,6.701000000000008,2,7,80.62,2,0.2449408495712499,45,2
PHENIRAMINE,CHEMBL1193,CN(C)CCC(c1ccccc1)c1ccccn1,240.35000000000002,3.1652000000000013,0,2,16.130000000000003,5,0.7977462845021502,18,0
PRILOCAINE,CHEMBL1194,CCCNC(C)C(=O)Nc1ccccc1C,220.316,2.3216200000000002,2,2,41.13,5,0.7992484445643814,16,0
PROPOXYCAINE,CHEMBL1195,CCCOc1cc(N)ccc1C(=O)OCCN(CC)CC,294.39500000000004,2.5562000000000005,1,5,64.78999999999999,9,0.5599065078286075,21,0
PROPARACAINE,CHEMBL1196,CCCOc1ccc(C(=O)OCCN(CC)CC)cc1N,294.3949999999999,2.5562000000000005,1,5,64.79,9,0.5599065078286075,21,0
HEXYLCAINE,CHEMBL1197,CC(CNC1CCCCC1)OC(=O)c1ccccc1,261.365,3.154200000000002,1,3,38.33,5,0.8274314065508214,19,0
PRAMOXINE,CHEMBL1198,CCCCOc1ccc(OCCCN2CCOCC2)cc1,293.4069999999999,2.9666000000000015,0,4,30.930000000000003,9,0.6550248398751946,21,0
BENOXINATE,CHEMBL1200,CCCCOc1cc(C(=O)OCCN(CC)CC)ccc1N,308.42199999999997,2.946300000000001,1,5,64.79,10,0.4088470851438764,22,0
THIOTHIXENE,CHEMBL1201,CN1CCN(CC/C=C2/c3ccccc3Sc3ccc(S(=O)(=O)N(C)C)cc32)CC1,443.63800000000026,3.4707000000000026,0,5,43.86000000000001,5,0.6041780809786208,30,0
IPRINDOLE,CHEMBL126224,CN(C)CCCn1c2c(c3ccccc31)CCCCCC2,284.44700000000006,4.252000000000004,0,1,8.17,4,0.8144974975591827,21,0
CIPROFLOXACIN HYDROCHLORIDE,CHEMBL1202,O=C(O)c1cn(C2CC2)c2cc(N3CCNCC3)c(F)cc2c1=O,331.34700000000004,1.5833,2,4,74.57,3,0.8932298763507216,24,0
NELFINAVIR MESYLATE,CHEMBL1205,Cc1c(O)cccc1C(=O)N[C@@H](CSc1ccccc1)[C@H](O)CN1C[C@H]2CCCC[C@H]2C[C@H]1C(=O)NC(C)(C)C,567.7960000000003,4.747620000000004,4,6,101.9,9,0.326500977362608,40,1
ETHOPROPAZINE,CHEMBL1206,CCN(CC)C(C)CN1c2ccccc2Sc2ccccc21,312.482,5.019600000000005,0,3,6.48,5,0.7651953187356423,22,1
CINOXACIN,CHEMBL1208,CCn1nc(C(=O)O)c(=O)c2cc3c(cc21)OCO3,262.22099999999995,0.8432999999999997,1,5,90.65,2,0.8620783249551718,19,0
CARBENICILLIN,CHEMBL1214,CC1(C)S[C@@H]2[C@H](NC(=O)C(C(=O)O)c3ccccc3)C(=O)N2[C@H]1C(=O)O,378.4060000000001,0.4864999999999999,3,5,124.01,5,0.5029511300621745,26,0
PHENYLEPHRINE,CHEMBL1215,CNC[C@H](O)c1cccc(O)c1,167.20799999999997,0.645,3,3,52.489999999999995,3,0.6190573678793356,12,0
RAMELTEON,CHEMBL1218,CCC(=O)NCC[C@@H]1CCc2ccc3c(c21)CCO3,259.34899999999993,2.5676000000000005,1,2,38.33,4,0.9021804790562545,19,0
RABEPRAZOLE,CHEMBL1219,COCCCOc1ccnc(C[S+]([O-])c2nc3ccccc3[nH]2)c1C,359.451,2.989420000000001,1,5,83.09,8,0.49371304213492695,25,0
TINIDAZOLE,CHEMBL1220,CCS(=O)(=O)CCn1c([N+](=O)[O-])cnc1C,247.27599999999998,0.5344200000000001,0,5,95.1,5,0.5584635043283493,16,0
SULCONAZOLE,CHEMBL1221,Clc1ccc(CSC(Cn2ccnc2)c2ccc(Cl)cc2Cl)cc1,397.75800000000015,6.518000000000003,0,2,17.82,6,0.4710605975806781,24,1
PENICILLIN G POTASSIUM,CHEMBL1223,CC1(C)S[C@@H]2[C@H](NC(=O)Cc3ccccc3)C(=O)N2[C@H]1C(=O)O,334.39700000000005,0.8607999999999998,2,4,86.71000000000001,4,0.7977632704521287,23,0
ACRIVASTINE,CHEMBL1224,Cc1ccc(/C(=C\CN2CCCC2)c2cccc(/C=C/C(=O)O)n2)cc1,348.446,4.015320000000003,1,3,53.43000000000001,6,0.8014151467111451,26,0
TOLVAPTAN,CHEMBL344159,Cc1ccccc1C(=O)Nc1ccc(C(=O)N2CCCC(O)c3cc(Cl)ccc32)c(C)c1,448.9500000000001,5.683140000000005,2,3,69.64,3,0.540891219756549,32,1
OSELTAMIVIR,CHEMBL1229,CCOC(=O)C1=C[C@@H](OC(CC)CC)[C@H](NC(C)=O)[C@@H](N)C1,312.41,1.2853999999999997,2,5,90.64999999999999,7,0.6912235198580302,22,0
PERAMIVIR ANHYDROUS,CHEMBL139367,CCC(CC)[C@H](NC(C)=O)[C@@H]1[C@H](O)[C@@H](C(=O)O)C[C@H]1NC(=N)N,328.413,-0.1394299999999976,6,4,148.53000000000003,7,0.2829016771506782,23,1
OXYBUTYNIN,CHEMBL1231,CCN(CC)CC#CCOC(=O)C(O)(c1ccccc1)C1CCCCC1,357.4940000000002,3.342900000000002,1,4,49.769999999999996,7,0.6005702926906202,26,0
ERTAPENEM SODIUM,CHEMBL1232,C[C@@H](O)[C@H]1C(=O)N2C(C(=O)O)=C(S[C@@H]3CN[C@H](C(=O)Nc4cccc(C(=O)O)c4)C3)[C@H](C)[C@H]12,475.52300000000025,0.9407000000000005,5,7,156.26999999999998,7,0.3621907984804827,33,0
DEFEROXAMINE MESYLATE,CHEMBL1234,CC(=O)N(O)CCCCCNC(=O)CCC(=O)N(O)CCCCCNC(=O)CCC(=O)N(O)CCCCCN,560.6930000000002,0.9221000000000046,6,9,205.84,23,0.05957996992949681,39,2
LISINOPRIL ANHYDROUS,CHEMBL1237,NCCCC[C@H](N[C@@H](CCc1ccccc1)C(=O)O)C(=O)N1CCC[C@H]1C(=O)O,405.49500000000023,1.2352000000000007,4,5,132.95999999999998,12,0.3844882105003128,29,0
AZELAIC ACID,CHEMBL1238,O=C(O)CCCCCCCC(=O)O,188.22299999999998,1.8863,2,2,74.6,8,0.5701815945486013,13,0
BENZYL BENZOATE,CHEMBL1239,O=C(OCc1ccccc1)c1ccccc1,212.248,3.0436000000000014,0,2,26.3,3,0.7307975714616393,16,0
PROPANTHELINE BROMIDE,CHEMBL1240,CC(C)[N+](C)(CCOC(=O)C1c2ccccc2Oc2ccccc21)C(C)C,368.4970000000001,4.730800000000005,0,3,35.53,6,0.5460960608858308,27,0
TRIPELENNAMINE,CHEMBL1241,CN(C)CCN(Cc1ccccc1)c1ccccn1,255.36500000000004,2.649800000000001,0,3,19.37,6,0.7908033413514379,19,0
SULFABENZAMIDE,CHEMBL1243,Nc1ccc(S(=O)(=O)NC(=O)c2ccccc2)cc1,276.317,1.3875,2,4,89.25999999999999,3,0.828903233575629,19,0
VILDAGLIPTIN,CHEMBL142703,N#C[C@@H]1CCCN1C(=O)CNC12CC3CC(CC(O)(C3)C1)C2,303.4060000000001,1.1742799999999989,2,4,76.36,3,0.8205033024916379,22,0
TRIMETHAPHAN CAMSYLATE,CHEMBL1245,O=C1N(Cc2ccccc2)C2C[S+]3CCCC3C2N1Cc1ccccc1,365.52200000000005,3.6559000000000026,0,1,23.550000000000004,4,0.5991495641361972,26,0
NAFTOPIDIL,CHEMBL142635,COc1ccccc1N1CCN(CC(O)COc2cccc3ccccc23)CC1,392.4990000000001,3.410300000000002,1,5,45.17,7,0.6676511215871564,29,0
ISOFLURANE,CHEMBL1256,FC(F)OC(Cl)C(F)(F)F,184.49099999999996,2.3528000000000002,0,1,9.23,2,0.47287129526793736,10,0
ENFLURANE,CHEMBL1257,FC(F)OC(F)(F)C(F)Cl,184.491,2.3528000000000002,0,1,9.23,3,0.48329409286155045,10,0
METOCURINE,CHEMBL1259,COc1ccc2cc1Oc1cc3c(cc1OC)CC[N+](C)(C)[C@H]3Cc1ccc(cc1)Oc1c(OC)c(OC)cc3c1[C@@H](C2)[N+](C)(C)CC3,652.8319999999999,7.451600000000009,0,6,55.38000000000001,4,0.21366035293199462,48,2
CITRIC ACID,CHEMBL1261,O=C(O)CC(O)(CC(=O)O)C(=O)O,192.123,-1.2484999999999995,4,4,132.13,5,0.4274213512497734,13,0
HEXETIDINE,CHEMBL144673,CCCCC(CC)CN1CN(CC(CC)CCCC)CC(C)(N)C1,339.6120000000001,4.711700000000004,1,3,32.5,12,0.5586112708639186,24,0
OXICONAZOLE,CHEMBL1262,Clc1ccc(CO/N=C(\Cn2ccnc2)c2ccc(Cl)cc2Cl)c(Cl)c1,429.1340000000001,6.117800000000003,0,3,39.41,6,0.35014840715594203,26,1
SALMETEROL,CHEMBL1263,OCc1cc(C(O)CNCCCCCCOCCCCc2ccccc2)ccc1O,415.57400000000007,4.107400000000005,4,5,81.95,16,0.3103203848328889,30,0
ADAPALENE,CHEMBL1265,COc1ccc(-c2ccc3cc(C(=O)O)ccc3c2)cc1C12CC3CC(CC(C3)C1)C2,412.5290000000003,6.681400000000005,1,2,46.53,4,0.5197041292773107,31,1
TETRAHYDROZOLINE,CHEMBL1266,c1ccc2c(c1)CCCC2C1=NCCN1,200.285,2.1082,1,2,24.39,1,0.7373798417697964,15,0
PENTOLINIUM,CHEMBL1271,C[N+]1(CCCCC[N+]2(C)CCCC2)CCCC1,240.4349999999999,2.637500000000001,0,0,0.0,6,0.49447922099971825,17,0
REPAGLINIDE,CHEMBL1272,CCOc1cc(CC(=O)N[C@@H](CC(C)C)c2ccccc2N2CCCCC2)ccc1C(=O)O,452.5950000000003,5.219900000000005,2,4,78.87,10,0.5166893132340431,33,1
NILUTAMIDE,CHEMBL1274,CC1(C)NC(=O)N(c2ccc([N+](=O)[O-])c(C(F)(F)F)c2)C1=O,317.223,2.4484000000000004,1,4,92.55000000000001,2,0.5149371381813627,22,0
NARATRIPTAN,CHEMBL1278,CNS(=O)(=O)CCc1ccc2[nH]cc(C3CCN(C)CC3)c2c1,335.4730000000001,2.0687999999999995,2,3,65.2,5,0.8790140987575411,23,0
FROVATRIPTAN,CHEMBL1279,CN[C@@H]1CCc2[nH]c3ccc(C(N)=O)cc3c2C1,243.30999999999997,1.3435,3,2,70.91,2,0.7446286892388262,18,0
VERAPAMIL HYDROCHLORIDE,CHEMBL1280,COc1ccc(CCN(C)CCCC(C#N)(c2ccc(OC)c(OC)c2)C(C)C)cc1OC,454.6110000000002,5.093080000000005,0,6,63.95,13,0.41990487617646394,33,1
PHENOBARBITAL SODIUM,CHEMBL149972,CCC1(c2ccccc2)C(=O)N=C(O)NC1=O,232.23899999999995,0.9048,2,2,78.75999999999999,2,0.7435505045785425,17,0
IMIQUIMOD,CHEMBL1282,CC(C)Cn1cnc2c(N)nc3ccccc3c21,240.30999999999997,2.8227,1,3,56.730000000000004,2,0.7489707109733231,18,0
LEVETIRACETAM,CHEMBL1286,CC[C@@H](C(N)=O)N1CCCC1=O,170.212,-0.12729999999999997,1,2,63.400000000000006,3,0.6410492145588488,12,0
HALOPROGIN,CHEMBL1289,Clc1cc(Cl)c(OCC#CI)cc1Cl,361.39300000000003,4.421500000000001,0,1,9.23,2,0.43041976642477936,14,0
PENBUTOLOL,CHEMBL1290,CC(C)(C)NC[C@H](O)COc1ccccc1C1CCCC1,291.4350000000001,3.472000000000002,2,3,41.489999999999995,6,0.8429853880163447,21,0
CLOFAZIMINE,CHEMBL1292,CC(C)/N=c1\cc2n(-c3ccc(Cl)cc3)c3ccccc3nc-2cc1Nc1ccc(Cl)cc1,473.40700000000015,7.489800000000005,1,3,42.21,4,0.2749298454816666,33,1
BETA CAROTENE,CHEMBL1293,CC1=C(/C=C/C(C)=C/C=C/C(C)=C/C=C/C=C(C)/C=C/C=C(C)/C=C/C2=C(C)CCCC2(C)C)C(C)(C)CCC1,536.8880000000004,12.605799999999977,0,0,0.0,10,0.24351270202197942,40,2
QUINIDINE,CHEMBL1294,C=C[C@H]1CN2CC[C@H]1C[C@@H]2[C@@H](O)c1ccnc2ccc(OC)cc12,324.4240000000001,3.1732000000000014,1,4,45.59,4,0.8776016184783941,24,0
BUTOCONAZOLE,CHEMBL1295,Clc1ccc(CCC(Cn2ccnc2)Sc2c(Cl)cccc2Cl)cc1,411.7850000000001,6.637000000000003,0,2,17.82,7,0.40560533429498863,25,1
CEFOTIAM,CHEMBL1296,CN(C)CCn1nnnc1SCC1=C(C(=O)O)N2C(=O)[C@@H](NC(=O)Cc3csc(N)n3)[C@H]2SC1,525.6420000000002,-0.653199999999996,3,12,172.45999999999998,10,0.26456113507512835,34,2
FENOPROFEN,CHEMBL1297,CC(C(=O)O)c1cccc(Oc2ccccc2)c1,242.274,3.6670000000000016,1,2,46.53,4,0.8893527006971172,18,0
ACIPIMOX,CHEMBL345714,Cc1cnc(C(=O)O)c[n+]1[O-],154.12499999999997,-0.2783799999999999,1,3,77.13,1,0.4454944230878123,11,0
QUININE,CHEMBL170,C=C[C@H]1CN2CC[C@H]1C[C@H]2[C@H](O)c1ccnc2ccc(OC)cc12,324.4240000000001,3.1732000000000014,1,4,45.59,4,0.8776016184783941,24,0
HYDROXYSTILBAMIDINE,CHEMBL1301,N=C(N)c1ccc(/C=C/c2ccc(C(=N)N)cc2O)cc1,280.33099999999996,2.1307400000000003,5,3,119.97,4,0.3349438148628667,21,0
ROTIGOTINE,CHEMBL1303,CCCN(CCc1cccs1)[C@H]1CCc2c(O)cccc2C1,315.482,4.265700000000003,1,3,23.47,6,0.8604750415603676,22,0
PIRETANIDE,CHEMBL349803,NS(=O)(=O)c1cc(C(=O)O)cc(N2CCCC2)c1Oc1ccccc1,362.40700000000004,2.4247000000000005,2,5,109.93,5,0.8451550160132962,25,0
ANTAZOLINE,CHEMBL1305,c1ccc(CN(CC2=NCCN2)c2ccccc2)cc1,265.36,2.6949000000000014,1,3,27.63,5,0.8998200956985529,20,0
ISOSORBIDE MONONITRATE,CHEMBL1311,O=[N+]([O-])O[C@@H]1CO[C@H]2[C@@H]1OC[C@@H]2O,191.13899999999998,-1.2782000000000004,1,6,91.06000000000002,2,0.4315569256356931,13,0
TIOPRONIN,CHEMBL1314,CC(S)C(=O)NCC(=O)O,163.198,-0.49450000000000044,3,3,66.4,3,0.4915427134370948,10,0
CARPROFEN,CHEMBL1316,CC(C(=O)O)c1ccc2c(c1)[nH]c1ccc(Cl)cc12,273.719,4.162600000000002,2,1,53.089999999999996,2,0.7364039910992084,19,0
PROCARBAZINE,CHEMBL1321,CNNCc1ccc(C(=O)NC(C)C)cc1,221.304,1.0487999999999995,3,3,53.16,5,0.6513892787333422,16,0
DARUNAVIR,CHEMBL1323,CC(C)CN(C[C@@H](O)[C@H](Cc1ccccc1)NC(=O)O[C@H]1CO[C@H]2OCC[C@H]21)S(=O)(=O)c1ccc(N)cc1,547.6740000000003,2.3753,3,8,140.42000000000002,11,0.36442311667248134,38,1
BENORILATE,CHEMBL162036,CC(=O)Nc1ccc(OC(=O)c2ccccc2OC(C)=O)cc1,313.309,2.789500000000001,1,5,81.69999999999999,4,0.6930872862487459,23,0
SORAFENIB,CHEMBL1336,CNC(=O)c1cc(Oc2ccc(NC(=O)Nc3ccc(Cl)c(C(F)(F)F)c3)cc2)ccn1,464.83100000000013,5.549700000000003,3,4,92.35000000000001,5,0.4613395020059931,32,1
CEVIMELINE,CHEMBL168815,CC1OC2(CS1)CN1CCC2CC1,199.31899999999993,1.5602,0,3,12.47,0,0.5872820800253644,13,0
PIXANTRONE,CHEMBL167731,NCCNc1ccc(NCCN)c2c1C(=O)c1ccncc1C2=O,325.372,0.5982000000000002,4,7,123.13,6,0.523017836989134,24,0
NITISINONE,CHEMBL1337,O=C1CCCC(=O)C1C(=O)c1ccc(C(F)(F)F)cc1[N+](=O)[O-],329.2300000000001,2.7346000000000013,0,5,94.35,3,0.3676900937816902,23,0
DEBRISOQUIN,CHEMBL169901,N=C(N)N1CCc2ccccc2C1,175.23499999999999,0.9381699999999995,2,1,53.11000000000001,0,0.4551591876631269,13,0
LOMITAPIDE,CHEMBL354541,O=C(NC1CCN(CCCCC2(C(=O)NCC(F)(F)F)c3ccccc3-c3ccccc32)CC1)c1ccccc1-c1ccc(C(F)(F)F)cc1,693.7320000000003,8.382100000000005,2,3,61.440000000000005,10,0.12968890456043358,50,2
VARDENAFIL HYDROCHLORIDE,CHEMBL1339,CCCc1nc(C)c2c(O)nc(-c3cc(S(=O)(=O)N4CCN(CC)CC4)ccc3OCC)nn12,488.6140000000004,2.4827200000000005,1,8,113.16,8,0.5145563159510239,34,0
GUANETHIDINE MONOSULFATE,CHEMBL1345,N=C(N)NCCN1CCCCCCC1,198.31399999999994,0.7355699999999996,3,2,65.14,3,0.46263696093343076,14,0
DARIFENACIN,CHEMBL1346,NC(=O)C(c1ccccc1)(c1ccccc1)[C@@H]1CCN(CCc2ccc3c(c2)CCO3)C1,426.5600000000003,3.957500000000003,1,3,55.56,7,0.6222713272119355,32,0
ORLISTAT,CHEMBL175247,CCCCCCCCCCC[C@@H](C[C@@H]1OC(=O)[C@H]1CCCCCC)OC(=O)[C@H](CC(C)C)NC=O,495.7450000000004,6.881900000000007,1,5,81.69999999999999,23,0.0948674729834446,35,1
RILPIVIRINE,CHEMBL175691,Cc1cc(/C=C/C#N)cc(C)c1Nc1ccnc(Nc2ccc(C#N)cc2)n1,366.4280000000001,4.989100000000003,2,6,97.42,5,0.6174794624332792,28,0
VALACYCLOVIR,CHEMBL1349,CC(C)[C@H](N)C(=O)OCCOCn1cnc2c(=O)nc(N)[nH]c21,324.341,-0.7975999999999985,3,8,151.14000000000001,7,0.44214276395859164,23,0
SPARSENTAN,CHEMBL539423,CCCCC1=NC2(CCCC2)C(=O)N1Cc1ccc(-c2ccccc2S(=O)(=O)Nc2noc(C)c2C)c(COCC)c1,592.7620000000001,6.539440000000007,1,7,114.10000000000001,12,0.2554754512604677,42,2
NERATINIB,CHEMBL180022,CCOc1cc2ncc(C#N)c(Nc3ccc(OCc4ccccn4)c(Cl)c3)c2cc1NC(=O)/C=C/CN(C)C,557.054,5.932480000000005,2,8,112.39999999999999,11,0.21847545958158987,40,2
TILUDRONIC ACID,CHEMBL1350,O=P(O)(O)C(Sc1ccc(Cl)cc1)P(=O)(O)O,318.61100000000005,2.0711000000000013,4,3,115.06,4,0.4959187141654929,17,0
BLONANSERIN,CHEMBL178803,CCN1CCN(c2cc(-c3ccc(F)cc3)c3c(n2)CCCCCC3)CC1,367.51200000000034,4.6886000000000045,0,3,19.37,3,0.7845609545042489,27,0
RAMATROBAN,CHEMBL361812,O=C(O)CCn1c2c(c3ccccc31)C[C@H](NS(=O)(=O)c1ccc(F)cc1)CC2,416.4740000000002,3.0909000000000013,2,3,88.4,6,0.6463917568152955,29,0
SODIUM CITRATE,CHEMBL1355,O=C(O)CC(O)(CC(=O)O)C(=O)O,192.123,-1.2484999999999995,4,4,132.13,5,0.4274213512497734,13,0
FULVESTRANT,CHEMBL1358,C[C@]12CC[C@@H]3c4ccc(O)cc4C[C@@H](CCCCCCCCC[S+]([O-])CCCC(F)(F)C(F)(F)F)[C@H]3[C@@H]1CC[C@@H]2O,606.7820000000003,8.682600000000003,2,3,63.519999999999996,14,0.1265427129787013,41,2
ERTAPENEM,CHEMBL1359,C[C@@H](O)[C@H]1C(=O)N2C(C(=O)O)=C(S[C@@H]3CN[C@H](C(=O)Nc4cccc(C(=O)O)c4)C3)[C@H](C)[C@H]12,475.52300000000025,0.9407000000000005,5,7,156.26999999999998,7,0.3621907984804827,33,0
AMPICILLIN,CHEMBL174,CC1(C)S[C@@H]2[C@H](NC(=O)[C@H](N)c3ccccc3)C(=O)N2[C@H]1C(=O)O,349.4120000000001,0.3181000000000002,3,5,112.73,4,0.674878289478739,24,0
GALLAMINE,CHEMBL360055,CC[N+](CC)(CC)CCOc1cccc(OCC[N+](CC)(CC)CC)c1OCC[N+](CC)(CC)CC,510.8280000000005,5.452500000000005,0,3,27.69,21,0.2058221894673444,36,2
PANCURONIUM,CHEMBL185073,CC(=O)O[C@H]1C[C@@H]2CC[C@@H]3[C@H](CC[C@@]4(C)[C@H]3C[C@H]([N+]3(C)CCCCC3)[C@@H]4OC(C)=O)[C@@]2(C)C[C@@H]1[N+]1(C)CCCCC1,572.8750000000001,6.110500000000007,0,4,52.6,4,0.30133279842362654,41,2
ARFORMOTEROL,CHEMBL1363,COc1ccc(C[C@@H](C)NC[C@H](O)c2ccc(O)c(NC=O)c2)cc1,344.41100000000006,2.2233,4,5,90.82,9,0.4136022576828499,25,0
PYRIDOXINE,CHEMBL1364,Cc1ncc(CO)c(CO)c1O,169.18,0.08021999999999985,3,4,73.58000000000001,2,0.5858308475922274,12,0
DRONEDARONE,CHEMBL184412,CCCCc1oc2ccc(NS(C)(=O)=O)cc2c1C(=O)c1ccc(OCCCN(CCCC)CCCC)cc1,556.7690000000005,7.0490000000000075,1,6,88.85,18,0.13340703621721298,39,2
VILAZODONE,CHEMBL439849,N#Cc1ccc2[nH]cc(CCCCN3CCN(c4ccc5oc(C(N)=O)cc5c4)CC3)c2c1,441.5350000000002,4.029580000000003,2,5,102.28999999999999,7,0.42169344518712,33,0
BUDESONIDE,CHEMBL1370,CCCC1O[C@@H]2C[C@H]3[C@@H]4CCC5=CC(=O)C=C[C@]5(C)[C@H]4[C@@H](O)C[C@]3(C)[C@]2(C(=O)CO)O1,430.5410000000002,2.7168000000000014,2,6,93.06,4,0.7124527920741569,31,0
PENTAMIDINE ISETHIONATE,CHEMBL361506,N=C(N)c1ccc(OCCCCCOc2ccc(C(=N)N)cc2)cc1,340.42699999999996,2.8828400000000007,4,4,118.2,10,0.30195782187837944,25,0
ACEMETACIN,CHEMBL189171,COc1ccc2c(c1)c(CC(=O)OCC(=O)O)c(C)n2C(=O)c1ccc(Cl)cc1,415.82900000000006,3.4705200000000014,1,5,94.82999999999998,6,0.6192570573143896,29,0
CHLORZOXAZONE,CHEMBL1371,O=c1[nH]c2cc(Cl)ccc2o1,169.56699999999998,1.7745,1,2,46.0,0,0.6535135154314028,11,0
ARTESUNATE,CHEMBL361497,C[C@H]1[C@H](OC(=O)CCC(=O)O)O[C@@H]2O[C@@]3(C)CC[C@H]4[C@H](C)CC[C@@H]1[C@@]24OO3,384.4250000000002,2.6024000000000003,1,7,100.52000000000002,4,0.5830734536469286,27,0
METHYLENE BLUE CATION,CHEMBL191083,CN(C)c1ccc2nc3ccc(=[N+](C)C)cc-3sc2c1,284.408,2.498900000000001,0,3,19.14,1,0.5050065314841863,20,0
OXIGLUTATIONE,CHEMBL1372,N[C@@H](CCC(=O)N[C@@H](CSSC[C@H](NC(=O)CC[C@H](N)C(=O)O)C(=O)NCC(=O)O)C(=O)NCC(=O)O)C(=O)O,612.6400000000004,-3.8767999999999985,10,12,317.64,21,0.043741557343612084,40,3
MODAFINIL,CHEMBL1373,NC(=O)C[S+]([O-])C(c1ccccc1)c1ccccc1,273.357,2.01,1,2,66.15,5,0.846783825403182,19,0
TIAPROFENIC ACID,CHEMBL365795,CC(C(=O)O)c1ccc(C(=O)c2ccccc2)s1,260.31399999999996,3.167200000000001,1,3,54.37,4,0.8589607719574609,18,0
ESFLURBIPROFEN,CHEMBL435298,C[C@H](C(=O)O)c1ccc(-c2ccccc2)c(F)c1,244.265,3.6808000000000023,1,1,37.3,3,0.8937504426107861,18,0
DEXIBUPROFEN,CHEMBL175,CC(C)Cc1ccc([C@H](C)C(=O)O)cc1,206.28499999999997,3.073200000000001,1,1,37.3,4,0.8215995486924976,15,0
CANNABIDIOL,CHEMBL190461,C=C(C)[C@@H]1CCC(C)=C[C@H]1c1c(O)cc(CCCCC)cc1O,314.469,5.846500000000006,2,2,40.46,6,0.5107748679217478,23,1
PALBOCICLIB,CHEMBL189963,CC(=O)c1c(C)c2cnc(Nc3ccc(N4CCNCC4)cn3)nc2n(C2CCCC2)c1=O,447.54300000000035,2.965820000000001,2,8,105.03999999999999,5,0.5754108874418277,33,0
NOSCAPINE,CHEMBL364713,COc1ccc2c(c1OC)C(=O)O[C@@H]2[C@H]1c2c(cc3c(c2OC)OCO3)CCN1C,413.4260000000003,2.881800000000001,0,8,75.69000000000001,4,0.7086818239336454,30,0
PROGUANIL,CHEMBL1377,CC(C)NC(=N)NC(=N)Nc1ccc(Cl)cc1,253.73700000000002,2.209039999999999,5,2,83.79,2,0.41392514787270024,17,0
THIETHYLPERAZINE,CHEMBL1378,CCSc1ccc2c(c1)N(CCCN1CCN(C)CC1)c1ccccc1S2,399.62900000000013,5.0388000000000055,0,5,9.72,6,0.6278219543332592,27,1
ROFLUMILAST,CHEMBL193240,O=C(Nc1c(Cl)cncc1Cl)c1ccc(OC(F)F)c(OCC2CC2)c1,403.21200000000016,5.030900000000003,1,4,60.45,7,0.7046383457729449,26,1
ABACAVIR,CHEMBL1380,Nc1nc(NC2CC2)c2ncn([C@H]3C=C[C@@H](CO)C3)c2n1,286.33900000000006,1.0922999999999998,3,6,101.88,4,0.7272302824304794,21,0
TOLTERODINE,CHEMBL1382,Cc1ccc(O)c([C@H](CCN(C(C)C)C(C)C)c2ccccc2)c1,325.496,5.341420000000006,1,2,23.47,7,0.742339965191979,24,1
SAMIDORPHAN,CHEMBL426084,NC(=O)c1ccc2c(c1O)[C@]13CCN(CC4CC4)[C@H](C2)[C@]1(O)CCC(=O)C3,370.4490000000002,1.2533999999999996,3,5,103.86000000000001,3,0.7429659635918742,27,0
PAROMOMYCIN,CHEMBL370143,NC[C@@H]1O[C@H](O[C@H]2[C@@H](O)[C@H](O[C@@H]3[C@@H](O)[C@H](N)C[C@H](N)[C@H]3O[C@H]3O[C@H](CO)[C@@H](O)[C@H](O)[C@H]3N)O[C@@H]2CO)[C@H](N)[C@@H](O)[C@@H]1O,615.6340000000004,-8.861700000000015,13,19,347.32,9,0.11437508455025171,42,3
KANAMYCIN,CHEMBL1384,NC[C@H]1O[C@H](O[C@H]2[C@H](O)[C@@H](O[C@H]3O[C@H](CO)[C@@H](O)[C@H](N)[C@H]3O)[C@H](N)C[C@@H]2N)[C@H](O)[C@@H](O)[C@@H]1O,484.50300000000016,-7.2914000000000065,11,15,282.61000000000007,6,0.16685365193348575,33,2
TROFINETIDE,CHEMBL197084,C[C@@]1(C(=O)N[C@@H](CCC(=O)O)C(=O)O)CCCN1C(=O)CN,315.3260000000001,-1.2395999999999974,4,5,150.03,7,0.45858644718516034,22,0
ESTRIOL,CHEMBL193482,C[C@]12CC[C@@H]3c4ccc(O)cc4CC[C@H]3[C@@H]1C[C@@H](O)[C@@H]2O,288.38699999999994,2.5800000000000005,3,3,60.69,0,0.687428138033629,21,0
NORETHYNODREL,CHEMBL1387,C#C[C@]1(O)CC[C@H]2[C@@H]3CCC4=C(CCC(=O)C4)[C@H]3CC[C@@]21C,298.42600000000004,3.636600000000003,1,2,37.3,0,0.5474687039451945,22,0
MONOBENZONE,CHEMBL1388,Oc1ccc(OCc2ccccc2)cc1,200.23700000000002,2.9712000000000014,1,2,29.46,3,0.8248951292816564,15,0
LEVONORGESTREL,CHEMBL1389,C#C[C@]1(O)CC[C@H]2[C@@H]3CCC4=CC(=O)CC[C@@H]4[C@H]3CC[C@@]21CC,312.4530000000001,3.8826000000000036,1,2,37.3,1,0.7460501574652694,23,0
SPIRONOLACTONE,CHEMBL1393,CC(=O)S[C@@H]1CC2=CC(=O)CC[C@]2(C)[C@H]2CC[C@@]3(C)[C@@H](CC[C@@]34CCC(=O)O4)[C@H]12,416.58300000000025,4.852300000000005,0,5,60.44,1,0.5718459844204299,29,0
MARALIXIBAT,CHEMBL363392,CCCCC1(CCCC)CS(=O)(=O)c2ccc(N(C)C)cc2[C@@H](c2ccc(OCc3ccc(C[N+]45CCN(CC4)CC5)cc3)cc2)[C@H]1O,674.9720000000001,6.624500000000008,1,6,70.08,13,0.20564430890921528,48,2
METHYLTESTOSTERONE,CHEMBL1395,C[C@]12CCC(=O)C=C1CC[C@@H]1[C@@H]2CC[C@@]2(C)[C@H]1CC[C@]2(C)O,302.458,4.269300000000005,1,2,37.3,0,0.7253305311285855,22,0
RIVAROXABAN,CHEMBL198362,O=C(NC[C@H]1CN(c2ccc(N3CCOCC3=O)cc2)C(=O)O1)c1ccc(Cl)s1,435.8890000000001,2.5199000000000007,1,6,88.18,5,0.7792136827945354,29,0
AMIKACIN,CHEMBL177,NCC[C@H](O)C(=O)N[C@@H]1C[C@H](N)[C@@H](O[C@H]2O[C@H](CN)[C@@H](O)[C@H](O)[C@H]2O)[C@H](O)[C@H]1O[C@H]1O[C@H](CO)[C@@H](O)[C@H](N)[C@H]1O,585.6080000000002,-8.424200000000015,13,17,331.93999999999994,10,0.11306379404457513,40,3
COCAINE,CHEMBL370805,COC(=O)[C@H]1[C@@H](OC(=O)c2ccccc2)C[C@@H]2CC[C@H]1N2C,303.35800000000006,1.8677,0,5,55.84,3,0.7979361284429697,22,0
STREPTOMYCIN,CHEMBL372795,CN[C@@H]1[C@H](O[C@H]2[C@H](O[C@H]3[C@H](O)[C@@H](O)[C@H](N=C(N)N)[C@@H](O)[C@@H]3N=C(N)N)O[C@@H](C)[C@]2(O)C=O)O[C@@H](CO)[C@H](O)[C@H]1O,581.5800000000005,-8.161100000000008,12,15,336.43000000000006,9,0.06824479508490591,40,3
DAUNORUBICIN,CHEMBL178,COc1cccc2c1C(=O)c1c(O)c3c(c(O)c1C2=O)C[C@@](O)(C(C)=O)C[C@@H]3O[C@H]1C[C@H](N)[C@H](O)[C@H](C)O1,527.5260000000003,1.0288999999999997,5,11,185.84,4,0.3051291560965146,38,2
ANASTROZOLE,CHEMBL1399,CC(C)(C#N)c1cc(Cn2cncn2)cc(C(C)(C)C#N)c1,293.374,2.9287600000000014,0,4,78.28999999999999,4,0.8678513137549794,22,0
NITAZOXANIDE,CHEMBL1401,CC(=O)Oc1ccccc1C(=O)Nc1ncc([N+](=O)[O-])s1,307.28700000000003,2.2289000000000003,1,7,111.43,4,0.40102665606831556,21,0
ELVITEGRAVIR,CHEMBL204656,COc1cc2c(cc1Cc1cccc(Cl)c1F)c(=O)c(C(=O)O)cn2[C@H](CO)C(C)C,447.8900000000002,4.281000000000002,2,4,88.76,7,0.5639537765926361,31,0
BRINCIDOFOVIR,CHEMBL203321,CCCCCCCCCCCCCCCCOCCCOP(=O)(O)CO[C@H](CO)Cn1ccc(N)nc1=O,561.7010000000001,5.250500000000005,3,8,146.13,26,0.1019016453714381,38,2
RANOLAZINE,CHEMBL1404,COc1ccccc1OCC(O)CN1CCN(CC(=O)Nc2c(C)cccc2C)CC1,427.5450000000002,2.30804,2,6,74.27,9,0.6398550561014078,31,0
TRIMETAZIDINE,CHEMBL203266,COc1ccc(CN2CCNCC2)c(OC)c1OC,266.34099999999995,1.1176,1,5,42.96000000000001,5,0.8648076979782771,19,0
NETUPITANT,CHEMBL206253,Cc1ccccc1-c1cc(N2CCN(C)CC2)ncc1N(C)C(=O)C(C)(C)c1cc(C(F)(F)F)cc(C(F)(F)F)c1,578.6010000000003,6.787020000000006,0,4,39.68,5,0.312950179516564,41,2
ESTRONE,CHEMBL1405,C[C@]12CC[C@@H]3c4ccc(O)cc4CC[C@H]3[C@@H]1CCC2=O,270.37199999999996,3.817400000000002,1,2,37.3,0,0.7778844237760111,20,0
CHOLIC ACID,CHEMBL205596,C[C@H](CCC(=O)O)[C@H]1CC[C@H]2[C@@H]3[C@H](O)C[C@@H]4C[C@H](O)CC[C@]4(C)[C@H]3C[C@H](O)[C@]12C,408.5790000000002,3.4487000000000023,4,4,97.99000000000001,4,0.571136456131648,29,0
FLUVOXAMINE MALEATE,CHEMBL1409,COCCCC/C(=N\OCCN)c1ccc(C(F)(F)F)cc1,318.339,3.201500000000001,1,4,56.84,9,0.432027738820179,22,0
NONOXYNOL 9,CHEMBL1410,CCCCCCCCCc1ccc(OCCOCCOCCOCCOCCOCCOCCOCCOCCO)cc1,616.8330000000004,4.483600000000006,1,10,103.30000000000003,35,0.10984235529600771,43,1
GLICLAZIDE,CHEMBL427216,Cc1ccc(S(=O)(=O)NC(=O)NN2CC3CCCC3C2)cc1,323.4180000000001,1.6298199999999994,2,4,78.50999999999999,3,0.8860379615947155,22,0
BREXANOLONE,CHEMBL207538,CC(=O)[C@H]1CC[C@H]2[C@@H]3CC[C@H]4C[C@H](O)CC[C@]4(C)[C@H]3CC[C@]12C,318.5010000000001,4.595200000000005,1,2,37.3,1,0.7672110598231308,23,0
CICLOPIROX,CHEMBL1413,Cc1cc(C2CCCCC2)n(O)c(=O)c1,207.273,2.4417199999999992,1,2,42.230000000000004,1,0.7185665096760774,15,0
TAVABOROLE,CHEMBL443052,OB1OCc2cc(F)ccc21,151.933,0.043399999999999994,1,2,29.46,0,0.5315735345293469,11,0
NEOSTIGMINE METHYLSULFATE,CHEMBL211471,CN(C)C(=O)Oc1cccc([N+](C)(C)C)c1,223.29599999999996,1.9437,0,2,29.540000000000003,2,0.7170811018086075,16,0
PRALIDOXIME,CHEMBL1420,C[n+]1ccccc1C=NO,137.162,0.3191999999999999,1,2,36.47,1,0.2571575036828201,10,0
FORODESINE,CHEMBL218291,O=c1[nH]cnc2c([C@@H]3N[C@H](CO)[C@@H](O)[C@H]3O)c[nH]c12,266.25700000000006,-2.0218,6,6,134.26000000000002,2,0.37133380637613944,19,1
GARENOXACIN,CHEMBL215303,C[C@H]1NCc2cc(-c3ccc4c(=O)c(C(=O)O)cn(C5CC5)c4c3OC(F)F)ccc21,426.41900000000015,4.467200000000004,2,4,80.56000000000002,5,0.6294454740871185,31,0
BOCEPREVIR,CHEMBL218394,CC(C)(C)NC(=O)N[C@H](C(=O)N1C[C@H]2[C@@H]([C@H]1C(=O)NC(CC1CCC1)C(=O)C(N)=O)C2(C)C)C(C)(C)C,519.6870000000004,1.7112000000000023,4,5,150.70000000000002,8,0.36005526389778836,37,1
SAXAGLIPTIN ANHYDROUS,CHEMBL385517,N#C[C@@H]1C[C@@H]2C[C@@H]2N1C(=O)[C@@H](N)C12CC3CC(CC(O)(C3)C1)C2,315.4170000000001,1.157979999999999,2,4,90.35000000000001,2,0.7998067802808753,23,0
DASATINIB ANHYDROUS,CHEMBL1421,Cc1nc(Nc2ncc(C(=O)Nc3c(C)cccc3Cl)s2)cc(N2CCN(CCO)CC2)n1,488.01700000000034,3.3135400000000015,3,9,106.50999999999999,7,0.4657173060978848,33,0
SITAGLIPTIN,CHEMBL1422,N[C@@H](CC(=O)N1CCn2c(nnc2C(F)(F)F)C1)Cc1cc(F)c(F)cc1F,407.31800000000015,2.0164999999999997,1,4,77.04,4,0.6216377742511342,28,0
PIMOZIDE,CHEMBL1423,O=c1[nH]c2ccccc2n1C1CCN(CCCC(c2ccc(F)cc2)c2ccc(F)cc2)CC1,461.5560000000001,5.8570000000000055,1,2,41.03,7,0.37471274722994996,34,1
TESTOSTERONE,CHEMBL386630,C[C@]12CC[C@H]3[C@@H](CCC4=CC(=O)CC[C@@]43C)[C@@H]1CC[C@@H]2O,288.431,3.879200000000003,1,2,37.3,0,0.7342296115534325,21,0
MERCAPTOPURINE ANHYDROUS,CHEMBL1425,Sc1ncnc2nc[nH]c12,152.182,0.6416,2,4,54.46,0,0.43001493268881763,10,0
DOMPERIDONE,CHEMBL219916,O=c1[nH]c2ccccc2n1CCCN1CCC(n2c(=O)[nH]c3cc(Cl)ccc32)CC1,425.92000000000013,3.353200000000002,2,3,78.82,5,0.514301695573136,30,0
DIAZOXIDE,CHEMBL181,CC1=Nc2ccc(Cl)cc2S(=O)(=O)N1,230.676,1.6818,1,3,58.53,0,0.7373478458184286,14,0
DELAMANID,CHEMBL218650,C[C@]1(COc2ccc(N3CCC(Oc4ccc(OC(F)(F)F)cc4)CC3)cc2)Cn2cc([N+](=O)[O-])nc2O1,534.4910000000002,4.967800000000004,0,8,101.12,8,0.2951204363925523,38,1
NIMODIPINE,CHEMBL1428,COCCOC(=O)C1=C(C)NC(C)=C(C(=O)OC(C)C)C1c1cccc([N+](=O)[O-])c1,418.44600000000014,2.9708000000000014,1,8,117.0,8,0.2963419520142686,30,0
DEXAMETHASONE,CHEMBL384467,C[C@@H]1C[C@H]2[C@@H]3CCC4=CC(=O)C=C[C@]4(C)[C@@]3(F)[C@@H](O)C[C@]2(C)[C@@]1(O)C(=O)CO,392.4670000000002,1.8957000000000002,3,5,94.83,2,0.667213496992105,28,0
GANCICLOVIR,CHEMBL182,Nc1nc2c(ncn2COC(CO)CO)c(=O)[nH]1,255.23399999999998,-1.970899999999999,4,7,139.28,5,0.4854930576221492,18,0
ACYCLOVIR,CHEMBL184,Nc1nc2c(ncn2COCCO)c(=O)[nH]1,225.20799999999997,-1.3318000000000003,3,6,119.04999999999998,4,0.554385971786765,16,0
TELBIVUDINE,CHEMBL374731,Cc1cn([C@@H]2C[C@@H](O)[C@H](CO)O2)c(=O)[nH]c1=O,242.23099999999997,-1.5142799999999992,3,5,104.54999999999998,2,0.5842742137821719,17,0
DORZOLAMIDE,CHEMBL218490,CCN[C@H]1C[C@H](C)S(=O)(=O)c2sc(S(N)(=O)=O)cc21,324.44900000000007,0.612,2,6,106.32999999999998,3,0.8471269771691101,19,0
BRINZOLAMIDE,CHEMBL220491,CCN[C@H]1CN(CCCOC)S(=O)(=O)c2sc(S(N)(=O)=O)cc21,383.5170000000001,0.08690000000000164,2,7,118.79999999999998,7,0.6441091760572242,23,0
TOPIRAMATE,CHEMBL220492,CC1(C)O[C@@H]2[C@@H](CO[C@@]3(COS(N)(=O)=O)OC(C)(C)O[C@@H]23)O1,339.3660000000001,-0.3953999999999982,1,8,115.54,3,0.7386170940393365,22,0
TOFACITINIB,CHEMBL221959,C[C@@H]1CCN(C(=O)CC#N)C[C@@H]1N(C)c1ncnc2[nH]ccc12,312.377,1.5447799999999996,1,5,88.91,3,0.9284511020269034,23,0
METHSCOPOLAMINE,CHEMBL376897,C[N+]1(C)[C@@H]2C[C@@H](OC(=O)[C@H](CO)c3ccccc3)C[C@H]1[C@@H]1O[C@@H]12,318.3930000000001,1.0626999999999995,1,4,59.06,4,0.5123331583066539,23,0
DOXYCYCLINE ANHYDROUS,CHEMBL1433,C[C@H]1c2cccc(O)c2C(=O)C2=C(O)[C@]3(O)C(=O)C(C(N)=O)=C(O)[C@@H](N(C)C)[C@@H]3[C@@H](O)[C@@H]21,444.44000000000017,-0.3475999999999985,6,9,181.62,2,0.3322174879037973,32,1
MINOCYCLINE,CHEMBL1434,CN(C)c1ccc(O)c2c1C[C@H]1C[C@H]3[C@H](N(C)C)C(O)=C(C(N)=O)C(=O)[C@@]3(O)C(O)=C1C2=O,457.48300000000023,0.1866000000000017,5,9,164.63,3,0.3983715598370968,33,0
CEFAZOLIN,CHEMBL1435,Cc1nnc(SCC2=C(C(=O)O)N3C(=O)[C@@H](NC(=O)Cn4cnnn4)[C@H]3SC2)s1,454.5190000000002,-0.6360799999999995,2,11,156.08999999999997,7,0.4051904538567724,29,1
CEFUROXIME,CHEMBL1436,CO/N=C(\C(=O)N[C@@H]1C(=O)N2C(C(=O)O)=C(COC(N)=O)CS[C@H]12)c1ccco1,424.39100000000013,-0.5359999999999987,3,9,173.76,7,0.29500804859666163,29,0
CEFEPIME,CHEMBL186,CO/N=C(\C(=O)N[C@@H]1C(=O)N2C(C(=O)[O-])=C(C[N+]3(C)CCCC3)CS[C@H]12)c1csc(N)n1,480.5720000000003,-1.2798999999999958,2,10,150.04000000000002,7,0.2120409462153182,32,0
FUSIDIC ACID,CHEMBL374975,CC(=O)O[C@H]1C[C@@]2(C)[C@@H](C[C@@H](O)[C@H]3[C@@]4(C)CC[C@@H](O)[C@@H](C)[C@@H]4CC[C@@]32C)/C1=C(\CCC=C(C)C)C(=O)O,516.7190000000004,5.6661000000000055,3,5,104.06000000000002,5,0.24722169401317395,37,2
TIPRANAVIR,CHEMBL222559,CCC[C@@]1(CCc2ccccc2)CC(O)=C([C@H](CC)c2cccc(NS(=O)(=O)c3ccc(C(F)(F)F)cn3)c2)C(=O)O1,602.6750000000001,7.325500000000007,2,6,105.59000000000002,11,0.22283676302795785,42,2
NOREPINEPHRINE,CHEMBL1437,NC[C@H](O)c1ccc(O)c(O)c1,169.17999999999998,0.08989999999999998,4,4,86.71000000000001,2,0.4724272074622585,12,0
FAVIPIRAVIR,CHEMBL221722,NC(=O)c1nc(F)cnc1O,157.10399999999998,-0.5798000000000002,2,4,89.10000000000001,1,0.5702709854005736,11,0
ZANAMIVIR,CHEMBL222813,CC(=O)N[C@H]1[C@H]([C@H](O)[C@H](O)CO)OC(C(=O)O)=C[C@@H]1NC(=N)N,332.313,-3.5758299999999963,8,7,198.22,6,0.17886938514586126,23,1
TAZOBACTAM SODIUM,CHEMBL1439,C[C@]1(Cn2ccnn2)[C@H](C(=O)O)N2C(=O)C[C@H]2S1(=O)=O,300.296,-1.523199999999998,1,6,122.45999999999998,3,0.6721670015102429,20,0
TIGECYCLINE,CHEMBL376140,CN(C)c1cc(NC(=O)CNC(C)(C)C)c(O)c2c1C[C@H]1C[C@H]3[C@H](N(C)C)C(O)=C(C(N)=O)C(=O)[C@@]3(O)C(O)=C1C2=O,585.6580000000004,0.5132000000000028,7,11,205.75999999999996,6,0.18087523730691585,42,3
BEDAQUILINE,CHEMBL376488,COc1nc2ccc(Br)cc2cc1[C@@H](c1ccccc1)[C@@](O)(CCN(C)C)c1cccc2ccccc12,555.5160000000003,7.1305000000000085,1,4,45.59,8,0.22135475238825777,37,2
TETRACYCLINE,CHEMBL1440,CN(C)[C@@H]1C(O)=C(C(N)=O)C(=O)[C@@]2(O)C(O)=C3C(=O)c4c(O)cccc4[C@@](C)(O)[C@H]3C[C@@H]12,444.44000000000017,-0.21439999999999837,6,9,181.61999999999998,2,0.3361104616305243,32,1
ETHIONAMIDE,CHEMBL1441,CCc1cc(C(N)=S)ccn1,166.24900000000002,1.2782,1,2,38.91,2,0.6725460532160716,11,0
RALTITREXED,CHEMBL225071,Cc1nc(=O)c2cc(CN(C)c3ccc(C(=O)N[C@@H](CCC(=O)O)C(=O)O)s3)ccc2[nH]1,458.4960000000002,1.9772199999999995,4,7,152.69,9,0.3796834810105909,32,0
PEMETREXED,CHEMBL225072,Nc1nc2[nH]cc(CCc3ccc(C(=O)N[C@@H](CCC(=O)O)C(=O)O)cc3)c2c(=O)[nH]1,427.41700000000014,0.6664000000000003,6,6,191.26,9,0.2867441070042202,31,1
HYDROCORTISONE,CHEMBL389621,C[C@]12CCC(=O)C=C1CC[C@@H]1[C@@H]2[C@@H](O)C[C@@]2(C)[C@H]1CC[C@]2(O)C(=O)CO,362.4660000000002,1.7815999999999996,3,5,94.83,2,0.6960164410604959,26,0
NAFCILLIN,CHEMBL1443,CCOc1ccc2ccccc2c1C(=O)N[C@@H]1C(=O)N2[C@@H]1SC(C)(C)[C@@H]2C(=O)O,414.4830000000001,2.4837999999999996,2,5,95.94000000000001,5,0.7301048006129894,29,0
LETROZOLE,CHEMBL1444,N#Cc1ccc(C(c2ccc(C#N)cc2)n2cncn2)cc1,285.31,2.65916,0,4,78.29,3,0.7407442417149674,22,0
EFAVIRENZ,CHEMBL223228,O=C1Nc2ccc(Cl)cc2[C@@](C#CC2CC2)(C(F)(F)F)O1,315.67799999999994,4.073100000000001,1,2,38.33,0,0.7328090954055055,21,0
ALOGLIPTIN BENZOATE,CHEMBL227529,Cn1c(=O)cc(N2CCC[C@@H](N)C2)n(Cc2ccccc2C#N)c1=O,339.39900000000006,0.3944800000000006,1,5,97.05000000000001,3,0.8726102829759809,25,0
FLUOXYMESTERONE,CHEMBL1445,C[C@]1(O)CC[C@H]2[C@@H]3CCC4=CC(=O)CC[C@]4(C)[C@@]3(F)[C@@H](O)C[C@@]21C,336.44700000000006,3.332200000000002,2,3,57.53,0,0.7132510411285401,24,0
ALOGLIPTIN,CHEMBL376359,Cn1c(=O)cc(N2CCC[C@@H](N)C2)n(Cc2ccccc2C#N)c1=O,339.39900000000006,0.3944800000000006,1,5,97.05000000000001,3,0.8726102829759809,25,0
KANAMYCIN SULFATE,CHEMBL1446,NC[C@H]1O[C@H](O[C@H]2[C@H](O)[C@@H](O[C@H]3O[C@H](CO)[C@@H](O)[C@H](N)[C@H]3O)[C@H](N)C[C@@H]2N)[C@H](O)[C@@H](O)[C@@H]1O,484.50300000000016,-7.2914000000000065,11,15,282.61000000000007,6,0.16685365193348575,33,2
LINCOMYCIN,CHEMBL1447,CCC[C@@H]1C[C@@H](C(=O)N[C@@H]([C@H]2O[C@H](SC)[C@H](O)[C@@H](O)[C@H]2O)[C@@H](C)O)N(C)C1,406.54500000000013,-0.856999999999998,5,8,122.49000000000001,7,0.37034350763056995,27,0
PRETOMANID,CHEMBL227875,O=[N+]([O-])c1cn2c(n1)OC[C@@H](OCc1ccc(OC(F)(F)F)cc1)C2,359.26,2.667700000000001,0,6,88.65,5,0.6023770905669862,25,0
NICLOSAMIDE,CHEMBL1448,O=C(Nc1ccc([N+](=O)[O-])cc1Cl)c1cc(Cl)ccc1O,327.12300000000005,3.859500000000001,2,4,92.47,3,0.6611804498474478,21,0
TICARCILLIN,CHEMBL1449,CC1(C)S[C@@H]2[C@H](NC(=O)[C@H](C(=O)O)c3ccsc3)C(=O)N2[C@H]1C(=O)O,384.4350000000001,0.5479999999999997,3,6,124.01,5,0.5000831278778665,25,0
ATOVAQUONE,CHEMBL1450,O=C1C(O)=C([C@H]2CC[C@H](c3ccc(Cl)cc3)CC2)C(=O)c2ccccc21,366.84400000000016,5.505100000000004,1,3,54.37,2,0.7624360043780399,26,1
MEPHENESIN,CHEMBL229128,Cc1ccccc1OCC(O)CO,182.219,0.7270199999999998,2,3,49.69,4,0.7212449591035148,13,0
MILRINONE,CHEMBL189,Cc1[nH]c(=O)c(C#N)cc1-c1ccncc1,211.22400000000002,1.617,1,3,69.53999999999999,1,0.7786697771862998,16,0
TRIAMCINOLONE,CHEMBL1451,C[C@]12C=CC(=O)C=C1CC[C@H]1[C@@H]3C[C@@H](O)[C@](O)(C(=O)CO)[C@@]3(C)C[C@H](O)[C@@]12F,394.4390000000002,0.6204999999999998,4,6,115.06,2,0.545907213602937,28,0
SELADELPAR,CHEMBL230158,CCO[C@H](COc1ccc(C(F)(F)F)cc1)CSc1ccc(OCC(=O)O)c(C)c1,444.4710000000002,5.053420000000005,1,5,64.99000000000001,11,0.489371901978273,30,1
ALTRETAMINE,CHEMBL1455,CN(C)c1nc(N(C)C)nc(N(C)C)n1,210.285,0.0696000000000001,0,6,48.39000000000001,3,0.7033804434333938,15,0
MYCOPHENOLATE MOFETIL,CHEMBL1456,COc1c(C)c2c(c(O)c1C/C=C(\C)CCC(=O)OCCN1CCOCC1)C(=O)OC2,433.5010000000003,2.52402,1,8,94.53000000000002,9,0.46901748000616883,31,0
HYDROCODONE,CHEMBL1457,COc1ccc2c3c1O[C@H]1C(=O)CC[C@H]4[C@@H](C2)N(C)CC[C@]314,299.37000000000006,1.9333,0,4,38.77,1,0.7941668671387195,22,0
SAFINAMIDE,CHEMBL396778,C[C@H](NCc1ccc(OCc2cccc(F)c2)cc1)C(N)=O,302.34900000000005,2.3681,2,3,64.35,7,0.8250455320199923,22,0
FLIBANSERIN,CHEMBL231068,O=c1[nH]c2ccccc2n1CCN1CCN(c2cccc(C(F)(F)F)c2)CC1,390.40900000000005,3.170600000000002,1,3,44.27,4,0.7443729050399092,28,0
AMISULPRIDE,CHEMBL243712,CCN1CCCC1CNC(=O)c1cc(S(=O)(=O)CC)c(N)cc1OC,369.4870000000002,1.2851000000000006,2,6,101.73,7,0.7023165228263907,25,0
ESKETAMINE,CHEMBL395091,CN[C@]1(c2ccccc2Cl)CCCCC1=O,237.7299999999999,2.897800000000001,1,2,29.1,2,0.8571565291687987,16,0
DIDANOSINE,CHEMBL1460,O=c1[nH]cnc2c1ncn2[C@H]1CC[C@@H](CO)O1,236.23099999999997,-0.21050000000000008,2,5,93.03,2,0.7521450742487875,17,0
WARFARIN,CHEMBL1464,CC(=O)CC(c1ccccc1)c1c(O)c2ccccc2oc1=O,308.3330000000001,3.609600000000003,1,4,67.50999999999999,4,0.7476258148419598,23,0
ACENOCOUMAROL,CHEMBL397420,CC(=O)CC(c1ccc([N+](=O)[O-])cc1)c1c(O)c2ccccc2oc1=O,353.33000000000004,3.517800000000003,1,6,110.65,5,0.4267175419766887,26,0
PHENPROCOUMON,CHEMBL1465,CCC(c1ccccc1)c1c(O)c2ccccc2oc1=O,280.323,4.040500000000003,1,3,50.440000000000005,3,0.7365229547993595,21,0
DICUMAROL,CHEMBL1466,O=c1oc2ccccc2c(O)c1Cc1c(O)c2ccccc2oc1=O,336.29900000000004,2.9014000000000006,2,6,100.88,2,0.5459100356936089,25,0
TELAPREVIR,CHEMBL231813,CCC[C@H](NC(=O)[C@@H]1[C@H]2CCC[C@H]2CN1C(=O)[C@@H](NC(=O)[C@@H](NC(=O)c1cnccn1)C1CCCCC1)C(C)(C)C)C(=O)C(=O)NC1CC1,679.8629999999999,2.4459000000000035,4,8,179.56,13,0.2296749085578938,49,1
ALLOPURINOL,CHEMBL1467,Oc1ncnc2[nH]ncc12,136.114,0.058499999999999885,2,4,74.69,0,0.5365398515296618,10,0
APIXABAN,CHEMBL231779,COc1ccc(-n2nc(C(N)=O)c3c2C(=O)N(c2ccc(N4CCCCC4=O)cc2)CC3)cc1,459.5060000000003,2.699600000000001,1,5,110.75999999999999,5,0.6307445123645383,34,0
PHENYLBUTANOIC ACID,CHEMBL1469,O=C(O)CCCc1ccccc1,164.204,2.0939,1,1,37.3,4,0.7394137316906195,12,0
RIFAMYCIN,CHEMBL437765,CO[C@H]1/C=C/O[C@@]2(C)Oc3c(C)c(O)c4c(O)c(cc(O)c4c3C2=O)NC(=O)/C(C)=C\C=C\[C@H](C)[C@H](O)[C@@H](C)[C@@H](O)[C@@H](C)[C@H](OC(C)=O)[C@@H]1C,697.7780000000002,4.754120000000005,6,12,201.30999999999997,2,0.14308740870723383,50,3
TIPIRACIL,CHEMBL235668,N=C1CCCN1Cc1[nH]c(=O)[nH]c(=O)c1Cl,242.666,0.28967,3,3,92.81,2,0.6959433277746746,16,0
APREPITANT,CHEMBL1471,C[C@@H](O[C@H]1OCCN(Cc2n[nH]c(=O)[nH]2)[C@H]1c1ccc(F)cc1)c1cc(C(F)(F)F)cc(C(F)(F)F)c1,534.4320000000001,4.952100000000003,2,5,83.24000000000001,6,0.4376253118047192,37,1
LINAGLIPTIN,CHEMBL237500,CC#CCn1c(N2CCC[C@@H](N)C2)nc2c1c(=O)n(Cc1nc(C)c3ccccc3n1)c(=O)n2C,472.5530000000002,1.1474199999999997,1,7,116.86000000000001,4,0.44290723544937405,35,0
FLUTICASONE PROPIONATE,CHEMBL1473,CCC(=O)O[C@]1(C(=O)SCF)[C@H](C)C[C@H]2[C@@H]3C[C@H](F)C4=CC(=O)C=C[C@]4(C)[C@@]3(F)[C@@H](O)C[C@@]21C,500.57900000000024,4.430000000000004,1,6,80.67,4,0.5755860893833779,34,1
TRIOXSALEN,CHEMBL1475,Cc1cc2cc3c(C)cc(=O)oc3c(C)c2o1,228.24699999999996,3.4644600000000025,0,3,43.35,0,0.5532100636122295,17,0
CHENODIOL,CHEMBL240597,C[C@H](CCC(=O)O)[C@H]1CC[C@H]2[C@@H]3[C@H](O)C[C@@H]4C[C@H](O)CC[C@]4(C)[C@H]3CC[C@]12C,392.5800000000002,4.477900000000004,3,3,77.76,4,0.659162096020487,28,0
DANAZOL,CHEMBL1479,C#C[C@]1(O)CC[C@H]2[C@@H]3CCC4=Cc5oncc5C[C@]4(C)[C@H]3CC[C@@]21C,337.46300000000014,4.221000000000004,1,3,46.260000000000005,0,0.7210430866196731,25,0
FELODIPINE,CHEMBL1480,CCOC(=O)C1=C(C)NC(C)=C(C(=O)OC)C1c1cccc(Cl)c1Cl,384.259,3.9643000000000033,1,5,64.63,4,0.7964461277127532,25,0
GLIMEPIRIDE,CHEMBL1481,CCC1=C(C)CN(C(=O)NCCc2ccc(S(=O)(=O)NC(=O)N[C@H]3CC[C@H](C)CC3)cc2)C1=O,490.6260000000003,3.0740000000000016,3,5,124.68,7,0.5417624275928407,34,0
SELEXIPAG,CHEMBL238804,CC(C)N(CCCCOCC(=O)NS(C)(=O)=O)c1cnc(-c2ccccc2)c(-c2ccccc2)n1,496.6330000000002,3.8980000000000032,1,7,101.49000000000001,12,0.3795721172996913,35,0
BETHANECHOL,CHEMBL1482,CC(C[N+](C)(C)C)OC(N)=O,161.22499999999997,0.1764,1,2,52.32,3,0.6000594654010832,11,0
ALBENDAZOLE,CHEMBL1483,CCCSc1ccc2[nH]c(NC(=O)OC)nc2c1,265.33799999999997,3.2433000000000005,2,4,67.01,4,0.8327124144827058,18,0
ATORVASTATIN CALCIUM,CHEMBL393220,CC(C)c1c(C(=O)Nc2ccccc2)c(-c2ccccc2)c(-c2ccc(F)cc2)n1CC[C@@H](O)C[C@@H](O)CC(=O)O,558.6500000000003,6.313600000000008,4,4,111.79,12,0.16276043934928294,41,2
NICARDIPINE,CHEMBL1484,COC(=O)C1=C(C)NC(C)=C(C(=O)OCCN(C)Cc2ccccc2)C1c1cccc([N+](=O)[O-])c1,479.5330000000002,3.677800000000002,1,8,111.00999999999999,9,0.329448552641207,35,0
LOSARTAN,CHEMBL191,CCCCc1nc(Cl)c(CO)n1Cc1ccc(-c2ccccc2-c2nnn[nH]2)cc1,422.9200000000001,4.2668000000000035,2,5,92.50999999999999,8,0.44208017823980256,30,0
SILDENAFIL,CHEMBL192,CCCc1nn(C)c2c(=O)[nH]c(-c3cc(S(=O)(=O)N4CCN(C)CC4)ccc3OCC)nc12,474.5870000000004,1.6109,1,7,113.41999999999999,7,0.5534046105187581,33,0
PEMAFIBRATE,CHEMBL247951,CC[C@@H](Oc1cccc(CN(CCCOc2ccc(OC)cc2)c2nc3ccccc3o2)c1)C(=O)O,490.55600000000015,5.554100000000006,1,7,94.26,13,0.24372985072367295,36,1
TICAGRELOR,CHEMBL398435,CCCSc1nc(N[C@@H]2C[C@H]2c2ccc(F)c(F)c2)c2nnn([C@@H]3C[C@H](OCCO)[C@@H](O)[C@H]3O)c2n1,522.5780000000002,2.0136999999999996,4,10,138.44,10,0.23104078172688383,36,1
TENOFOVIR DISOPROXIL FUMARATE,CHEMBL1486,CC(C)OC(=O)OCOP(=O)(CO[C@H](C)Cn1cnc2c(N)ncnc21)OCOC(=O)OC(C)C,519.4480000000002,3.0356000000000014,1,14,185.43999999999997,13,0.2310328956549481,35,2
ATORVASTATIN,CHEMBL1487,CC(C)c1c(C(=O)Nc2ccccc2)c(-c2ccccc2)c(-c2ccc(F)cc2)n1CC[C@@H](O)C[C@@H](O)CC(=O)O,558.6500000000003,6.313600000000008,4,4,111.79,12,0.16276043934928294,41,2
URACIL MUSTARD,CHEMBL1488,Oc1ncc(N(CCCl)CCCl)c(O)n1,252.101,1.1718,2,5,69.48,5,0.7696469889067921,15,0
AZACITIDINE,CHEMBL1489,Nc1ncn([C@@H]2O[C@H](CO)[C@@H](O)[C@H]2O)c(=O)n1,244.207,-3.1679999999999997,4,8,143.72000000000003,2,0.4262474653048269,17,0
PERICIAZINE,CHEMBL251940,N#Cc1ccc2c(c1)N(CCCN1CCC(O)CC1)c1ccccc1S2,365.502,4.007780000000003,1,5,50.5,4,0.8871730288291078,26,0
TRIHEXYPHENIDYL,CHEMBL1490,OC(CCN1CCCCC1)(c1ccccc1)C1CCCCC1,301.47400000000016,4.330500000000004,1,2,23.47,5,0.8747104302685795,22,0
AMLODIPINE,CHEMBL1491,CCOC(=O)C1=C(COCCN)NC(C)=C(C(=O)OC)C1c1ccccc1Cl,408.88200000000006,2.266300000000001,2,7,99.88000000000001,8,0.5023259105130484,28,0
BROMHEXINE,CHEMBL253376,CN(Cc1cc(Br)cc(Br)c1N)C1CCCCC1,376.13600000000025,4.558300000000004,1,2,29.259999999999998,3,0.784348333258534,18,0
DIPHENYLPYRALINE,CHEMBL1492,CN1CCC(OC(c2ccccc2)c2ccccc2)CC1,281.3990000000001,3.8868000000000027,0,2,12.47,4,0.8428209643790592,21,0
FLAVOXATE,CHEMBL1493,Cc1c(-c2ccccc2)oc2c(C(=O)OCCN3CCCCC3)cccc2c1=O,391.46700000000016,4.411120000000004,0,5,59.75,5,0.6030824294043329,29,0
OXYPHENCYCLIMINE,CHEMBL1495,CN1CCCN=C1COC(=O)C(O)(c1ccccc1)C1CCCCC1,344.4550000000002,2.731700000000001,1,5,62.129999999999995,5,0.8344883565703411,25,0
IDEBENONE,CHEMBL252556,COC1=C(OC)C(=O)C(CCCCCCCCCCO)=C(C)C1=O,338.444,3.4623000000000026,1,5,72.83000000000001,12,0.4356457601684276,24,0
ROSUVASTATIN,CHEMBL1496,CC(C)c1nc(N(C)S(C)(=O)=O)nc(-c2ccc(F)cc2)c1/C=C/[C@@H](O)C[C@@H](O)CC(=O)O,481.5460000000002,2.4017,3,7,140.92,10,0.4698020340853984,33,0
BETAMETHASONE VALERATE,CHEMBL1497,CCCCC(=O)O[C@]1(C(=O)CO)[C@@H](C)C[C@H]2[C@@H]3CCC4=CC(=O)C=C[C@]4(C)[C@@]3(F)[C@@H](O)C[C@@]21C,476.58500000000026,3.6368000000000027,2,6,100.90000000000002,6,0.5679557810972998,34,0
FLUOCINONIDE,CHEMBL1501,CC(=O)OCC(=O)[C@@]12OC(C)(C)O[C@@H]1C[C@H]1[C@@H]3C[C@H](F)C4=CC(=O)C=C[C@]4(C)[C@@]3(F)[C@@H](O)C[C@@]12C,494.53100000000023,2.9376000000000015,1,7,99.13000000000001,3,0.6025729235661365,35,0
HYDROMORPHONE,CHEMBL398707,CN1CC[C@]23c4c5ccc(O)c4O[C@H]2C(=O)CC[C@H]3[C@H]1C5,285.34299999999996,1.6302999999999999,1,4,49.77,0,0.7869335307088955,21,0
NIFEDIPINE,CHEMBL193,COC(=O)C1=C(C)NC(C)=C(C(=O)OC)C1c1ccccc1[N+](=O)[O-],346.33900000000006,2.1756,1,7,107.77000000000001,4,0.5055052971214055,25,0
PANTOPRAZOLE,CHEMBL1502,COc1ccnc(C[S+]([O-])c2nc3cc(OC(F)F)ccc3[nH]2)c1OC,383.3760000000001,2.8843000000000005,1,6,92.32000000000001,7,0.6309371659531015,26,0
OMEPRAZOLE,CHEMBL1503,COc1ccc2[nH]c([S+]([O-])Cc3ncc(C)c(OC)c3C)nc2c1,345.4240000000001,2.8997400000000013,1,5,83.09,5,0.7189882148938236,24,0
TRIAMCINOLONE ACETONIDE,CHEMBL1504,CC1(C)O[C@@H]2C[C@H]3[C@@H]4CCC5=CC(=O)C=C[C@]5(C)[C@@]4(F)[C@@H](O)C[C@]3(C)[C@]2(C(=O)CO)O1,434.50400000000025,2.4188000000000005,2,6,93.06,2,0.6935078414535659,31,0
ALMOTRIPTAN,CHEMBL1505,CN(C)CCc1c[nH]c2ccc(CS(=O)(=O)N3CCCC3)cc12,335.4730000000002,2.1975999999999996,1,3,56.410000000000004,6,0.8803470485806123,23,0
ESCITALOPRAM,CHEMBL1508,CN(C)CCC[C@@]1(c2ccc(F)cc2)OCc2cc(C#N)ccc21,324.39900000000006,3.812980000000003,0,3,36.26,5,0.8388667572429986,24,0
DROSPIRENONE,CHEMBL1509,C[C@]12CCC(=O)C=C1[C@@H]1C[C@@H]1[C@H]1[C@@H]3[C@@H]4C[C@@H]4[C@@]4(CCC(=O)O4)[C@@]3(C)CC[C@@H]12,366.50100000000015,4.305900000000004,0,3,43.370000000000005,0,0.6002668837960434,27,0
ELETRIPTAN,CHEMBL1510,CN1CCC[C@@H]1Cc1c[nH]c2ccc(CCS(=O)(=O)c3ccccc3)cc12,382.5290000000001,3.8210000000000024,1,3,53.17,6,0.7050592233207414,27,0
ESTRADIOL VALERATE,CHEMBL1511,CCCCC(=O)O[C@H]1CC[C@H]2[C@@H]3CCc4cc(O)ccc4[C@H]3CC[C@]12C,356.5060000000001,5.350300000000006,1,3,46.53,4,0.7397426708714153,26,1
FLUNISOLIDE,CHEMBL1512,CC1(C)O[C@@H]2C[C@H]3[C@@H]4C[C@H](F)C5=CC(=O)C=C[C@]5(C)[C@H]4[C@@H](O)C[C@]3(C)[C@]2(C(=O)CO)O1,434.50400000000025,2.2747000000000006,2,6,93.06,2,0.6927713808384576,31,0
FLUOCORTOLONE,CHEMBL251634,C[C@@H]1C[C@H]2[C@@H]3C[C@H](F)C4=CC(=O)C=C[C@]4(C)[C@H]3[C@@H](O)C[C@]2(C)[C@H]1C(=O)CO,376.4680000000002,2.6367000000000016,2,4,74.6,2,0.7769741500122379,27,0
IRBESARTAN,CHEMBL1513,CCCCC1=NC2(CCCC2)C(=O)N1Cc1ccc(-c2ccccc2-c2nnn[nH]2)cc1,428.5400000000001,4.777400000000004,1,5,87.13,7,0.5867441988589208,32,0
METHACYCLINE,CHEMBL249837,C=C1c2cccc(O)c2C(=O)C2=C(O)[C@]3(O)C(=O)C(C(N)=O)=C(O)[C@@H](N(C)C)[C@@H]3[C@@H](O)[C@H]12,442.42400000000015,-0.4378999999999982,6,9,181.62,2,0.3308521588911173,32,1
OXYTETRACYCLINE,CHEMBL1517,CN(C)[C@@H]1C(O)=C(C(N)=O)C(=O)[C@@]2(O)C(O)=C3C(=O)c4c(O)cccc4[C@@](C)(O)[C@H]3[C@H](O)[C@@H]12,460.43900000000014,-1.2435999999999974,7,10,201.84999999999997,2,0.26155458511612795,33,1
PROPYLTHIOURACIL,CHEMBL1518,CCCc1cc(=O)[nH]c(=S)[nH]1,170.237,1.38499,2,2,48.65,2,0.6587322532597096,11,0
TRANDOLAPRIL,CHEMBL1519,CCOC(=O)[C@H](CCc1ccccc1)N[C@@H](C)C(=O)N1[C@H](C(=O)O)C[C@H]2CCCC[C@@H]21,430.54500000000036,2.7733000000000008,2,5,95.94000000000001,9,0.5851031637925748,31,0
VARDENAFIL,CHEMBL1520,CCCc1nc(C)c2c(=O)nc(-c3cc(S(=O)(=O)N4CCN(CC)CC4)ccc3OCC)[nH]n12,488.6140000000004,2.07042,1,7,112.9,8,0.5164114874787473,34,0
ZALEPLON,CHEMBL1521,CCN(C(C)=O)c1cccc(-c2ccnc3c(C#N)cnn23)c1,305.341,2.6407800000000003,0,4,74.28999999999999,3,0.7452640844090571,23,0
ESZOPICLONE,CHEMBL1522,CN1CCN(C(=O)O[C@H]2c3nccnc3C(=O)N2c2ccc(Cl)cn2)CC1,388.8150000000001,1.5679999999999998,0,7,91.75999999999999,2,0.7705081180627319,27,0
ENOXIMONE,CHEMBL249856,CSc1ccc(C(=O)c2[nH]c(=O)[nH]c2C)cc1,248.307,1.9643199999999998,2,3,65.72,3,0.6443400679154861,17,0
ABIRATERONE,CHEMBL254328,C[C@]12CC[C@H](O)CC1=CC[C@@H]1[C@@H]2CC[C@]2(C)C(c3cccnc3)=CC[C@@H]12,349.51800000000003,5.398600000000005,1,2,33.120000000000005,1,0.6887813871003827,26,1
RALTEGRAVIR,CHEMBL254316,Cc1nnc(C(=O)NC(C)(C)c2nc(C(=O)NCc3ccc(F)cc3)c(O)c(=O)n2C)o1,444.4230000000002,0.9115199999999997,3,8,152.24,6,0.5072974072735444,32,0
MENTHOL,CHEMBL256087,CC1CCC(C(C)C)C(O)C1,156.26899999999998,2.4395000000000007,1,1,20.23,1,0.6179494584335713,11,0
DIPHENIDOL HYDROCHLORIDE,CHEMBL1529,OC(CCCN1CCCCC1)(c1ccccc1)c1ccccc1,309.45300000000003,4.188600000000004,1,2,23.47,6,0.8646915663127632,23,0
ATALUREN,CHEMBL256997,O=C(O)c1cccc(-c2noc(-c3ccccc3F)n2)c1,284.246,3.240900000000001,1,4,76.22,3,0.7985696395658854,21,0
MONENSIN,CHEMBL256105,CC[C@@]1([C@@H]2O[C@@H]([C@H]3O[C@@](O)(CO)[C@H](C)C[C@@H]3C)C[C@@H]2C)CC[C@H]([C@]2(C)CC[C@]3(C[C@H](O)[C@@H](C)[C@@H]([C@@H](C)[C@@H](OC)[C@H](C)C(=O)O)O3)O2)O1,670.8810000000005,4.272900000000003,4,10,153.37,10,0.26360699198358767,47,1
NILOTINIB,CHEMBL255863,Cc1cn(-c2cc(NC(=O)c3ccc(C)c(Nc4nccc(-c5cccnc5)n4)c3)cc(C(F)(F)F)c2)cn1,529.5260000000001,6.355840000000005,2,6,97.62,6,0.26585982163254196,39,2
MILNACIPRAN,CHEMBL259209,CCN(CC)C(=O)C1(c2ccccc2)CC1CN,246.35399999999998,1.7713999999999999,1,2,46.33,5,0.8603942445298217,18,0
TAPINAROF,CHEMBL259571,CC(C)c1c(O)cc(/C=C/c2ccccc2)cc1O,254.329,4.391600000000004,2,2,40.46,3,0.7973006402836676,19,0
ETONOGESTREL,CHEMBL1531,C#C[C@]1(O)CC[C@H]2[C@@H]3CCC4=CC(=O)CC[C@@H]4[C@H]3C(=C)C[C@@]21CC,324.4640000000001,4.048700000000004,1,2,37.3,1,0.5834905102158031,24,0
QUINETHAZONE,CHEMBL1532,CCC1NC(=O)c2cc(S(N)(=O)=O)c(Cl)cc2N1,289.74399999999997,0.8788000000000005,3,4,101.28999999999999,2,0.751957676885389,18,0
DESOGESTREL,CHEMBL1533,C#C[C@]1(O)CC[C@H]2[C@@H]3CCC4=CCCC[C@@H]4[C@H]3C(=C)C[C@@]21CC,310.48100000000005,4.869700000000004,1,1,20.23,1,0.540960336622813,23,0
RIBOFLAVIN,CHEMBL1534,Cc1cc2nc3c(=O)[nH]c(=O)nc-3n(C[C@H](O)[C@H](O)[C@H](O)CO)c2cc1C,376.36900000000014,-1.7235599999999989,5,8,161.56,5,0.3284121594560428,27,0
MESTEROLONE,CHEMBL258918,C[C@H]1CC(=O)C[C@@H]2CC[C@H]3[C@@H]4CC[C@H](O)[C@@]4(C)CC[C@@H]3[C@]21C,304.47400000000005,4.205100000000003,1,2,37.3,0,0.7278176746345383,22,0
MOFEZOLAC,CHEMBL259972,COc1ccc(-c2noc(CC(=O)O)c2-c2ccc(OC)cc2)cc1,339.34700000000004,3.6529000000000025,1,5,81.79,6,0.7380134904098221,25,0
HYDROXYCHLOROQUINE,CHEMBL1535,CCN(CCO)CCCC(C)Nc1ccnc2cc(Cl)ccc12,335.8790000000001,3.783000000000002,2,4,48.39,9,0.7317801043771166,23,0
ERGOCALCIFEROL,CHEMBL1536,C=C1CC[C@H](O)C/C1=C/C=C1\CCC[C@]2(C)[C@@H]([C@H](C)/C=C/[C@H](C)C(C)C)CC[C@@H]12,396.6590000000001,7.641000000000008,1,1,20.23,5,0.4732790343822408,29,1
MECLOCYCLINE SULFOSALICYLATE,CHEMBL261772,C=C1c2c(Cl)ccc(O)c2C(=O)C2=C(O)[C@]3(O)C(=O)C(C(N)=O)=C(O)[C@@H](N(C)C)[C@@H]3[C@@H](O)[C@H]12,476.8690000000002,0.21550000000000008,6,9,181.62,2,0.3249428299467629,33,1
AZLOCILLIN,CHEMBL1537,CC1(C)S[C@@H]2[C@H](NC(=O)[C@H](NC(=O)N3CCNC3=O)c3ccccc3)C(=O)N2[C@H]1C(=O)O,461.50000000000017,0.0942000000000009,4,6,148.14999999999998,5,0.45444554983360785,32,0
TENOFOVIR DISOPROXIL,CHEMBL1538,CC(C)OC(=O)OCOP(=O)(CO[C@H](C)Cn1cnc2c(N)ncnc21)OCOC(=O)OC(C)C,519.4480000000002,3.0356000000000014,1,14,185.43999999999997,13,0.2310328956549481,35,2
SULFADOXINE,CHEMBL1539,COc1ncnc(NS(=O)(=O)c2ccc(N)cc2)c1OC,310.33500000000004,0.8768,2,7,116.43,5,0.7870878791639985,21,0
PENCICLOVIR,CHEMBL1540,Nc1nc(O)c2ncn(CCC(CO)CO)c2n1,253.26199999999994,-0.895,4,7,130.31,5,0.5430596720560048,18,0
CEFIXIME,CHEMBL1541,C=CC1=C(C(=O)O)N2C(=O)[C@@H](NC(=O)/C(=N\OCC(=O)O)c3csc(N)n3)[C@H]2SC1,453.45800000000014,-0.5447999999999991,4,10,184.51,8,0.22618525506501608,30,0
AZATHIOPRINE,CHEMBL1542,Cn1cnc([N+](=O)[O-])c1Sc1ncnc2[nH]cnc12,277.269,1.1457999999999997,1,7,115.42,3,0.43328794180573177,19,0
METHYLENE BLUE ANHYDROUS,CHEMBL405110,CN(C)c1ccc2nc3ccc(N(C)C)cc3[s+]c2c1,284.408,3.862600000000003,0,3,19.370000000000005,2,0.5259574390794158,20,0
LIOTHYRONINE,CHEMBL1544,N[C@@H](Cc1cc(I)c(Oc2ccc(O)c(I)c2)c(I)c1)C(=O)O,650.9760000000001,3.952700000000001,3,4,92.78000000000002,5,0.4267101714465896,23,1
BELINOSTAT,CHEMBL408513,O=C(/C=C/c1cccc(S(=O)(=O)Nc2ccccc2)c1)NO,318.354,2.0060000000000002,3,4,95.5,5,0.4462558920281968,22,0
ALVIMOPAN,CHEMBL270190,C[C@H]1CN(C[C@H](Cc2ccccc2)C(=O)NCC(=O)O)CC[C@@]1(C)c1cccc(O)c1,424.5410000000002,3.051400000000001,3,4,89.87,8,0.6060542279978058,31,0
HYDROXYAMPHETAMINE,CHEMBL1546,CC(N)Cc1ccc(O)cc1,151.20899999999997,1.2819,2,2,46.25,2,0.6684959137911127,11,0
THIAMINE ION,CHEMBL1547,Cc1ncc(C[n+]2csc(CCO)c2C)c(N)n1,265.36199999999997,0.60774,2,5,75.91,4,0.79412732636072,18,0
MARAVIROC,CHEMBL256907,Cc1nnc(C(C)C)n1[C@H]1C[C@H]2CC[C@@H](C1)N2CC[C@H](NC(=O)C1CCC(F)(F)CC1)c1ccccc1,513.6770000000002,5.950920000000006,1,4,63.050000000000004,8,0.473786196640125,37,2
ABIRATERONE ACETATE,CHEMBL271227,CC(=O)O[C@H]1CC[C@@]2(C)C(=CC[C@@H]3[C@@H]2CC[C@]2(C)C(c4cccnc4)=CC[C@@H]32)C1,391.5550000000001,5.9694000000000065,0,3,39.19,2,0.4604575535940218,29,1
CHLORTETRACYCLINE,CHEMBL404520,CN(C)[C@@H]1C(O)=C(C(N)=O)C(=O)[C@@]2(O)C(O)=C3C(=O)c4c(O)ccc(Cl)c4[C@@](C)(O)[C@H]3C[C@@H]12,478.8850000000002,0.4390000000000007,6,9,181.61999999999998,2,0.3283008516696476,33,1
NALFURAFINE,CHEMBL267495,CN(C(=O)/C=C/c1ccoc1)[C@@H]1CC[C@@]2(O)[C@H]3Cc4ccc(O)c5c4[C@@]2(CCN3CC2CC2)[C@H]1O5,476.5730000000003,3.0897000000000014,2,6,86.38000000000001,5,0.6453979969056606,35,0
HYDROCORTISONE CYPIONATE,CHEMBL1549,C[C@]12CCC(=O)C=C1CC[C@@H]1[C@@H]2[C@@H](O)C[C@@]2(C)[C@H]1CC[C@]2(O)C(=O)COC(=O)CCC1CCCC1,486.6490000000005,4.302900000000004,2,6,100.9,6,0.5429922145181357,35,0
PHYTONADIONE,CHEMBL1550,CC1=C(C/C=C(\C)CCC[C@H](C)CCC[C@H](C)CCCC(C)C)C(=O)c2ccccc2C1=O,450.7070000000002,9.1576,0,2,34.14,14,0.26470583099531264,33,1
DAPAGLIFLOZIN,CHEMBL429910,CCOc1ccc(Cc2cc([C@@H]3O[C@H](CO)[C@@H](O)[C@H](O)[C@H]3O)ccc2Cl)cc1,408.87800000000004,1.8443999999999996,4,6,99.38000000000001,6,0.5818339767551266,28,0
URSODIOL,CHEMBL1551,C[C@H](CCC(=O)O)[C@H]1CC[C@H]2[C@@H]3[C@@H](O)C[C@@H]4C[C@H](O)CC[C@]4(C)[C@H]3CC[C@]12C,392.5800000000002,4.477900000000004,3,3,77.76,4,0.659162096020487,28,0
DEOXYCHOLIC ACID,CHEMBL406393,C[C@H](CCC(=O)O)[C@H]1CC[C@H]2[C@@H]3CC[C@@H]4C[C@H](O)CC[C@]4(C)[C@H]3C[C@H](O)[C@]12C,392.58000000000015,4.477900000000005,3,3,77.76,4,0.6591620960204871,28,0
TAURURSODIOL,CHEMBL272427,C[C@H](CCC(=O)NCCS(=O)(=O)O)[C@H]1CC[C@H]2[C@@H]3[C@@H](O)C[C@@H]4C[C@H](O)CC[C@]4(C)[C@H]3CC[C@]12C,499.71400000000034,3.3973000000000013,4,5,123.93,7,0.39816166284880605,34,0
GALANTAMINE HYDROBROMIDE,CHEMBL1555,COc1ccc2c3c1O[C@H]1C[C@@H](O)C=C[C@@]31CCN(C)C2,287.35900000000004,1.8503,1,4,41.93,1,0.8005242690101381,21,0
ASCORBIC ACID,CHEMBL196,O=C1O[C@H]([C@@H](O)CO)C(O)=C1O,176.124,-1.4073999999999995,4,6,107.22000000000001,2,0.3850054008235984,12,0
DOPAMINE HYDROCHLORIDE,CHEMBL1557,NCCc1ccc(O)c(O)c1,153.18099999999998,0.5989999999999998,3,3,66.48,2,0.544872838506118,11,0
PRAZOSIN HYDROCHLORIDE,CHEMBL1558,COc1cc2nc(N3CCN(C(=O)c4ccco4)CC3)nc(N)c2cc1OC,383.40800000000024,1.7845999999999997,1,8,106.95,4,0.7265621787893097,28,0
MICONAZOLE NITRATE,CHEMBL1559,Clc1ccc(COC(Cn2ccnc2)c2ccc(Cl)cc2Cl)c(Cl)c1,416.1350000000001,6.454800000000002,0,2,27.05,6,0.4616906207935435,25,1
CAPTOPRIL,CHEMBL1560,C[C@H](CS)C(=O)N1CCC[C@H]1C(=O)O,217.28999999999996,0.6279000000000001,2,3,57.61,3,0.6816110954453929,14,0
ATROPINE,CHEMBL517712,CN1[C@@H]2CC[C@H]1C[C@@H](OC(=O)C(CO)c1ccccc1)C2,289.37500000000006,1.9308999999999996,1,4,49.769999999999996,4,0.8605899449393155,21,0
MIGLITOL,CHEMBL1561,OCCN1C[C@H](O)[C@@H](O)[C@H](O)[C@H]1CO,207.226,-3.262099999999999,5,6,104.39000000000001,3,0.3326203956682485,14,0
DAUNORUBICIN HYDROCHLORIDE,CHEMBL1563,COc1cccc2c1C(=O)c1c(O)c3c(c(O)c1C2=O)C[C@@](O)(C(C)=O)C[C@@H]3O[C@H]1C[C@H](N)[C@H](O)[C@H](C)O1,527.5260000000003,1.0288999999999997,5,11,185.84,4,0.3051291560965146,38,2
DIPHENYLPYRALINE HYDROCHLORIDE,CHEMBL1564,CN1CCC(OC(c2ccccc2)c2ccccc2)CC1,281.3990000000001,3.8868000000000027,0,2,12.47,4,0.8428209643790592,21,0
COCAINE HYDROCHLORIDE,CHEMBL529437,COC(=O)[C@H]1[C@@H](OC(=O)c2ccccc2)C[C@@H]2CC[C@H]1N2C,303.35800000000006,1.8677,0,5,55.84,3,0.7979361284429697,22,0
IVABRADINE,CHEMBL471737,COc1cc2c(cc1OC)CC(=O)N(CCCN(C)C[C@H]1Cc3cc(OC)c(OC)cc31)CC2,468.59400000000034,3.3100000000000023,0,6,60.47000000000001,10,0.5333149482831275,34,0
SUNITINIB MALATE,CHEMBL1567,CCN(CC)CCNC(=O)c1c(C)[nH]c(/C=C2\C(=O)Nc3ccc(F)cc32)c1C,398.48200000000014,3.3349400000000013,3,3,77.23,7,0.6263032743124629,29,0
TREOSULFAN,CHEMBL455186,CS(=O)(=O)OC[C@H](O)[C@@H](O)COS(C)(=O)=O,278.30400000000003,-2.3393999999999986,2,8,127.20000000000002,7,0.49590241519042405,16,0
AMANTADINE HYDROCHLORIDE,CHEMBL1569,NC12CC3CC(CC(C3)C1)C2,151.253,1.9139,1,1,26.02,0,0.5620664127719119,11,0
GLIBORNURIDE,CHEMBL529888,Cc1ccc(S(=O)(=O)NC(=O)N[C@H]2[C@H]3CC[C@@](C)([C@H]2O)C3(C)C)cc1,366.4830000000001,2.16852,3,4,95.5,3,0.7638586024536907,25,0
SULFOXONE,CHEMBL1570,O=S(O)CNc1ccc(S(=O)(=O)c2ccc(NCS(=O)O)cc2)cc1,404.4910000000001,1.7015999999999998,4,6,132.79999999999998,8,0.4887779283307861,25,0
TENIPOSIDE,CHEMBL452231,COc1cc([C@@H]2c3cc4c(cc3[C@@H](O[C@@H]3O[C@@H]5CO[C@@H](c6cccs6)O[C@H]5[C@H](O)[C@H]3O)[C@H]3COC(=O)[C@H]23)OCO4)cc(OC)c1O,656.6620000000001,2.752900000000001,3,14,160.83,6,0.33279567772779733,46,2
TESTOLACTONE,CHEMBL1571,C[C@]12C=CC(=O)C=C1CC[C@@H]1[C@@H]2CC[C@]2(C)OC(=O)CC[C@@H]12,300.3980000000001,3.5899000000000028,0,3,43.370000000000005,0,0.6421056110726256,22,0
NETILMICIN,CHEMBL1572,CCN[C@@H]1C[C@H](N)[C@@H](O[C@H]2OC(CN)=CC[C@H]2N)[C@H](O)[C@H]1O[C@H]1OC[C@](C)(O)[C@H](NC)[C@H]1O,475.58700000000016,-3.200699999999992,8,12,199.72999999999996,8,0.17503537053091334,33,2
ETHINAMATE,CHEMBL1576,C#CC1(OC(N)=O)CCCCC1,167.20799999999997,1.4178000000000002,1,2,52.32,1,0.6002616319602778,12,0
METHYCLOTHIAZIDE,CHEMBL1577,CN1C(CCl)Nc2cc(Cl)c(S(N)(=O)=O)cc2S1(=O)=O,360.2440000000001,0.5983000000000003,2,5,109.57,2,0.7508465680270321,20,0
ANISOTROPINE METHYLBROMIDE,CHEMBL1578,CCCC(CCC)C(=O)O[C@H]1C[C@H]2CC[C@@H](C1)[N+]2(C)C,282.448,3.5158000000000023,0,2,26.3,6,0.5502340470711022,20,0
PENTOSTATIN,CHEMBL1580,OC[C@H]1O[C@@H](n2cnc3c2N=CNC[C@H]3O)C[C@@H]1O,268.273,-1.1798000000000006,4,7,112.13000000000001,2,0.5369588450641498,19,0
PERINDOPRIL,CHEMBL1581,CCC[C@H](N[C@@H](C)C(=O)N1[C@H](C(=O)O)C[C@@H]2CCCC[C@@H]21)C(=O)OCC,368.47400000000016,1.940599999999999,2,5,95.94000000000001,8,0.6358209968803862,26,0
CILAZAPRIL,CHEMBL515606,CCOC(=O)[C@H](CCc1ccccc1)N[C@H]1CCCN2CCC[C@@H](C(=O)O)N2C1=O,417.5060000000003,1.5955,2,6,99.18,8,0.619939920109502,30,0
BACAMPICILLIN,CHEMBL1583,CCOC(=O)OC(C)OC(=O)[C@@H]1N2C(=O)[C@@H](NC(=O)[C@H](N)c3ccccc3)[C@H]2SC1(C)C,465.5280000000002,1.2958000000000012,2,9,137.26000000000002,7,0.3465790612399167,32,0
PIPERACETAZINE,CHEMBL1584,CC(=O)c1ccc2c(c1)N(CCCN1CCC(CCO)CC1)c1ccccc1S2,410.5830000000001,4.976400000000005,1,5,43.78,7,0.6525728569553443,29,0
PIPOBROMAN,CHEMBL1585,O=C(CCBr)N1CCN(C(=O)CCBr)CC1,356.058,1.2272,0,2,40.620000000000005,4,0.7114345138310305,16,0
POLYTHIAZIDE,CHEMBL1587,CN1C(CSCC(F)(F)F)Nc2cc(Cl)c(S(N)(=O)=O)cc2S1(=O)=O,439.8900000000002,1.655,2,6,109.57,4,0.7378988516920792,25,0
BENDAMUSTINE,CHEMBL487253,Cn1c(CCCC(=O)O)nc2cc(N(CCCl)CCCl)ccc21,358.26900000000006,3.2646000000000024,1,3,58.36000000000001,9,0.6993362755354798,23,0
THIAMINE,CHEMBL1588,Cc1ncc(C[n+]2csc(CCO)c2C)c(N)n1,265.36199999999997,0.60774,2,5,75.91,4,0.79412732636072,18,0
ACETOHEXAMIDE,CHEMBL1589,CC(=O)c1ccc(S(=O)(=O)NC(=O)NC2CCCCC2)cc1,324.4020000000001,2.2098000000000004,2,4,92.34,4,0.8305743326907693,22,0
PSEUDOEPHEDRINE,CHEMBL1590,CN[C@@H](C)[C@@H](O)c1ccccc1,165.236,1.3278999999999999,2,2,32.26,3,0.7078187228911748,12,0
DEMECLOCYCLINE,CHEMBL1591,CN(C)[C@@H]1C(O)=C(C(N)=O)C(=O)[C@@]2(O)C(O)=C3C(=O)c4c(O)ccc(Cl)c4[C@@H](O)[C@H]3C[C@@H]12,464.8580000000002,0.2649000000000006,6,9,181.61999999999998,2,0.3342986617953946,32,1
QUINAPRIL,CHEMBL1592,CCOC(=O)[C@H](CCc1ccccc1)N[C@@H](C)C(=O)N1Cc2ccccc2C[C@H]1C(=O)O,438.5240000000003,2.5671,2,5,95.94000000000001,9,0.5844860779881329,32,0
PANTOTHENIC ACID,CHEMBL1594,CC(C)(CO)[C@@H](O)C(=O)NCCC(=O)O,219.23699999999997,-1.0432999999999995,4,4,106.86,6,0.4560957521485702,15,0
CARBENOXOLONE,CHEMBL499915,CC1(C)[C@@H](OC(=O)CCC(=O)O)CC[C@]2(C)[C@H]3C(=O)C=C4[C@@H]5C[C@@](C)(C(=O)O)CC[C@]5(C)CC[C@@]4(C)[C@]3(C)CC[C@@H]12,570.7670000000003,6.828300000000008,2,5,117.97000000000001,5,0.34792496364812736,41,2
DIHYDROCODEINE,CHEMBL1595,COc1ccc2c3c1O[C@H]1[C@@H](O)CC[C@H]4[C@@H](C2)N(C)CC[C@@]341,301.3860000000001,1.7251,1,4,41.93,1,0.857564110359614,22,0
PITOLISANT,CHEMBL462605,Clc1ccc(CCCOCCCN2CCCCC2)cc1,295.8539999999999,4.165200000000003,0,2,12.47,8,0.6676423821298553,20,0
CARBENICILLIN INDANYL,CHEMBL1596,CC1(C)S[C@@H]2[C@H](NC(=O)C(C(=O)Oc3ccc4c(c3)CCC4)c3ccccc3)C(=O)N2[C@H]1C(=O)O,494.5690000000003,2.4962,2,6,113.01,6,0.27458080786087424,35,0
CEPHAPIRIN,CHEMBL1599,CC(=O)OCC1=C(C(=O)O)N2C(=O)[C@@H](NC(=O)CSc3ccncc3)[C@H]2SC1,423.4720000000001,0.4754000000000007,2,8,125.89999999999999,7,0.3656398276309724,28,0
CEFONICID,CHEMBL1601,O=C(O)C1=C(CSc2nnnn2CS(=O)(=O)O)CS[C@@H]2[C@H](NC(=O)[C@H](O)c3ccccc3)C(=O)N12,542.5770000000001,-0.9172999999999991,4,11,204.90999999999997,9,0.17210207791289023,35,2
CEPHRADINE,CHEMBL1604,CC1=C(C(=O)O)N2C(=O)[C@@H](NC(=O)[C@H](N)C3=CCC=CC3)[C@H]2SC1,349.4120000000001,0.34860000000000113,3,5,112.73,4,0.4985490439835023,24,0
CEFTIBUTEN,CHEMBL1605,Nc1nc(/C(=C/CC(=O)O)C(=O)N[C@@H]2C(=O)N3C(C(=O)O)=CCS[C@H]23)cs1,410.4330000000001,-0.0481999999999998,4,8,162.92,6,0.3718098097586124,27,0
TETRACYCLINE HYDROCHLORIDE,CHEMBL454950,CN(C)[C@@H]1C(O)=C(C(N)=O)C(=O)[C@@]2(O)C(O)=C3C(=O)c4c(O)cccc4[C@@](C)(O)[C@H]3C[C@@H]12,444.44000000000017,-0.21439999999999837,6,9,181.61999999999998,2,0.3361104616305243,32,1
TOPOTECAN HYDROCHLORIDE,CHEMBL1607,CC[C@@]1(O)C(=O)OCc2c1cc1n(c2=O)Cc2cc3c(CN(C)C)c(O)ccc3nc2-1,421.4530000000002,1.8468000000000002,2,7,104.89,3,0.4865420212105028,31,0
ELTROMBOPAG,CHEMBL461101,CC1=NN(c2ccc(C)c(C)c2)C(=O)/C1=N\Nc1cccc(-c2cccc(C(=O)O)c2)c1O,442.47500000000014,4.564840000000005,3,6,114.59,5,0.39569275781020385,33,0
NEFOPAM,CHEMBL465026,CN1CCOC(c2ccccc2)c2ccccc2C1,253.345,3.238000000000002,0,2,12.47,1,0.7733298315151295,19,0
CEFOTETAN,CHEMBL474579,CO[C@@]1(NC(=O)C2SC(=C(C(N)=O)C(=O)O)S2)C(=O)N2C(C(=O)O)=C(CSc3nnnn3C)CS[C@@H]21,575.6320000000002,-1.3974999999999984,4,13,219.92999999999995,9,0.06641669832653377,36,2
APREMILAST,CHEMBL514800,CCOc1cc([C@@H](CS(C)(=O)=O)N2C(=O)c3cccc(NC(C)=O)c3C2=O)ccc1OC,460.5080000000002,2.4342000000000006,1,7,119.08,8,0.6010508245322796,32,0
PHENYTOIN SODIUM,CHEMBL1611,O=C1N=C(O)NC1(c1ccccc1)c1ccccc1,252.27300000000002,1.9739999999999998,2,2,61.69,2,0.858643486167023,19,0
BETRIXABAN,CHEMBL512351,COc1ccc(NC(=O)c2ccc(C(=N)N(C)C)cc2)c(C(=O)Nc2ccc(Cl)cn2)c1,451.91400000000016,4.135170000000002,3,5,107.41000000000001,6,0.38545316609716934,32,0
GOSOGLIPTIN,CHEMBL515387,O=C([C@@H]1C[C@H](N2CCN(c3ncccn3)CC2)CN1)N1CCC(F)(F)C1,366.4160000000001,0.19670000000000054,1,6,64.60000000000001,3,0.8244792330819213,26,0
VISMODEGIB,CHEMBL473417,CS(=O)(=O)c1ccc(C(=O)Nc2ccc(Cl)c(-c3ccccn3)c2)c(Cl)c1,421.30500000000006,4.7112000000000025,1,4,76.13,4,0.6621021756233525,27,0
DORIPENEM,CHEMBL491571,C[C@@H](O)[C@H]1C(=O)N2C(C(=O)O)=C(S[C@@H]3CN[C@H](CNS(N)(=O)=O)C3)[C@H](C)[C@H]12,420.5130000000002,-1.6030999999999969,5,7,162.06,7,0.307507906873262,27,0
NADOLOL,CHEMBL521606,CC(C)(C)NCC(O)COc1cccc2c1CC(O)C(O)C2,309.406,0.6347999999999998,4,5,81.95,5,0.641468123492022,22,0
DOXORUBICIN HYDROCHLORIDE,CHEMBL359744,COc1cccc2c1C(=O)c1c(O)c3c(c(O)c1C2=O)C[C@@](O)(C(=O)CO)C[C@@H]3O[C@H]1C[C@H](N)[C@H](O)[C@H](C)O1,543.5250000000003,0.0012999999999993017,6,12,206.07,5,0.23526258168565614,39,3
CEFAMANDOLE NAFATE,CHEMBL1618,Cn1nnnc1SCC1=C(C(=O)O)N2C(=O)[C@@H](NC(=O)[C@H](OC=O)c3ccccc3)[C@H]2SC1,490.52300000000014,-0.044899999999998386,2,10,156.60999999999999,9,0.2759695808750801,33,0
CLADRIBINE,CHEMBL1619,Nc1nc(Cl)nc2c1ncn2[C@H]1C[C@H](O)[C@@H](CO)O1,285.69100000000003,-0.29740000000000044,3,7,119.31000000000002,2,0.6481668237451135,19,0
DIPHENHYDRAMINE HYDROCHLORIDE,CHEMBL1620,CN(C)CCOC(c1ccccc1)c1ccccc1,255.36100000000002,3.3542000000000023,0,2,12.47,6,0.7845504400951161,19,0
PALIPERIDONE,CHEMBL1621,Cc1nc2n(c(=O)c1CCN1CCC(c3noc4cc(F)ccc34)CC1)CCCC2O,426.49200000000025,3.081320000000002,1,6,84.39,4,0.6902887957170618,31,0
FOLIC ACID,CHEMBL1622,Nc1nc(=O)c2nc(CNc3ccc(C(=O)N[C@@H](CCC(=O)O)C(=O)O)cc3)cnc2[nH]1,441.40400000000017,-0.04479999999999945,6,9,213.27999999999994,9,0.25885401450618384,32,1
MEPENZOLATE,CHEMBL524004,C[N+]1(C)CCCC(OC(=O)C(O)(c2ccccc2)c2ccccc2)C1,340.4430000000001,2.7045000000000012,1,3,46.53,4,0.6875579142294286,25,0
MECLIZINE,CHEMBL1623,Cc1cccc(CN2CCN(C(c3ccccc3)c3ccc(Cl)cc3)CC2)c1,390.9580000000002,5.555620000000006,0,2,6.48,5,0.5626410757187412,28,1
OXYBENZONE,CHEMBL1625,COc1ccc(C(=O)c2ccccc2)c(O)c1,228.247,2.631800000000001,1,3,46.53,3,0.8212834753282111,17,0
CLEMASTINE,CHEMBL1626,CN1CCC[C@@H]1CCO[C@](C)(c1ccccc1)c1ccc(Cl)cc1,343.898,5.104400000000005,0,2,12.47,6,0.7227145221154115,24,1
OLAPARIB,CHEMBL521686,O=C(c1cc(Cc2n[nH]c(=O)c3ccccc23)ccc1F)N1CCN(C(=O)C2CC2)CC1,434.47100000000034,2.3474000000000004,1,4,86.37,4,0.6830916301031819,32,0
GLUCOSAMINE,CHEMBL493287,N[C@H]1C(O)O[C@H](CO)[C@@H](O)[C@@H]1O,179.17200000000003,-3.2549999999999994,5,6,116.17000000000002,1,0.28843989800463615,12,0
RALTEGRAVIR POTASSIUM,CHEMBL518520,Cc1nnc(C(=O)NC(C)(C)c2nc(C(=O)NCc3ccc(F)cc3)c(O)c(=O)n2C)o1,444.4230000000002,0.9115199999999997,3,8,152.24,6,0.5072974072735444,32,0
HEXYLRESORCINOL,CHEMBL443605,CCCCCCc1ccc(O)cc1O,194.274,3.2206000000000023,2,2,40.46,5,0.7064082483225956,14,0
CEPHALOTHIN SODIUM,CHEMBL1632,CC(=O)OCC1=C(C(=O)O)N2C(=O)[C@@H](NC(=O)Cc3cccs3)[C@H]2SC1,396.4460000000001,0.5923000000000007,2,7,113.00999999999999,6,0.5344806106940523,26,0
KETOTIFEN FUMARATE,CHEMBL1633,CN1CCC(=C2c3ccccc3CC(=O)c3sccc32)CC1,309.4340000000001,4.014400000000004,0,3,20.310000000000002,0,0.7325276241844828,22,0
LANINAMIVIR OCTANOATE,CHEMBL467058,CCCCCCCC(=O)OC[C@@H](O)[C@@H](OC)[C@@H]1OC(C(=O)O)=C[C@H](NC(=N)N)[C@H]1NC(C)=O,472.53900000000016,-0.010329999999994788,6,8,193.29000000000002,14,0.0866164266696187,33,1
GEMCITABINE HYDROCHLORIDE,CHEMBL1637,Nc1ccn([C@@H]2O[C@H](CO)[C@@H](O)C2(F)F)c(=O)n1,263.2,-1.2886,3,6,110.60000000000001,2,0.6120873727300362,18,0
ALISKIREN,CHEMBL1639,COCCCOc1cc(C[C@@H](C[C@H](N)[C@@H](O)C[C@H](C(=O)NCC(C)(C)C(N)=O)C(C)C)C(C)C)ccc1OC,551.7690000000003,3.2935000000000043,4,7,146.13,19,0.19299410257077063,39,1
HYDROCORTISONE PHOSPHORIC ACID,CHEMBL1641,C[C@]12CCC(=O)C=C1CC[C@@H]1[C@@H]2[C@@H](O)C[C@@]2(C)[C@H]1CC[C@]2(O)C(=O)COP(=O)(O)O,442.4450000000002,1.8986,4,6,141.36,4,0.4839209730150783,30,0
IMATINIB MESYLATE,CHEMBL1642,Cc1ccc(NC(=O)c2ccc(CN3CCN(C)CC3)cc2)cc1Nc1nccc(-c2cccnc2)n1,493.6150000000002,4.590320000000004,2,7,86.28000000000002,7,0.38941616262964607,37,0
RIBAVIRIN,CHEMBL1643,NC(=O)c1ncn([C@@H]2O[C@H](CO)[C@@H](O)[C@H]2O)n1,244.20700000000002,-3.0114999999999994,4,7,143.72000000000003,3,0.44284203167437103,17,0
CEFADROXIL,CHEMBL1644,CC1=C(C(=O)O)N2C(=O)[C@@H](NC(=O)[C@H](N)c3ccc(O)cc3)[C@H]2SC1,363.3950000000001,0.15050000000000108,4,6,132.96,4,0.5597037383059922,25,0
ESTRONE SULFURIC ACID,CHEMBL494753,C[C@]12CC[C@@H]3c4ccc(OS(=O)(=O)O)cc4CC[C@H]3[C@@H]1CCC2=O,350.43600000000015,3.293400000000002,1,4,80.67000000000002,2,0.8279121640505417,24,0
FLURPIRIDAZ,CHEMBL494622,CC(C)(C)n1ncc(OCc2ccc(COCCF)cc2)c(Cl)c1=O,368.83600000000007,3.7168000000000028,0,4,53.35,7,0.6988557608281541,25,0
ISRADIPINE,CHEMBL1648,COC(=O)C1=C(C)NC(C)=C(C(=O)OC(C)C)C1c1cccc2nonc12,371.3930000000001,2.5822000000000003,1,8,103.55,4,0.8181000978992072,27,0
VORAPAXAR,CHEMBL493982,CCOC(=O)N[C@@H]1CC[C@@H]2[C@@H](C1)C[C@H]1C(=O)O[C@H](C)[C@H]1[C@H]2/C=C/c1ccc(-c2cccc(F)c2)cn1,492.5910000000001,5.6295000000000055,1,5,77.52,5,0.5476460146101547,36,1
CORTISONE ACETATE,CHEMBL1650,CC(=O)OCC(=O)[C@@]1(O)CC[C@H]2[C@@H]3CCC4=CC(=O)CC[C@]4(C)[C@H]3C(=O)C[C@@]21C,402.48700000000025,2.560600000000001,1,6,97.74000000000001,3,0.7288385619310164,29,0
PAZOPANIB,CHEMBL477772,Cc1ccc(Nc2nccc(N(C)c3ccc4c(C)n(C)nc4c3)n2)cc1S(N)(=O)=O,437.52900000000017,3.1390400000000005,2,7,119.03,5,0.4921501033338167,31,0
AMBENONIUM,CHEMBL1652,CC[N+](CC)(CCNC(=O)C(=O)NCC[N+](CC)(CC)Cc1ccccc1Cl)Cc1ccccc1Cl,537.5760000000002,4.639200000000005,2,2,58.2,14,0.2726617298998794,36,1
VOGLIBOSE,CHEMBL476960,OCC(CO)N[C@H]1C[C@](O)(CO)[C@@H](O)[C@H](O)[C@H]1O,267.278,-4.492399999999994,8,8,153.64,5,0.24788620199052747,18,1
PHENIRAMINE MALEATE,CHEMBL1653,CN(C)CCC(c1ccccc1)c1ccccn1,240.35000000000002,3.1652000000000013,0,2,16.130000000000003,5,0.7977462845021502,18,0
RISEDRONATE SODIUM,CHEMBL1654,O=P(O)(O)C(O)(Cc1cccnc1)P(=O)(O)O,283.113,-0.3744000000000002,5,4,148.18,4,0.4696303686981007,17,0
TOREMIFENE,CHEMBL1655,CN(C)CCOc1ccc(/C(=C(/CCCl)c2ccccc2)c2ccccc2)cc1,405.969,6.215000000000006,0,2,12.47,9,0.30945335399668383,29,1
TAZAROTENE,CHEMBL1657,CCOC(=O)c1ccc(C#Cc2ccc3c(c2)C(C)(C)CCS3)nc1,351.47100000000006,4.431500000000004,0,4,39.19,2,0.5925551443407949,25,0
RETAPAMULIN,CHEMBL1658,C=C[C@]1(C)C[C@@H](OC(=O)CS[C@@H]2C[C@H]3CC[C@@H](C2)N3C)[C@]2(C)[C@H](C)CC[C@]3(CCC(=O)[C@H]32)[C@@H](C)[C@@H]1O,517.7760000000004,5.251300000000007,1,6,66.84,5,0.3968262654096404,36,2
CHLORPHENIRAMINE MALEATE,CHEMBL1659,CN(C)CCC(c1ccc(Cl)cc1)c1ccccn1,274.795,3.8186000000000027,0,2,16.130000000000003,5,0.8240069237957237,19,0
CEFTAROLINE FOSAMIL,CHEMBL501122,CCO/N=C(\C(=O)N[C@@H]1C(=O)N2C(C(=O)[O-])=C(Sc3nc(-c4cc[n+](C)cc4)cs3)CS[C@H]12)c1nsc(NP(=O)(O)O)n1,684.7000000000002,-0.11499999999999982,4,14,223.23999999999995,11,0.06802350181154992,43,2
LACTITOL,CHEMBL1661,OC[C@@H](O)[C@@H](O[C@@H]1O[C@H](CO)[C@H](O)[C@H](O)[C@H]1O)[C@H](O)[C@@H](O)CO,344.3130000000001,-5.761199999999992,9,11,200.52999999999997,8,0.2029803994672465,23,2
SECNIDAZOLE,CHEMBL498847,Cc1ncc([N+](=O)[O-])n1CC(C)O,185.183,0.4805199999999999,1,4,81.19,3,0.5481589825040829,13,0
PERFLUTREN,CHEMBL1663,FC(F)(F)C(F)(F)C(F)(F)F,188.017,2.7462999999999997,0,0,0.0,0,0.5123885421431201,11,0
UMECLIDINIUM BROMIDE,CHEMBL523299,OC(c1ccccc1)(c1ccccc1)C12CC[N+](CCOCc3ccccc3)(CC1)CC2,428.5960000000003,5.140000000000005,1,2,29.46,8,0.3976273688512239,32,1
PANOBINOSTAT,CHEMBL483254,Cc1[nH]c2ccccc2c1CCNCc1ccc(/C=C/C(=O)NO)cc1,349.43399999999997,3.3272200000000014,4,3,77.15,7,0.22867159767800987,26,0
AMOROLFINE,CHEMBL489411,CCC(C)(C)c1ccc(CC(C)CN2C[C@@H](C)O[C@@H](C)C2)cc1,317.517,4.662000000000004,0,2,12.47,6,0.7562509669580478,23,0
FOSAMPRENAVIR,CHEMBL1664,CC(C)CN(C[C@@H](OP(=O)(O)O)[C@H](Cc1ccccc1)NC(=O)O[C@H]1CCOC1)S(=O)(=O)c1ccc(N)cc1,585.6160000000002,2.5198,4,8,177.72,13,0.20168648332543115,39,1
RESCINNAMINE,CHEMBL1668,COC(=O)[C@H]1[C@H]2C[C@@H]3c4[nH]c5cc(OC)ccc5c4CCN3C[C@H]2C[C@@H](OC(=O)/C=C/c2cc(OC)c(OC)c(OC)c2)[C@@H]1OC,634.7260000000003,4.570700000000004,1,10,117.78000000000003,9,0.2650263928374025,46,1
MITOTANE,CHEMBL1670,Clc1ccc(C(c2ccccc2Cl)C(Cl)Cl)cc1,320.04600000000005,5.929000000000002,0,0,0.0,3,0.6150214671313037,18,1
PROPRANOLOL HYDROCHLORIDE,CHEMBL1671,CC(C)NCC(O)COc1cccc2ccccc12,259.34900000000005,2.5775000000000006,2,3,41.489999999999995,6,0.8375057924076362,19,0
CEFPODOXIME,CHEMBL1672,COCC1=C(C(=O)O)N2C(=O)[C@@H](NC(=O)/C(=N\OC)c3csc(N)n3)[C@H]2SC1,427.4640000000001,-0.539199999999999,3,10,156.44,7,0.2952921043536589,28,0
CEFDITOREN PIVOXIL,CHEMBL454446,CO/N=C(\C(=O)N[C@@H]1C(=O)N2C(C(=O)OCOC(=O)C(C)(C)C)=C(/C=C\c3scnc3C)CS[C@H]12)c1csc(N)n1,620.735,2.2981199999999986,2,14,175.40000000000003,9,0.13831685783482067,41,2
MAVORIXAFOR,CHEMBL518924,NCCCCN(Cc1nc2ccccc2[nH]1)[C@H]1CCCc2cccnc21,349.4820000000002,3.5764000000000022,2,4,70.83,7,0.6397394346969285,26,0
VITAMIN A PALMITATE,CHEMBL1675,CCCCCCCCCCCCCCCC(=O)OC/C=C(C)/C=C/C=C(C)/C=C/C1=C(C)CCCC1(C)C,524.8740000000004,11.542499999999986,0,2,26.3,20,0.08987434515285701,38,2
FLUTICASONE FUROATE,CHEMBL1676,C[C@@H]1C[C@H]2[C@@H]3C[C@H](F)C4=CC(=O)C=C[C@]4(C)[C@@]3(F)[C@@H](O)C[C@]2(C)[C@@]1(OC(=O)c1ccco1)C(=O)SCF,538.5840000000003,4.9268000000000045,1,7,93.81,4,0.5437695227604175,37,1
TACRINE HYDROCHLORIDE,CHEMBL1677,Nc1c2c(nc3ccccc13)CCCC2,198.26899999999992,2.695800000000001,1,2,38.91,0,0.7064882384087371,15,0
DONEPEZIL HYDROCHLORIDE,CHEMBL1678,COc1cc2c(cc1OC)C(=O)C(CC1CCN(Cc3ccccc3)CC1)C2,379.50000000000017,4.361100000000004,0,4,38.77,6,0.7474614915624849,28,0
CEFOPERAZONE,CHEMBL507674,CCN1CCN(C(=O)N[C@@H](C(=O)N[C@@H]2C(=O)N3C(C(=O)O)=C(CSc4nnnn4C)CS[C@H]23)c2ccc(O)cc2)C(=O)C1=O,645.6800000000003,-1.1119999999999965,4,12,220.25999999999996,9,0.14453824042940433,44,2
LEUCOVORIN,CHEMBL1679,Nc1nc(=O)c2c([nH]1)NCC(CNc1ccc(C(=O)N[C@@H](CCC(=O)O)C(=O)O)cc1)N2C=O,473.4460000000002,-0.7310999999999974,7,9,219.83999999999997,10,0.21313148229853152,34,1
IODOHIPPURATE,CHEMBL1681,O=C(O)CNC(=O)c1ccccc1I,305.071,1.1055999999999995,2,2,66.4,3,0.8221065399859238,14,0
SORBITOL,CHEMBL1682,OC[C@@H](O)[C@@H](O)[C@H](O)[C@@H](O)CO,182.172,-3.5854000000000004,6,6,121.38000000000001,5,0.2612626527203185,12,1
NALFURAFINE HYDROCHLORIDE,CHEMBL490665,CN(C(=O)/C=C/c1ccoc1)[C@@H]1CC[C@@]2(O)[C@H]3Cc4ccc(O)c5c4[C@@]2(CCN3CC2CC2)[C@H]1O5,476.5730000000003,3.0897000000000014,2,6,86.38000000000001,5,0.6453979969056606,35,0
HYDROCORTISONE BUTYRATE,CHEMBL1683,CCCC(=O)O[C@]1(C(=O)CO)CC[C@H]2[C@@H]3CCC4=CC(=O)CC[C@]4(C)[C@H]3[C@@H](O)C[C@@]21C,432.5570000000002,3.132600000000002,2,6,100.90000000000002,5,0.6475279981236738,31,0
ELAGOLIX SODIUM,CHEMBL502182,COc1cccc(-c2c(C)n(Cc3c(F)cccc3C(F)(F)F)c(=O)n(C[C@H](NCCCC(=O)O)c3ccccc3)c2=O)c1F,631.5980000000003,5.535020000000003,2,5,102.56,12,0.15748221918541105,45,2
BENDROFLUMETHIAZIDE,CHEMBL1684,NS(=O)(=O)c1cc2c(cc1C(F)(F)F)NC(Cc1ccccc1)NS2(=O)=O,421.4220000000001,1.6254000000000004,3,5,118.35999999999999,3,0.6961649733786912,27,0
CARBIMAZOLE,CHEMBL508102,CCOC(=O)n1ccn(C)c1=S,186.236,1.56069,0,3,36.16,1,0.6243484453464476,12,0
DEZOCINE,CHEMBL1685,C[C@@]12CCCCC[C@@H](Cc3ccc(O)cc31)[C@@H]2N,245.366,3.113600000000001,2,2,46.25,0,0.7374329703078921,18,0
MARIBAVIR,CHEMBL515408,CC(C)Nc1nc2cc(Cl)c(Cl)cc2n1[C@H]1O[C@@H](CO)[C@H](O)[C@@H]1O,376.24000000000007,1.7748999999999993,4,6,99.77000000000001,4,0.6493088431254908,24,0
CRISABOROLE,CHEMBL484785,N#Cc1ccc(Oc2ccc3c(c2)COB3O)cc1,251.04999999999998,1.5682799999999997,1,4,62.480000000000004,2,0.8225758081895174,19,0
NINTEDANIB,CHEMBL502835,COC(=O)c1ccc2c(c1)NC(=O)/C2=C(\Nc1ccc(N(C)C(=O)CN2CCN(C)CC2)cc1)c1ccccc1,539.6360000000004,3.6159000000000026,2,7,94.21999999999997,7,0.34997926244425176,40,1
TOLAZOLINE HYDROCHLORIDE,CHEMBL1689,c1ccc(CC2=NCCN2)cc1,160.22000000000003,1.2308,1,2,24.39,2,0.6910509635760047,12,0
HYDROXYCHLOROQUINE SULFATE,CHEMBL1690,CCN(CCO)CCCC(C)Nc1ccnc2cc(Cl)ccc12,335.8790000000001,3.783000000000002,2,4,48.39,9,0.7317801043771166,23,0
MEFLOQUINE HYDROCHLORIDE,CHEMBL535650,OC(c1cc(C(F)(F)F)nc2c(C(F)(F)F)cccc12)C1CCCCN1,378.31600000000014,4.447900000000003,2,3,45.150000000000006,2,0.7594432549357207,26,0
BETAXOLOL HYDROCHLORIDE,CHEMBL1691,CC(C)NCC(O)COc1ccc(CCOCC2CC2)cc1,307.434,2.3933999999999997,2,4,50.72,11,0.6164391834948149,22,0
HYDRALAZINE HYDROCHLORIDE,CHEMBL542541,NNc1nncc2ccccc12,160.17999999999998,0.9153999999999998,2,4,63.83,1,0.480554166108739,12,0
FINGOLIMOD HYDROCHLORIDE,CHEMBL544665,CCCCCCCCc1ccc(CCC(N)(CO)CO)cc1,307.478,3.204300000000001,3,3,66.48,12,0.5194936783733953,22,0
IMIPRAMINE HYDROCHLORIDE,CHEMBL1692,CN(C)CCCN1c2ccccc2CCc2ccccc21,280.415,3.8750000000000027,0,2,6.48,4,0.8384623265941307,21,0
BENAZEPRIL HYDROCHLORIDE,CHEMBL1694,CCOC(=O)[C@H](CCc1ccccc1)N[C@H]1CCc2ccccc2N(CC(=O)O)C1=O,424.49700000000024,2.5731,2,5,95.94,9,0.6009534602811888,31,0
TIAGABINE HYDROCHLORIDE,CHEMBL1695,Cc1ccsc1C(=CCCN1CCC[C@@H](C(=O)O)C1)c1sccc1C,375.5590000000001,5.044840000000004,1,4,40.540000000000006,6,0.7683688060325686,25,1
DESIPRAMINE HYDROCHLORIDE,CHEMBL1696,CNCCCN1c2ccccc2CCc2ccccc21,266.388,3.5328000000000026,1,2,15.27,4,0.8516371541172786,20,0
DILTIAZEM HYDROCHLORIDE,CHEMBL1697,COc1ccc([C@@H]2Sc3ccccc3N(CCN(C)C)C(=O)[C@@H]2OC(C)=O)cc1,414.52700000000016,3.368500000000002,0,6,59.080000000000005,6,0.6757916364888925,29,0
BUPROPION HYDROCHLORIDE,CHEMBL1698,CC(NC(C)(C)C)C(=O)c1cccc(Cl)c1,239.746,3.2993000000000023,1,2,29.1,3,0.8204937720146613,16,0
MEMANTINE HYDROCHLORIDE,CHEMBL1699,CC12CC3CC(C)(C1)CC(N)(C3)C2,179.307,2.6941000000000006,1,1,26.02,0,0.6076471131693595,13,0
SOTALOL HYDROCHLORIDE,CHEMBL1700,CC(C)NCC(O)c1ccc(NS(C)(=O)=O)cc1,272.37,1.0895000000000001,3,4,78.43,6,0.7241218527557277,18,0
MEPERIDINE HYDROCHLORIDE,CHEMBL1701,CCOC(=O)C1(c2ccccc2)CCN(C)CC1,247.33799999999994,2.2131,0,3,29.54,3,0.7669944339918414,18,0
ATOMOXETINE HYDROCHLORIDE,CHEMBL1702,CNCC[C@@H](Oc1ccccc1C)c1ccccc1,255.361,3.7246200000000034,1,2,21.259999999999998,6,0.8489950317721323,19,0
CLONIDINE HYDROCHLORIDE,CHEMBL1705,Clc1cccc(Cl)c1NC1=NCCN1,230.09799999999998,2.3644999999999996,2,3,36.42,1,0.7764264211073745,14,0
NAPHAZOLINE HYDROCHLORIDE,CHEMBL1706,c1ccc2c(CC3=NCCN3)cccc2c1,210.28000000000003,2.3840000000000003,1,2,24.39,2,0.8082645116844471,16,0
LOPERAMIDE HYDROCHLORIDE,CHEMBL1707,CN(C)C(=O)C(CCN1CCC(O)(c2ccc(Cl)cc2)CC1)(c1ccccc1)c1ccccc1,477.0480000000002,5.088000000000005,1,3,43.78,7,0.5163157587714763,34,1
SERTRALINE HYDROCHLORIDE,CHEMBL1709,CN[C@H]1CC[C@@H](c2ccc(Cl)c(Cl)c2)c2ccccc21,306.236,5.179600000000004,1,1,12.03,2,0.8058613927728192,20,1
RIMANTADINE HYDROCHLORIDE,CHEMBL535396,CC(N)C12CC3CC(CC(C3)C1)C2,179.30699999999996,2.5500000000000007,1,1,26.02,1,0.657471607480536,13,0
ISOPROTERENOL HYDROCHLORIDE,CHEMBL1711,CC(C)NCC(O)c1ccc(O)c(O)c1,211.261,1.1291999999999998,4,4,72.72,4,0.5632719285067509,15,0
CHLORPROMAZINE HYDROCHLORIDE,CHEMBL1713,CN(C)CCCN1c2ccccc2Sc2ccc(Cl)cc21,318.8730000000001,4.894400000000004,0,3,6.48,4,0.7918053413291345,21,0
KETAMINE HYDROCHLORIDE,CHEMBL1714,CNC1(c2ccccc2Cl)CCCCC1=O,237.7299999999999,2.897800000000001,1,2,29.1,2,0.8571565291687987,16,0
PIOGLITAZONE HYDROCHLORIDE,CHEMBL1715,CCc1ccc(CCOc2ccc(CC3SC(=O)NC3=O)cc2)nc1,356.44700000000006,3.159600000000001,1,5,68.28999999999999,7,0.8252539098127764,25,0
CYPROHEPTADINE HYDROCHLORIDE,CHEMBL1716,CN1CCC(=C2c3ccccc3C=Cc3ccccc32)CC1,287.4060000000001,4.697900000000004,0,1,3.24,0,0.5791645622326819,22,0
TICLOPIDINE HYDROCHLORIDE,CHEMBL1717,Clc1ccccc1CN1CCc2sccc2C1,263.793,3.959800000000002,0,2,3.24,2,0.7928094140981296,17,0
NALOXONE HYDROCHLORIDE,CHEMBL1718,C=CCN1CC[C@]23c4c5ccc(O)c4O[C@H]2C(=O)CC[C@@]3(O)[C@H]1C5,327.3800000000001,1.3014,2,5,70.0,2,0.8015195132508509,24,0
OLOPATADINE HYDROCHLORIDE,CHEMBL1719,CN(C)CC/C=C1/c2ccccc2COc2ccc(CC(=O)O)cc21,337.4190000000001,3.589500000000002,1,3,49.769999999999996,5,0.9057552159605037,25,0
PALONOSETRON HYDROCHLORIDE,CHEMBL1720,O=C1c2cccc3c2[C@H](CCC3)CN1[C@@H]1CN2CCC1CC2,296.414,2.656500000000001,0,2,23.550000000000004,1,0.7952497114867856,22,0
METHYLPHENIDATE HYDROCHLORIDE,CHEMBL1722,COC(=O)C(c1ccccc1)C1CCCCN1,233.31099999999995,2.0852999999999997,1,3,38.33,3,0.8123400616112664,17,0
ALFUZOSIN HYDROCHLORIDE,CHEMBL1723,COc1cc2nc(N(C)CCCNC(=O)C3CCCO3)nc(N)c2cc1OC,389.4560000000002,1.3507000000000002,2,8,111.83,8,0.6509374244824966,28,0
MEPENZOLATE BROMIDE,CHEMBL1724,C[N+]1(C)CCCC(OC(=O)C(O)(c2ccccc2)c2ccccc2)C1,340.4430000000001,2.7045000000000012,1,3,46.53,4,0.6875579142294286,25,0
NISOLDIPINE,CHEMBL1726,COC(=O)C1=C(C)NC(C)=C(C(=O)OCC(C)C)C1c1ccccc1[N+](=O)[O-],388.4200000000001,3.201800000000002,1,7,107.77000000000001,6,0.45278603663958333,28,0
CEPHALEXIN ANHYDROUS,CHEMBL1727,CC1=C(C(=O)O)N2C(=O)[C@@H](NC(=O)[C@H](N)c3ccccc3)[C@H]2SC1,347.3960000000001,0.4449000000000012,3,5,112.73,4,0.6816125812503079,24,0
LOMEFLOXACIN HYDROCHLORIDE,CHEMBL1728,CCn1cc(C(=O)O)c(=O)c2cc(F)c(N3CCNC(C)C3)c(F)c21,351.353,1.7959,2,4,74.57000000000001,3,0.8820346880702984,25,0
TREPROSTINIL SODIUM,CHEMBL561157,CCCCC[C@H](O)CC[C@@H]1[C@H]2Cc3cccc(OCC(=O)O)c3C[C@H]2C[C@H]1O,390.5200000000002,3.583200000000003,3,4,86.99000000000001,10,0.5316657232858427,28,0
CEFOTAXIME,CHEMBL1730,CO/N=C(\C(=O)N[C@@H]1C(=O)N2C(C(=O)O)=C(COC(C)=O)CS[C@H]12)c1csc(N)n1,455.47400000000016,-0.6224999999999987,3,11,173.51,7,0.2079442341493163,30,1
MEZLOCILLIN,CHEMBL1731,CC1(C)S[C@@H]2[C@H](NC(=O)[C@H](NC(=O)N3CCN(S(C)(=O)=O)C3=O)c3ccccc3)C(=O)N2[C@H]1C(=O)O,539.5920000000003,-0.23379999999999784,3,8,173.49999999999997,6,0.4125553337107078,36,1
DIHYDROERGOTAMINE,CHEMBL1732,CN1C[C@H](C(=O)N[C@]2(C)O[C@@]3(O)[C@@H]4CCCN4C(=O)[C@H](Cc4ccccc4)N3C2=O)C[C@@H]2c3cccc4[nH]cc(c34)C[C@H]21,583.6890000000001,2.0811000000000024,3,6,118.21000000000001,4,0.43313608627344474,43,1
DABIGATRAN ETEXILATE,CHEMBL539697,CCCCCCOC(=O)NC(=N)c1ccc(NCc2nc3cc(C(=O)N(CCC(=O)OCC)c4ccccn4)ccc3n2C)cc1,627.7460000000003,5.812270000000005,3,9,151.52999999999997,15,0.06462972023778543,46,2
SOLIFENACIN,CHEMBL1734,O=C(O[C@H]1CN2CCC1CC2)N1CCc2ccccc2[C@@H]1c1ccccc1,362.47300000000007,3.864900000000003,0,3,32.78,2,0.8131189816830356,27,0
ACLIDINIUM BROMIDE,CHEMBL551466,O=C(O[C@H]1C[N+]2(CCCOc3ccccc3)CCC1CC2)C(O)(c1cccs1)c1cccs1,484.66300000000024,4.666800000000005,1,6,55.760000000000005,9,0.272537178442321,33,0
INDINAVIR SULFATE,CHEMBL1735,CC(C)(C)NC(=O)[C@@H]1CN(Cc2cccnc2)CCN1C[C@@H](O)C[C@@H](Cc1ccccc1)C(=O)N[C@H]1c2ccccc2C[C@H]1O,613.8030000000003,2.8669000000000016,4,7,118.03000000000002,11,0.2628234200956571,45,1
METHYLENE BLUE,CHEMBL550495,CN(C)c1ccc2nc3ccc(=[N+](C)C)cc-3sc2c1,284.408,2.498900000000001,0,3,19.14,1,0.5050065314841863,20,0
METRIZOIC ACID,CHEMBL1736,CC(=O)Nc1c(I)c(C(=O)O)c(I)c(N(C)C(C)=O)c1I,627.9420000000001,3.1397000000000013,2,3,86.71000000000001,3,0.5047465616448636,21,1
CIPROFIBRATE,CHEMBL557555,CC(C)(Oc1ccc(C2CC2(Cl)Cl)cc1)C(=O)O,289.158,3.589800000000003,1,2,46.53,4,0.8615348244596426,18,0
SILDENAFIL CITRATE,CHEMBL1737,CCCc1nn(C)c2c(=O)[nH]c(-c3cc(S(=O)(=O)N4CCN(C)CC4)ccc3OCC)nc12,474.5870000000004,1.6109,1,7,113.41999999999999,7,0.5534046105187581,33,0
DEFERASIROX,CHEMBL550348,O=C(O)c1ccc(-n2nc(-c3ccccc3O)nc2-c2ccccc2O)cc1,373.3680000000001,3.710700000000001,3,5,108.47,4,0.5031628713401722,28,0
FORODESINE HYDROCHLORIDE,CHEMBL550755,O=c1[nH]cnc2c([C@@H]3N[C@H](CO)[C@@H](O)[C@H]3O)c[nH]c12,266.25700000000006,-2.0218,6,6,134.26000000000002,2,0.37133380637613944,19,1
DEXRAZOXANE,CHEMBL1738,C[C@@H](CN1CC(=O)NC(=O)C1)N1CC(=O)NC(=O)C1,268.27299999999997,-2.708299999999996,2,6,98.82,3,0.5400927830602834,19,0
METOCURINE IODIDE,CHEMBL1739,COc1ccc2cc1Oc1cc3c(cc1OC)CC[N+](C)(C)[C@H]3Cc1ccc(cc1)Oc1c(OC)c(OC)cc3c1[C@@H](C2)[N+](C)(C)CC3,652.8319999999999,7.451600000000009,0,6,55.38000000000001,4,0.21366035293199462,48,2
QUIZARTINIB,CHEMBL576982,CC(C)(C)c1cc(NC(=O)Nc2ccc(-c3cn4c(n3)sc3cc(OCCN5CCOCC5)ccc34)cc2)no1,560.6800000000004,5.856500000000005,2,8,106.16000000000001,7,0.25694797911853023,40,2
ARTEMETHER,CHEMBL566534,CO[C@H]1O[C@@H]2O[C@@]3(C)CC[C@H]4[C@H](C)CC[C@@H]([C@H]1C)[C@@]24OO3,298.379,2.8408000000000015,0,5,46.150000000000006,1,0.6966147525766675,21,0
FLORBETABEN F18,CHEMBL566752,CNc1ccc(/C=C/c2ccc(OCCOCCOCC[18F])cc2)cc1,358.44393800000006,4.280200000000003,1,4,39.72,12,0.4540520119268499,26,0
SODIUM PHENYLBUTYRATE,CHEMBL1746,O=C(O)CCCc1ccccc1,164.204,2.0939,1,1,37.3,4,0.7394137316906195,12,0
FLUTEMETAMOL,CHEMBL579205,CNc1ccc(-c2nc3ccc(O)cc3s2)cc1F,274.32000000000005,3.8497000000000012,2,4,45.150000000000006,2,0.7457547162863496,19,0
TOBRAMYCIN,CHEMBL1747,NC[C@H]1O[C@H](O[C@H]2[C@H](O)[C@@H](O[C@H]3O[C@H](CO)[C@@H](O)[C@H](N)[C@H]3O)[C@H](N)C[C@@H]2N)[C@H](N)C[C@@H]1O,467.5200000000002,-6.295800000000006,10,14,268.1700000000001,6,0.17400656822855506,32,2
SCOPOLAMINE,CHEMBL569713,CN1[C@@H]2C[C@@H](OC(=O)[C@H](CO)c3ccccc3)C[C@H]1[C@@H]1O[C@@H]12,303.358,0.9180999999999995,1,5,62.3,4,0.6618093940597772,22,0
TIRBANIBULIN,CHEMBL571546,O=C(Cc1ccc(-c2ccc(OCCN3CCOCC3)cc2)cn1)NCc1ccccc1,431.5360000000001,3.318500000000001,1,5,63.69,9,0.5631942375722424,32,0
EDETATE DISODIUM ANHYDROUS,CHEMBL1749,O=C(O)CN(CCN(CC(=O)O)CC(=O)O)CC(=O)O,292.244,-2.0711999999999957,4,6,155.68,11,0.333294737123963,20,0
CLOFARABINE,CHEMBL1750,Nc1nc(Cl)nc2c1ncn2[C@@H]1O[C@H](CO)[C@@H](O)[C@@H]1F,303.681,-0.34940000000000027,3,7,119.31000000000002,2,0.648649936215886,20,0
DYPHYLLINE,CHEMBL1752,Cn1c(=O)c2c(ncn2CC(O)CO)n(C)c1=O,254.24599999999998,-2.213099999999999,2,5,102.28,3,0.6460832424087163,18,0
CLINDAMYCIN,CHEMBL1753,CCC[C@@H]1C[C@@H](C(=O)N[C@@H]([C@H]2O[C@H](SC)[C@H](O)[C@@H](O)[C@H]2O)[C@H](C)Cl)N(C)C1,424.9910000000001,0.3895000000000004,4,7,102.26,7,0.4382730169795818,27,0
DOXAPRAM,CHEMBL1754,CCN1CC(CCN2CCOCC2)C(c2ccccc2)(c2ccccc2)C1=O,378.5160000000001,3.173300000000001,0,3,32.78,6,0.7740303952237003,28,0
CONIVAPTAN,CHEMBL1755,Cc1nc2c([nH]1)-c1ccccc1N(C(=O)c1ccc(NC(=O)c3ccccc3-c3ccccc3)cc1)CC2,498.58600000000024,6.507320000000005,2,3,78.09,4,0.29660705972876805,38,1
ESTRAMUSTINE PHOSPHATE,CHEMBL1756,C[C@]12CC[C@@H]3c4ccc(OC(=O)N(CCCl)CCCl)cc4CC[C@H]3[C@@H]1CC[C@@H]2OP(=O)(O)O,520.3900000000002,5.299000000000007,2,4,96.3,7,0.37442337569212464,33,2
TERBUTALINE,CHEMBL1760,CC(C)(C)NCC(O)c1cc(O)cc(O)c1,225.288,1.5192999999999997,4,4,72.72,3,0.6290731330689312,16,0
PROCYCLIDINE HYDROCHLORIDE,CHEMBL1761,OC(CCN1CCCC1)(c1ccccc1)C1CCCCC1,287.4470000000001,3.940400000000003,1,2,23.47,5,0.8863958351409401,21,0
TOCAINIDE,CHEMBL1762,Cc1cccc(C)c1NC(=O)C(C)N,192.262,1.58914,2,2,55.120000000000005,2,0.7472361299391438,14,0
HYDROFLUMETHIAZIDE,CHEMBL1763,NS(=O)(=O)c1cc2c(cc1C(F)(F)F)NCNS2(=O)=O,331.29699999999997,0.014100000000000557,3,5,118.35999999999999,1,0.6699841555806898,20,0
LEVOMEPROMAZINE,CHEMBL1764,COc1ccc2c(c1)N(C[C@H](C)CN(C)C)c1ccccc1S2,328.481,4.495600000000004,0,4,15.71,5,0.8027021109078474,23,0
DESOXIMETASONE,CHEMBL1766,C[C@@H]1C[C@H]2[C@@H]3CCC4=CC(=O)C=C[C@]4(C)[C@@]3(F)[C@@H](O)C[C@]2(C)[C@H]1C(=O)CO,376.4680000000002,2.7808000000000015,2,4,74.6,2,0.7771649436279087,27,0
BETHANECHOL CHLORIDE,CHEMBL1768,CC(C[N+](C)(C)C)OC(N)=O,161.22499999999997,0.1764,1,2,52.32,3,0.6000594654010832,11,0
PROPOXYCAINE HYDROCHLORIDE,CHEMBL1769,CCCOc1cc(N)ccc1C(=O)OCCN(CC)CC,294.39500000000004,2.5562000000000005,1,5,64.78999999999999,9,0.5599065078286075,21,0
SODIUM ASCORBATE,CHEMBL591665,O=C1O[C@H]([C@@H](O)CO)C(O)=C1O,176.124,-1.4073999999999995,4,6,107.22000000000001,2,0.3850054008235984,12,0
CLOPIDOGREL,CHEMBL1771,COC(=O)[C@H](c1ccccc1Cl)N1CCc2sccc2C1,321.829,3.6739000000000024,0,4,29.54,3,0.807761185070717,21,0
CAPECITABINE,CHEMBL1773,CCCCCOC(=O)Nc1nc(=O)n([C@@H]2O[C@H](C)[C@@H](O)[C@H]2O)cc1F,359.35400000000004,0.7601999999999995,3,7,122.91000000000001,6,0.640839151584694,25,0
CRIZOTINIB,CHEMBL601719,C[C@@H](Oc1cc(-c2cnn(C3CCNCC3)c2)cnc1N)c1c(Cl)ccc(F)c1Cl,450.34500000000014,5.037700000000004,2,5,77.99,5,0.533055458733566,30,1
OLODATEROL,CHEMBL605846,COc1ccc(CC(C)(C)NC[C@H](O)c2cc(O)cc3c2OCC(=O)N3)cc1,386.44800000000015,2.3760000000000003,4,6,100.05000000000001,7,0.5830459262462236,28,0
CHLORPHENESIN CARBAMATE,CHEMBL607710,NC(=O)OCC(O)COc1ccc(Cl)cc1,245.662,1.1750000000000003,2,4,81.78000000000002,5,0.8160595704353588,16,0
CARBENICILLIN DISODIUM,CHEMBL606260,CC1(C)S[C@@H]2[C@H](NC(=O)C(C(=O)O)c3ccccc3)C(=O)N2[C@H]1C(=O)O,378.4060000000001,0.4864999999999999,3,5,124.01,5,0.5029511300621745,26,0
MIDOSTAURIN,CHEMBL608533,CO[C@@H]1[C@H](N(C)C(=O)c2ccccc2)C[C@H]2O[C@]1(C)n1c3ccccc3c3c4c(c5c6ccccc6n2c5c31)C(=O)NC4,570.6490000000002,5.906800000000007,1,4,77.72999999999999,3,0.28721839165619395,43,2
BRIVARACETAM,CHEMBL607400,CCC[C@@H]1CC(=O)N([C@@H](CC)C(N)=O)C1,212.29299999999995,0.8988999999999999,1,2,63.4,5,0.7355284136638995,15,0
IMIPENEM,CHEMBL43708,C[C@@H](O)[C@H]1C(=O)N2C(C(=O)O)=C(SCCNC=N)C[C@H]12,299.35200000000003,-0.17602999999999924,4,5,113.72,7,0.22445186205245782,20,0
ERLOTINIB HYDROCHLORIDE,CHEMBL1079742,C#Cc1cccc(Nc2ncnc3cc(OCCOC)c(OCCOC)cc23)c1,393.4430000000002,3.405100000000002,1,7,74.73000000000002,10,0.4178840975839869,29,0
METAXALONE,CHEMBL1079604,Cc1cc(C)cc(OCC2CNC(=O)O2)c1,221.256,1.7906399999999998,1,3,47.56,3,0.8460710155484404,16,0
VARENICLINE,CHEMBL1076903,c1cnc2cc3c(cc2n1)[C@@H]1CNC[C@H]3C1,211.26799999999994,1.8038999999999998,1,3,37.81,0,0.721762960406491,16,0
MOMELOTINIB,CHEMBL1078178,N#CCNC(=O)c1ccc(-c2ccnc(Nc3ccc(N4CCOCC4)cc3)n2)cc1,414.4690000000002,2.9771800000000015,2,7,103.17,6,0.597823059764905,31,0
PROPIVERINE,CHEMBL1078261,CCCOC(C(=O)OC1CCN(C)CC1)(c1ccccc1)c1ccccc1,367.489,3.994200000000003,0,4,38.77,7,0.6937242687137712,27,0
ROPIVACAINE,CHEMBL1077896,CCCN1CCCC[C@H]1C(=O)Nc1c(C)cccc1C,274.408,3.5064400000000013,1,2,32.34,4,0.9109962827378179,20,0
OPICAPONE,CHEMBL1089318,Cc1c(Cl)c(C)[n+]([O-])c(Cl)c1-c1noc(-c2cc(O)c(O)c([N+](=O)[O-])c2)n1,413.1730000000002,3.2800400000000014,2,8,149.46000000000004,3,0.16589362206160763,27,0
INDIGOTINDISULFONATE,CHEMBL1091250,O=C1/C(=C2\Nc3ccc(S(=O)(=O)O)cc3C2=O)Nc2ccc(S(=O)(=O)O)cc21,422.3960000000001,1.3082,4,8,166.93999999999997,2,0.4090145937435253,28,0
METHYL AMINOLEVULINATE,CHEMBL1096562,COC(=O)CCC(=O)CN,145.158,-0.5326000000000002,1,4,69.39,4,0.5396004092310056,10,0
FLUDARABINE PHOSPHATE,CHEMBL1096882,Nc1nc(F)nc2c1ncn2[C@@H]1O[C@H](COP(=O)(O)O)[C@@H](O)[C@@H]1O,365.21400000000006,-1.7239000000000007,5,9,186.07,4,0.30617189529250766,24,0
IOTHALAMATE SODIUM,CHEMBL1097620,CNC(=O)c1c(I)c(NC(C)=O)c(I)c(C(=O)O)c1I,613.9150000000002,2.5166000000000004,3,3,95.50000000000001,3,0.45703933617160314,20,1
PIRBUTEROL,CHEMBL1094966,CC(C)(C)NCC(O)c1ccc(O)c(CO)n1,240.303,0.7009999999999998,4,5,85.61,4,0.6222799026086435,17,0
NIRAPARIB,CHEMBL1094636,NC(=O)c1cccc2cn(-c3ccc([C@@H]4CCCNC4)cc3)nc12,320.396,2.591400000000001,2,3,72.94,3,0.7788736009496425,24,0
BRETYLIUM TOSYLATE,CHEMBL1095292,CC[N+](C)(C)Cc1ccccc1Br,243.16799999999998,3.0454000000000017,0,0,0.0,3,0.7156100675468327,13,0
CEFUROXIME AXETIL,CHEMBL1095930,CO/N=C(\C(=O)N[C@@H]1C(=O)N2C(C(=O)OC(C)OC(C)=O)=C(COC(N)=O)CS[C@H]12)c1ccco1,510.4810000000003,-0.16829999999999856,2,12,189.06,9,0.14747154295004614,35,2
DISTIGMINE BROMIDE,CHEMBL1098285,CN(CCCCCCN(C)C(=O)Oc1ccc[n+](C)c1)C(=O)Oc1ccc[n+](C)c1,416.52200000000016,2.4574000000000007,0,4,66.84,9,0.46526210388499506,30,0
INDACATEROL,CHEMBL1095777,CCc1cc2c(cc1CC)CC(NC[C@H](O)c1ccc(O)c3[nH]c(=O)ccc13)C2,392.49900000000014,3.148900000000001,4,4,85.35,6,0.5191742847910432,29,0
EPLERENONE,CHEMBL1095097,COC(=O)[C@@H]1CC2=CC(=O)CC[C@]2(C)[C@@]23O[C@@H]2C[C@@]2(C)[C@@H](CC[C@@]24CCC(=O)O4)[C@H]13,414.4980000000003,3.124500000000002,0,6,82.2,1,0.4843337144772066,30,0
PONESIMOD,CHEMBL1096146,CCC/N=C1\S/C(=C\c2ccc(OC[C@H](O)CO)c(Cl)c2)C(=O)N1c1ccccc1C,460.9830000000001,4.267320000000003,2,6,82.36,8,0.5747649132046131,31,0
SUVOREXANT,CHEMBL1083659,Cc1ccc(-n2nccn2)c(C(=O)N2CCN(c3nc4cc(Cl)ccc4o3)CC[C@H]2C)c1,450.9300000000002,4.111320000000004,0,6,80.29,3,0.46694253158904875,32,0
CLOPIDOGREL BISULFATE,CHEMBL1083385,COC(=O)[C@H](c1ccccc1Cl)N1CCc2sccc2C1,321.829,3.6739000000000024,0,4,29.54,3,0.807761185070717,21,0
AMIODARONE HYDROCHLORIDE,CHEMBL1083993,CCCCc1oc2ccccc2c1C(=O)c1cc(I)c(OCCN(CC)CC)c(I)c1,645.3190000000002,6.936200000000007,0,4,42.68,11,0.1676472462674973,31,2
TRICLABENDAZOLE,CHEMBL1086440,CSc1nc2cc(Cl)c(Oc3cccc(Cl)c3Cl)cc2[nH]1,359.665,6.037300000000002,1,3,37.91,3,0.5794661724334339,21,1
ENZALUTAMIDE,CHEMBL1082407,CNC(=O)c1ccc(N2C(=S)N(c3ccc(C#N)c(C(F)(F)F)c3)C(=O)C2(C)C)cc1F,464.44400000000013,3.992480000000003,1,4,76.44,3,0.5492417106050057,32,0
SALMETEROL XINAFOATE,CHEMBL1082607,OCc1cc(C(O)CNCCCCCCOCCCCc2ccccc2)ccc1O,415.57400000000007,4.107400000000005,4,5,81.95,16,0.3103203848328889,30,0
VILANTEROL TRIFENATATE,CHEMBL1084172,OCc1cc([C@@H](O)CNCCCCCCOCCOCc2c(Cl)cccc2Cl)ccc1O,486.43600000000015,4.608100000000005,4,6,91.18,16,0.25930699824746595,32,0
CLOBETASOL PROPIONATE,CHEMBL1159650,CCC(=O)O[C@]1(C(=O)CCl)[C@@H](C)C[C@H]2[C@@H]3CCC4=CC(=O)C=C[C@]4(C)[C@@]3(F)[C@@H](O)C[C@@]21C,466.97700000000026,4.103100000000003,1,5,80.67,4,0.49795893985199036,32,0
FEBUXOSTAT,CHEMBL1164729,Cc1nc(-c2ccc(OCC(C)C)c(C#N)c2)sc1C(=O)O,316.382,3.723200000000002,1,5,83.21,5,0.9084929504991409,22,0
PONATINIB,CHEMBL1171837,Cc1ccc(C(=O)Nc2ccc(CN3CCN(C)CC3)c(C(F)(F)F)c2)cc1C#Cc1cnc2cccnn12,532.5700000000002,4.456020000000003,1,5,65.77000000000001,4,0.3935993292770261,39,1
AFATINIB,CHEMBL1173655,CN(C)C/C=C/C(=O)Nc1cc2c(Nc3ccc(F)c(Cl)c3)ncnc2cc1O[C@H]1CCOC1,485.94700000000023,4.389900000000002,2,7,88.61000000000001,8,0.45729335341237065,34,0
RUCAPARIB,CHEMBL1173055,CNCc1ccc(-c2[nH]c3cc(F)cc4c3c2CCNC4=O)cc1,323.371,2.979300000000001,3,2,56.92,3,0.6939222125348533,24,0
CHLOROPROCAINE,CHEMBL1179047,CCN(CC)CCOC(=O)c1ccc(N)cc1Cl,270.76,2.4208,1,4,55.56,6,0.6371230261185129,18,0
PROPANTHELINE,CHEMBL1180725,CC(C)[N+](C)(CCOC(=O)C1c2ccccc2Oc2ccccc21)C(C)C,368.4970000000001,4.730800000000005,0,3,35.53,6,0.5460960608858308,27,0
METHYLNALTREXONE,CHEMBL1186579,C[N+]1(CC2CC2)CC[C@]23c4c5ccc(O)c4O[C@H]2C(=O)CC[C@@]3(O)[C@H]1C5,356.44200000000023,1.6699999999999997,2,4,66.76,2,0.7913895398394191,26,0
ANISOTROPINE,CHEMBL1186610,CCCC(CCC)C(=O)O[C@H]1C[C@H]2CC[C@@H](C1)[N+]2(C)C,282.448,3.5158000000000023,0,2,26.3,6,0.5502340470711022,20,0
UMECLIDINIUM,CHEMBL1187833,OC(c1ccccc1)(c1ccccc1)C12CC[N+](CCOCc3ccccc3)(CC1)CC2,428.5960000000003,5.140000000000005,1,2,29.46,8,0.3976273688512239,32,1
OLOPATADINE,CHEMBL1189432,CN(C)CC/C=C1/c2ccccc2COc2ccc(CC(=O)O)cc21,337.4190000000001,3.589500000000002,1,3,49.769999999999996,5,0.9057552159605037,25,0
PALONOSETRON,CHEMBL1189679,O=C1c2cccc3c2[C@H](CCC3)CN1[C@@H]1CN2CCC1CC2,296.414,2.656500000000001,0,2,23.550000000000004,1,0.7952497114867856,22,0
ACLIDINIUM,CHEMBL1194325,O=C(O[C@H]1C[N+]2(CCCOc3ccccc3)CCC1CC2)C(O)(c1cccs1)c1cccs1,484.66300000000024,4.666800000000005,1,6,55.760000000000005,9,0.272537178442321,33,0
VILANTEROL,CHEMBL1198857,OCc1cc([C@@H](O)CNCCCCCCOCCOCc2c(Cl)cccc2Cl)ccc1O,486.43600000000015,4.608100000000005,4,6,91.18,16,0.25930699824746595,32,0
BRETYLIUM,CHEMBL1199080,CC[N+](C)(C)Cc1ccccc1Br,243.16799999999998,3.0454000000000017,0,0,0.0,3,0.7156100675468327,13,0
DISTIGMINE,CHEMBL1199307,CN(CCCCCCN(C)C(=O)Oc1ccc[n+](C)c1)C(=O)Oc1ccc[n+](C)c1,416.52200000000016,2.4574000000000007,0,4,66.84,9,0.46526210388499506,30,0
FOSAPREPITANT,CHEMBL1199324,C[C@@H](O[C@H]1OCCN(Cc2nn(P(=O)(O)O)c(=O)[nH]2)[C@H]1c1ccc(F)cc1)c1cc(C(F)(F)F)cc(C(F)(F)F)c1,614.4110000000003,4.366300000000003,3,6,129.91,7,0.2645675860464442,41,1
SULFISOXAZOLE DIOLAMINE,CHEMBL1200321,Cc1noc(NS(=O)(=O)c2ccc(N)cc2)c1C,267.31,1.67444,2,5,98.22,3,0.8241959038664723,18,0
ESCITALOPRAM OXALATE,CHEMBL1200322,CN(C)CCC[C@@]1(c2ccc(F)cc2)OCc2cc(C#N)ccc21,324.39900000000006,3.812980000000003,0,3,36.26,5,0.8388667572429986,24,0
LABETALOL HYDROCHLORIDE,CHEMBL1200323,CC(CCc1ccccc1)NCC(O)c1ccc(O)c(C(N)=O)c1,328.4120000000001,2.1353999999999997,4,4,95.57999999999998,8,0.5968389616111595,24,0
NICARDIPINE HYDROCHLORIDE,CHEMBL1200326,COC(=O)C1=C(C)NC(C)=C(C(=O)OCCN(C)Cc2ccccc2)C1c1cccc([N+](=O)[O-])c1,479.5330000000002,3.677800000000002,1,8,111.00999999999999,9,0.329448552641207,35,0
DULOXETINE HYDROCHLORIDE,CHEMBL1200328,CNCC[C@H](Oc1cccc2ccccc12)c1cccs1,297.423,4.630900000000003,1,3,21.259999999999998,6,0.7159243797705694,21,0
TIZANIDINE HYDROCHLORIDE,CHEMBL1200329,Clc1ccc2nsnc2c1NC1=NCCN1,253.718,1.7157999999999993,2,6,62.2,1,0.8124044266873097,16,0
PILOCARPINE HYDROCHLORIDE,CHEMBL1200330,CC[C@@H]1C(=O)OC[C@@H]1Cc1cncn1C,208.261,1.1618000000000002,0,3,44.12,3,0.7000907484342611,15,0
PROTRIPTYLINE HYDROCHLORIDE,CHEMBL1200332,CNCCCC1c2ccccc2C=Cc2ccccc21,263.384,4.301900000000003,1,1,12.03,4,0.8108521414626005,20,0
MORICIZINE HYDROCHLORIDE,CHEMBL1200334,CCOC(=O)Nc1ccc2c(c1)N(C(=O)CCN1CCOCC1)c1ccccc1S2,427.52600000000024,4.106600000000004,1,6,71.11,5,0.7745106536439257,30,0
TESTOSTERONE ENANTHATE,CHEMBL1200335,CCCCCCC(=O)O[C@H]1CC[C@H]2[C@@H]3CCC4=CC(=O)CC[C@]4(C)[C@H]3CC[C@]12C,400.6030000000003,6.400500000000007,0,3,43.370000000000005,6,0.3825496385561263,29,1
PINACIDIL,CHEMBL1200338,CC(N/C(=N\C#N)Nc1ccncc1)C(C)(C)C,245.33,2.3547800000000008,2,3,73.1,2,0.4763426335858048,18,0
PHENYLEPHRINE HYDROCHLORIDE,CHEMBL1200339,CNC[C@H](O)c1cccc(O)c1,167.20799999999997,0.645,3,3,52.489999999999995,3,0.6190573678793356,12,0
OSELTAMIVIR PHOSPHATE,CHEMBL1200340,CCOC(=O)C1=C[C@@H](OC(CC)CC)[C@H](NC(C)=O)[C@@H](N)C1,312.41,1.2853999999999997,2,5,90.64999999999999,7,0.6912235198580302,22,0
INDECAINIDE HYDROCHLORIDE,CHEMBL1200341,CC(C)NCCCC1(C(N)=O)c2ccccc2-c2ccccc21,308.425,3.2166000000000015,2,2,55.12,6,0.8051213486025681,23,0
PARAMETHASONE ACETATE,CHEMBL1200342,CC(=O)OCC(=O)[C@@]1(O)[C@H](C)C[C@H]2[C@@H]3C[C@H](F)C4=CC(=O)C=C[C@]4(C)[C@H]3[C@@H](O)C[C@@]21C,434.50400000000025,2.3224,2,6,100.90000000000002,3,0.661485150928691,31,0
PERINDOPRIL ERBUMINE,CHEMBL1200343,CCC[C@H](N[C@@H](C)C(=O)N1[C@H](C(=O)O)C[C@@H]2CCCC[C@@H]21)C(=O)OCC,368.47400000000016,1.940599999999999,2,5,95.94000000000001,8,0.6358209968803862,26,0
ISOPROPAMIDE IODIDE,CHEMBL1200347,CC(C)[N+](C)(CCC(C(N)=O)(c1ccccc1)c1ccccc1)C(C)C,353.5300000000001,4.111500000000003,1,1,43.09,8,0.7131154199141896,26,0
SULCONAZOLE NITRATE,CHEMBL1200348,Clc1ccc(CSC(Cn2ccnc2)c2ccc(Cl)cc2Cl)cc1,397.75800000000015,6.518000000000003,0,2,17.82,6,0.4710605975806781,24,1
SULFADIAZINE SODIUM,CHEMBL1200351,Nc1ccc(S(=O)(=O)Nc2ncccn2)cc1,250.28300000000004,0.8596000000000001,2,5,97.97,3,0.7871395577774678,17,0
MEGLUMINE METRIZOATE,CHEMBL1200353,CC(=O)Nc1c(I)c(C(=O)O)c(I)c(N(C)C(C)=O)c1I,627.9420000000001,3.1397000000000013,2,3,86.71000000000001,3,0.5047465616448636,21,1
SODIUM TETRADECYL SULFATE,CHEMBL1200354,CCCCC(CC)CCC(CC(C)C)OS(=O)(=O)O,294.45700000000005,4.217100000000003,1,3,63.60000000000001,11,0.5795128561790757,19,0
CYCLACILLIN,CHEMBL1200356,CC1(C)S[C@@H]2[C@H](NC(=O)C3(N)CCCCC3)C(=O)N2[C@H]1C(=O)O,341.433,0.2797000000000011,3,5,112.73,3,0.6356637725177712,23,0
MOXALACTAM DISODIUM,CHEMBL1200357,CO[C@@]1(NC(=O)C(C(=O)O)c2ccc(O)cc2)C(=O)N2C(C(=O)O)=C(CSc3nnnn3C)CO[C@@H]21,520.4800000000004,-1.127699999999999,4,11,206.29999999999998,9,0.13379526381178464,36,2
SODIUM PHENYLACETATE,CHEMBL1200358,O=C(O)Cc1ccccc1,136.14999999999998,1.3137,1,1,37.3,2,0.6651802326447549,10,0
SULFAMETER,CHEMBL1200359,COc1cnc(NS(=O)(=O)c2ccc(N)cc2)nc1,280.30899999999997,0.8681999999999999,2,6,107.19999999999999,4,0.8045216732232587,19,0
IOFETAMINE HYDROCHLORIDE I 123,CHEMBL1200360,CC(C)NC(C)Cc1ccc([123I])cc1,299.188589,3.220200000000002,1,1,12.03,4,0.8418297193039429,14,0
AMINOHIPPURATE SODIUM,CHEMBL1200365,Nc1ccc(C(=O)NCC(=O)O)cc1,194.19000000000003,0.08319999999999966,3,3,92.42,3,0.5940584768895217,14,0
CEPHALEXIN HYDROCHLORIDE,CHEMBL1200366,CC1=C(C(=O)O)N2C(=O)[C@@H](NC(=O)[C@H](N)c3ccccc3)[C@H]2SC1,347.3960000000001,0.4449000000000012,3,5,112.73,4,0.6816125812503079,24,0
ECHOTHIOPHATE IODIDE,CHEMBL1200367,CCOP(=O)(OCC)SCC[N+](C)(C)C,256.328,2.6069000000000004,0,4,35.53,8,0.49378909950033995,15,0
BENTIROMIDE,CHEMBL1200368,O=C(O)c1ccc(NC(=O)[C@H](Cc2ccc(O)cc2)NC(=O)c2ccccc2)cc1,404.4220000000001,3.0702000000000016,4,4,115.73000000000002,7,0.48302303925439344,30,0
BENZOYL PEROXIDE,CHEMBL1200370,O=C(OOC(=O)c1ccccc1)c1ccccc1,242.23000000000002,2.615400000000001,0,4,52.6,2,0.5996635086620677,18,0
EXEMESTANE,CHEMBL1200374,C=C1C[C@@H]2[C@H](CC[C@]3(C)C(=O)CC[C@@H]23)[C@@]2(C)C=CC(=O)C=C12,296.41,4.029500000000003,0,2,34.14,0,0.6760895538895387,22,0
EDETATE CALCIUM DISODIUM ANHYDROUS,CHEMBL1200375,O=C(O)CN(CCN(CC(=O)O)CC(=O)O)CC(=O)O,292.244,-2.0711999999999957,4,6,155.68,11,0.333294737123963,20,0
BETAMETHASONE BENZOATE,CHEMBL1200376,C[C@H]1C[C@H]2[C@@H]3CCC4=CC(=O)C=C[C@]4(C)[C@@]3(F)[C@@H](O)C[C@]2(C)[C@@]1(OC(=O)c1ccccc1)C(=O)CO,496.57500000000033,3.760400000000003,2,6,100.9,4,0.6159542688928459,36,0
AMPHETAMINE ASPARTATE,CHEMBL1200377,CC(N)Cc1ccccc1,135.20999999999998,1.5763,1,1,26.02,2,0.6542162175383444,10,0
APRACLONIDINE HYDROCHLORIDE,CHEMBL1200379,Nc1cc(Cl)c(N=C2NCCN2)c(Cl)c1,245.113,1.7558999999999998,3,2,62.44,1,0.660359398694943,15,0
ACYCLOVIR SODIUM,CHEMBL1200380,Nc1nc(O)c2ncn(COCCO)c2n1,225.20799999999994,-0.9195,3,7,119.31000000000002,4,0.5753913260032537,16,0
ARGININE HYDROCHLORIDE,CHEMBL1200381,N=C(N)NCCC[C@H](N)C(=O)O,174.204,-1.338429999999999,5,3,125.22000000000001,5,0.2002751368104355,12,0
BEPRIDIL HYDROCHLORIDE,CHEMBL1200382,CC(C)COCC(CN(Cc1ccccc1)c1ccccc1)N1CCCC1,366.5490000000002,4.830200000000005,0,3,15.71,10,0.5988605961954666,27,0
BENZTROPINE MESYLATE,CHEMBL1200383,CN1[C@@H]2CC[C@H]1C[C@@H](OC(c1ccccc1)c1ccccc1)C2,307.43700000000007,4.417800000000004,0,2,12.47,4,0.8289288715670488,23,0
BETAMETHASONE DIPROPIONATE,CHEMBL1200384,CCC(=O)OCC(=O)[C@@]1(OC(=O)CC)[C@@H](C)C[C@H]2[C@@H]3CCC4=CC(=O)C=C[C@]4(C)[C@@]3(F)[C@@H](O)C[C@@]21C,504.5950000000003,3.8175000000000026,1,7,106.97000000000001,6,0.5482119854331166,36,1
ARBUTAMINE HYDROCHLORIDE,CHEMBL1200385,Oc1ccc(CCCCNC[C@H](O)c2ccc(O)c(O)c2)cc1,317.38500000000005,2.449300000000001,5,5,92.95,8,0.3808434509975777,23,0
PREDNICARBATE,CHEMBL1200386,CCOC(=O)O[C@]1(C(=O)COC(=O)CC)CC[C@H]2[C@@H]3CCC4=CC(=O)C=C[C@]4(C)[C@H]3[C@@H](O)C[C@@]21C,488.5770000000002,3.6993000000000027,1,8,116.2,6,0.562816868972934,35,0
AMPHETAMINE ADIPATE,CHEMBL1200387,CC(N)Cc1ccccc1,135.20999999999998,1.5763,1,1,26.02,2,0.6542162175383444,10,0
CLOXACILLIN SODIUM,CHEMBL1200388,Cc1onc(-c2ccccc2Cl)c1C(=O)N[C@@H]1C(=O)N2[C@@H]1SC(C)(C)[C@@H]2C(=O)O,435.8890000000002,2.5487200000000003,2,6,112.74,4,0.7092649200190689,29,0
BRIMONIDINE TARTRATE,CHEMBL1200389,Brc1c(NC2=NCCN2)ccc2nccnc12,292.14000000000004,1.7633999999999999,2,5,62.2,1,0.8405283183567286,17,0
DOXYLAMINE SUCCINATE,CHEMBL1200392,CN(C)CCOC(C)(c1ccccc1)c1ccccn1,270.37600000000003,2.923300000000001,0,3,25.36,6,0.8067475103694609,20,0
ORPHENADRINE CITRATE,CHEMBL1200395,Cc1ccccc1C(OCCN(C)C)c1ccccc1,269.388,3.662620000000003,0,2,12.47,6,0.7932087270574181,20,0
BUPIVACAINE HYDROCHLORIDE,CHEMBL1200396,CCCCN1CCCCC1C(=O)Nc1c(C)cccc1C,288.43500000000006,3.8965400000000026,1,2,32.34,5,0.891012713024742,21,0
BUTENAFINE HYDROCHLORIDE,CHEMBL1200397,CN(Cc1ccc(C(C)(C)C)cc1)Cc1cccc2ccccc12,317.476,5.769300000000006,0,1,3.24,4,0.5902547919222657,24,1
BUTOCONAZOLE NITRATE,CHEMBL1200398,Clc1ccc(CCC(Cn2ccnc2)Sc2c(Cl)cccc2Cl)cc1,411.7850000000001,6.637000000000003,0,2,17.82,7,0.40560533429498863,25,1
BUSPIRONE HYDROCHLORIDE,CHEMBL1200399,O=C1CC2(CCCC2)CC(=O)N1CCCCN1CCN(c2ncccn2)CC1,385.5120000000001,2.0881999999999996,0,6,69.64000000000001,6,0.551662995519089,28,0
AZATHIOPRINE SODIUM,CHEMBL1200400,Cn1cnc([N+](=O)[O-])c1Sc1ncnc2nc[nH]c12,277.269,1.1457999999999997,1,7,115.41999999999999,3,0.43328794180573177,19,0
AMLODIPINE BESYLATE,CHEMBL1200402,CCOC(=O)C1=C(COCCN)NC(C)=C(C(=O)OC)C1c1ccccc1Cl,408.88200000000006,2.266300000000001,2,7,99.88000000000001,8,0.5023259105130484,28,0
BITOLTEROL MESYLATE,CHEMBL1200405,Cc1ccc(C(=O)Oc2ccc(C(O)CNC(C)(C)C)cc2OC(=O)c2ccc(C)cc2)cc1,461.5580000000003,5.163340000000004,2,6,84.86000000000001,7,0.37331531004804225,34,1
DIMENHYDRINATE,CHEMBL1200406,CN(C)CCOC(c1ccccc1)c1ccccc1,255.36100000000002,3.3542000000000023,0,2,12.47,6,0.7845504400951161,19,0
LIDOCAINE HYDROCHLORIDE,CHEMBL1200409,CCN(CC)CC(=O)Nc1c(C)cccc1C,234.343,2.5837400000000006,1,2,32.34,5,0.8489671904749567,17,0
PROCARBAZINE HYDROCHLORIDE,CHEMBL1200410,CNNCc1ccc(C(=O)NC(C)C)cc1,221.304,1.0487999999999995,3,3,53.16,5,0.6513892787333422,16,0
ROPINIROLE HYDROCHLORIDE,CHEMBL1200411,CCCN(CCC)CCc1cccc2c1CC(=O)N2,260.3809999999999,2.845700000000001,1,2,32.34,7,0.8173315946878695,19,0
NANDROLONE PHENPROPIONATE,CHEMBL1200412,C[C@]12CC[C@H]3[C@@H](CCC4=CC(=O)CC[C@@H]43)[C@@H]1CC[C@@H]2OC(=O)CCc1ccccc1,406.56600000000014,5.672800000000006,0,3,43.370000000000005,4,0.6049275845173735,30,1
TETRAHYDROZOLINE HYDROCHLORIDE,CHEMBL1200413,c1ccc2c(c1)CCCC2C1=NCCN1,200.285,2.1082,1,2,24.39,1,0.7373798417697964,15,0
DOBUTAMINE HYDROCHLORIDE,CHEMBL1200418,CC(CCc1ccc(O)cc1)NCCc1ccc(O)c(O)c1,301.386,2.956800000000002,4,4,72.72,7,0.593334886982252,22,0
MOLINDONE HYDROCHLORIDE,CHEMBL1200419,CCc1c(C)[nH]c2c1C(=O)C(CN1CCOCC1)CC2,276.38,1.96282,1,3,45.33,3,0.917711580112694,20,0
MIDAZOLAM HYDROCHLORIDE,CHEMBL1200420,Cc1ncc2n1-c1ccc(Cl)cc1C(c1ccccc1F)=NC2,325.77400000000006,4.324220000000002,0,2,30.18,1,0.654885085071007,23,0
METRIZOATE SODIUM,CHEMBL1200423,CC(=O)Nc1c(I)c(C(=O)O)c(I)c(N(C)C(C)=O)c1I,627.9420000000001,3.1397000000000013,2,3,86.71000000000001,3,0.5047465616448636,21,1
PENTETATE ZINC TRISODIUM,CHEMBL1200424,O=C(O)CN(CCN(CC(=O)O)CC(=O)O)CCN(CC(=O)O)CC(=O)O,393.3490000000002,-2.6845999999999934,5,8,196.21999999999997,16,0.18191710880196524,27,0
PARGYLINE HYDROCHLORIDE,CHEMBL1200425,C#CCN(C)Cc1ccccc1,159.232,1.7516,0,1,3.24,3,0.6072627909596671,12,0
METHIXENE HYDROCHLORIDE,CHEMBL1200426,CN1CCCC(CC2c3ccccc3Sc3ccccc32)C1,309.47800000000007,5.015000000000005,0,2,3.24,2,0.7664689844331225,22,1
ESTRADIOL ACETATE,CHEMBL1200430,CC(=O)Oc1ccc2c(c1)CC[C@@H]1[C@@H]2CC[C@]2(C)[C@@H](O)CC[C@@H]12,314.425,3.8289000000000026,1,3,46.53,1,0.6328232396055683,23,0
METHYLDOPATE HYDROCHLORIDE,CHEMBL1200432,CCOC(=O)[C@@](C)(N)Cc1ccc(O)c(O)c1,239.27100000000002,0.9207999999999996,3,5,92.78,4,0.5364059398397247,17,0
OXANDROLONE,CHEMBL1200436,C[C@]12COC(=O)C[C@@H]1CC[C@@H]1[C@@H]2CC[C@@]2(C)[C@H]1CC[C@]2(C)O,306.446,3.543100000000003,1,3,46.53,0,0.6962908532154631,22,0
QUINIDINE GLUCONATE,CHEMBL1200437,C=C[C@H]1CN2CC[C@H]1C[C@@H]2[C@@H](O)c1ccnc2ccc(OC)cc12,324.4240000000001,3.1732000000000014,1,4,45.59,4,0.8776016184783941,24,0
TIOCONAZOLE,CHEMBL1200438,Clc1ccc(C(Cn2ccnc2)OCc2ccsc2Cl)c(Cl)c1,387.71900000000005,5.8629000000000016,0,3,27.05,6,0.5291897722454129,23,1
IODOHIPPURATE SODIUM I 123,CHEMBL1200439,O=C(O)CNC(=O)c1ccccc1[123I],301.072589,1.1055999999999995,2,2,66.4,3,0.8218517427715611,14,0
MEPIVACAINE HYDROCHLORIDE,CHEMBL1200440,Cc1cccc(C)c1NC(=O)C1CCCCN1C,246.35399999999996,2.7262400000000007,1,2,32.34,2,0.8699043213708457,18,0
PIRBUTEROL ACETATE,CHEMBL1200444,CC(C)(C)NCC(O)c1ccc(O)c(CO)n1,240.303,0.7009999999999998,4,5,85.61,4,0.6222799026086435,17,0
TRIPELENNAMINE HYDROCHLORIDE,CHEMBL1200446,CN(C)CCN(Cc1ccccc1)c1ccccn1,255.36500000000004,2.649800000000001,0,3,19.37,6,0.7908033413514379,19,0
TILUDRONATE DISODIUM,CHEMBL1200448,O=P(O)(O)C(Sc1ccc(Cl)cc1)P(=O)(O)O,318.61100000000005,2.0711000000000013,4,3,115.06,4,0.4959187141654929,17,0
TRIAMCINOLONE DIACETATE,CHEMBL1200449,CC(=O)OCC(=O)[C@@]1(O)[C@H](OC(C)=O)C[C@H]2[C@@H]3CCC4=CC(=O)C=C[C@]4(C)[C@@]3(F)[C@@H](O)C[C@@]21C,478.5130000000003,1.7620999999999991,2,8,127.2,4,0.5855060519155003,34,0
DOCOSANOL,CHEMBL1200453,CCCCCCCCCCCCCCCCCCCCCCO,326.60900000000004,7.800600000000008,1,1,20.23,20,0.226191976485649,23,1
VALGANCICLOVIR HYDROCHLORIDE,CHEMBL1200454,CC(C)[C@H](N)C(=O)OCC(CO)OCn1cnc2c(=O)nc(N)[nH]c21,354.3670000000001,-1.4366999999999974,4,9,171.37,8,0.41429377068433665,25,0
POTASSIUM CITRATE ANHYDROUS,CHEMBL1200458,O=C(O)CC(O)(CC(=O)O)C(=O)O,192.123,-1.2484999999999995,4,4,132.13,5,0.4274213512497734,13,0
MIDODRINE HYDROCHLORIDE,CHEMBL1200461,COc1ccc(OC)c(C(O)CNC(=O)CN)c1,254.28599999999997,-0.18789999999999946,3,5,93.80999999999999,6,0.6540368201081147,18,0
OXAPROZIN POTASSIUM,CHEMBL1200463,O=C(O)CCc1nc(-c2ccccc2)c(-c2ccccc2)o1,293.32200000000006,4.025800000000003,1,3,63.33,5,0.7711850955719793,22,0
PROPARACAINE HYDROCHLORIDE,CHEMBL1200464,CCCOc1ccc(C(=O)OCCN(CC)CC)cc1N,294.3949999999999,2.5562000000000005,1,5,64.79,9,0.5599065078286075,21,0
HYDROXYZINE PAMOATE,CHEMBL1200467,OCCOCCN1CCN(C(c2ccccc2)c2ccc(Cl)cc2)CC1,374.91200000000015,3.055900000000001,1,4,35.940000000000005,8,0.720292463198365,26,0
MALATHION,CHEMBL1200468,CCOC(=O)CC(SP(=S)(OC)OC)C(=O)OCC,330.3640000000001,2.1218000000000004,0,8,71.06,9,0.4701971932858886,19,0
PROMAZINE HYDROCHLORIDE,CHEMBL1200469,CN(C)CCCN1c2ccccc2Sc2ccccc21,284.42800000000005,4.241000000000003,0,3,6.48,4,0.8288580486751157,20,0
ESOMEPRAZOLE SODIUM,CHEMBL1200470,COc1ccc2[nH]c([S@@+]([O-])Cc3ncc(C)c(OC)c3C)nc2c1,345.4240000000001,2.8997400000000013,1,5,83.09,5,0.7189882148938236,24,0
QUAZEPAM,CHEMBL1200472,Fc1ccccc1C1=NCC(=S)N(CC(F)(F)F)c2ccc(Cl)cc21,386.8010000000001,5.026200000000003,0,2,15.6,2,0.5313446230748395,25,1
CYCLOPENTOLATE HYDROCHLORIDE,CHEMBL1200473,CN(C)CCOC(=O)C(c1ccccc1)C1(O)CCCC1,291.39100000000013,2.1801000000000004,1,4,49.769999999999996,6,0.816248731137982,21,0
DEMECLOCYCLINE HYDROCHLORIDE,CHEMBL1200474,CN(C)[C@@H]1C(O)=C(C(N)=O)C(=O)[C@@]2(O)C(O)=C3C(=O)c4c(O)ccc(Cl)c4[C@@H](O)[C@H]3C[C@@H]12,464.8580000000002,0.2649000000000006,6,9,181.61999999999998,2,0.3342986617953946,32,1
DAUNORUBICIN CITRATE,CHEMBL1200475,COc1cccc2c1C(=O)c1c(O)c3c(c(O)c1C2=O)C[C@@](O)(C(C)=O)C[C@@H]3O[C@H]1C[C@H](N)[C@H](O)[C@H](C)O1,527.5260000000003,1.0288999999999997,5,11,185.84,4,0.3051291560965146,38,2
ALLOPURINOL SODIUM,CHEMBL1200477,O=c1[nH]cnc2[nH]ncc12,136.114,-0.35380000000000006,2,3,74.43,0,0.5192368565638923,10,0
DYCLONINE HYDROCHLORIDE,CHEMBL1200478,CCCCOc1ccc(C(=O)CCN2CCCCC2)cc1,289.4189999999999,3.9242000000000035,0,3,29.54,8,0.5363384776583598,21,0
DICYCLOMINE HYDROCHLORIDE,CHEMBL1200479,CCN(CC)CCOC(=O)C1(C2CCCCC2)CCCCC1,309.4940000000001,4.402200000000004,0,3,29.54,7,0.6527189222048309,22,0
CEFOPERAZONE SODIUM,CHEMBL1200482,CCN1CCN(C(=O)N[C@@H](C(=O)N[C@@H]2C(=O)N3C(C(=O)O)=C(CSc4nnnn4C)CS[C@H]23)c2ccc(O)cc2)C(=O)C1=O,645.6800000000003,-1.1119999999999965,4,12,220.25999999999996,9,0.14453824042940433,44,2
PHENMETRAZINE HYDROCHLORIDE,CHEMBL1200483,CC1NCCOC1c1ccccc1,177.247,1.736,1,2,21.259999999999998,1,0.705114488465338,13,0
SORAFENIB TOSYLATE,CHEMBL1200485,CNC(=O)c1cc(Oc2ccc(NC(=O)Nc3ccc(Cl)c(C(F)(F)F)c3)cc2)ccn1,464.83100000000013,5.549700000000003,3,4,92.35000000000001,5,0.4613395020059931,32,1
ETHACRYNATE SODIUM,CHEMBL1200487,C=C(CC)C(=O)c1ccc(OCC(=O)O)c(Cl)c1Cl,303.14099999999996,3.6057000000000023,1,3,63.60000000000001,6,0.6438970754146427,19,0
EPINASTINE HYDROCHLORIDE,CHEMBL1200491,NC1=NCC2c3ccccc3Cc3ccccc3N12,249.31699999999998,2.4668,1,3,41.62,0,0.7789519520165338,19,0
NAFTIFINE HYDROCHLORIDE,CHEMBL1200493,CN(C/C=C/c1ccccc1)Cc1cccc2ccccc12,287.406,4.985000000000004,0,1,3.24,5,0.6390791725132271,22,0
GUANFACINE HYDROCHLORIDE,CHEMBL1200494,N=C(N)NC(=O)Cc1c(Cl)cccc1Cl,246.097,1.5455700000000003,3,2,78.97,2,0.5462961576523643,15,0
HYDROCORTISONE SODIUM SUCCINATE,CHEMBL1200495,C[C@]12CCC(=O)C=C1CC[C@@H]1[C@@H]2[C@@H](O)C[C@@]2(C)[C@H]1CC[C@]2(O)C(=O)COC(=O)CCC(=O)O,462.5390000000004,2.1973,3,7,138.2,6,0.5108373230056191,33,0
CYCLIZINE LACTATE,CHEMBL1200497,CN1CCN(C(c2ccccc2)c2ccccc2)CC1,266.38800000000003,3.0234000000000014,0,2,6.48,3,0.84234198198695,20,0
BECLOMETHASONE DIPROPIONATE,CHEMBL1200500,CCC(=O)OCC(=O)[C@@]1(OC(=O)CC)[C@@H](C)C[C@H]2[C@@H]3CCC4=CC(=O)C=C[C@]4(C)[C@@]3(Cl)[C@@H](O)C[C@@]21C,521.0500000000003,4.086800000000004,1,7,106.97000000000001,6,0.4149432383701715,36,1
BROMOCRIPTINE MESYLATE,CHEMBL1200503,CC(C)C[C@H]1C(=O)N2CCC[C@H]2[C@]2(O)O[C@](NC(=O)[C@@H]3C=C4c5cccc6[nH]c(Br)c(c56)C[C@H]4N(C)C3)(C(C)C)C(=O)N12,654.6059999999999,3.192800000000001,3,6,118.21,5,0.45632722461101194,43,1
DEMECARIUM BROMIDE,CHEMBL1200514,CN(CCCCCCCCCCN(C)C(=O)Oc1cccc([N+](C)(C)C)c1)C(=O)Oc1cccc([N+](C)(C)C)c1,556.7920000000001,6.762200000000008,0,4,59.08,15,0.17960592626836677,40,2
DESERPIDINE,CHEMBL1200515,COC(=O)[C@H]1[C@H]2C[C@@H]3c4[nH]c5ccccc5c4CCN3C[C@H]2C[C@@H](OC(=O)c2cc(OC)c(OC)c(OC)c2)[C@@H]1OC,578.6620000000004,4.162500000000003,1,9,108.55000000000001,7,0.4135684352582827,42,1
DIHYDROERGOTAMINE MESYLATE,CHEMBL1200517,CN1C[C@H](C(=O)N[C@]2(C)O[C@@]3(O)[C@@H]4CCCN4C(=O)[C@H](Cc4ccccc4)N3C2=O)C[C@@H]2c3cccc4[nH]cc(c34)C[C@H]21,583.6890000000001,2.0811000000000024,3,6,118.21000000000001,4,0.43313608627344474,43,1
ALMOTRIPTAN MALATE,CHEMBL1200521,CN(C)CCc1c[nH]c2ccc(CS(=O)(=O)N3CCCC3)cc12,335.4730000000002,2.1975999999999996,1,3,56.410000000000004,6,0.8803470485806123,23,0
AVOBENZONE,CHEMBL1200522,COc1ccc(C(=O)CC(=O)c2ccc(C(C)(C)C)cc2)cc1,310.393,4.448400000000004,0,3,43.370000000000005,5,0.6051449189078485,23,0
CEFAZOLIN SODIUM,CHEMBL1200523,Cc1nnc(SCC2=C(C(=O)O)N3C(=O)[C@@H](NC(=O)Cn4cnnn4)[C@H]3SC2)s1,454.5190000000002,-0.6360799999999995,2,11,156.08999999999997,7,0.4051904538567724,29,1
CEFOXITIN SODIUM,CHEMBL1200530,CO[C@@]1(NC(=O)Cc2cccs2)C(=O)N2C(C(=O)O)=C(COC(N)=O)CS[C@@H]21,427.4600000000002,0.09859999999999991,3,8,148.26000000000002,7,0.4097813290259421,28,0
ALFENTANIL HYDROCHLORIDE,CHEMBL1200531,CCC(=O)N(c1ccccc1)C1(COC)CCN(CCn2nnn(CC)c2=O)CC1,416.52600000000024,1.3838999999999997,0,6,85.49000000000001,9,0.6140453744926113,30,0
METHDILAZINE HYDROCHLORIDE,CHEMBL1200532,CN1CCC(CN2c3ccccc3Sc3ccccc32)C1,296.4390000000001,4.241000000000003,0,3,6.48,2,0.8181633544074803,21,0
MOEXIPRIL HYDROCHLORIDE,CHEMBL1200534,CCOC(=O)[C@H](CCc1ccccc1)N[C@@H](C)C(=O)N1Cc2cc(OC)c(OC)cc2C[C@H]1C(=O)O,498.5760000000004,2.5843,2,7,114.40000000000002,11,0.45463968613709077,36,0
BETAMETHASONE ACETATE,CHEMBL1200538,CC(=O)OCC(=O)[C@@]1(O)[C@@H](C)C[C@H]2[C@@H]3CCC4=CC(=O)C=C[C@]4(C)[C@@]3(F)[C@@H](O)C[C@@]21C,434.5040000000002,2.466500000000001,2,6,100.90000000000002,3,0.6621165611785135,31,0
AMBENONIUM CHLORIDE,CHEMBL1200541,CC[N+](CC)(CCNC(=O)C(=O)NCC[N+](CC)(CC)Cc1ccccc1Cl)Cc1ccccc1Cl,537.5760000000002,4.639200000000005,2,2,58.2,14,0.2726617298998794,36,1
DESOXYCORTICOSTERONE ACETATE,CHEMBL1200542,CC(=O)OCC(=O)[C@H]1CC[C@H]2[C@@H]3CCC4=CC(=O)CC[C@]4(C)[C@H]3CC[C@]12C,372.5050000000002,4.266700000000004,0,4,60.440000000000005,3,0.6943873137939288,27,0
ANILERIDINE PHOSPHATE,CHEMBL1200543,CCOC(=O)C1(c2ccccc2)CCN(CCc2ccc(N)cc2)CC1,352.47800000000007,3.4082000000000017,1,4,55.56,6,0.6393437724099448,26,0
CEPHALEXIN,CHEMBL1200544,CC1=C(C(=O)O)N2C(=O)[C@@H](NC(=O)[C@H](N)c3ccccc3)[C@H]2SC1,347.3960000000001,0.4449000000000012,3,5,112.73,4,0.6816125812503079,24,0
DIFLORASONE DIACETATE,CHEMBL1200545,CC(=O)OCC(=O)[C@@]1(OC(C)=O)[C@@H](C)C[C@H]2[C@@H]3C[C@H](F)C4=CC(=O)C=C[C@]4(C)[C@@]3(F)[C@@H](O)C[C@@]21C,494.53100000000023,2.9853000000000014,1,7,106.97000000000001,4,0.5990209425922626,35,0
ANTAZOLINE PHOSPHATE,CHEMBL1200550,c1ccc(CN(CC2=NCCN2)c2ccccc2)cc1,265.36,2.6949000000000014,1,3,27.63,5,0.8998200956985529,20,0
GUANABENZ ACETATE,CHEMBL1200560,N=C(N)N/N=C/c1c(Cl)cccc1Cl,231.086,1.8103700000000003,3,2,74.26,2,0.41216950976615796,14,0
DOXAZOSIN MESYLATE,CHEMBL1200561,COc1cc2nc(N3CCN(C(=O)C4COc5ccccc5O4)CC3)nc(N)c2cc1OC,451.4830000000003,1.7177999999999993,1,9,112.27000000000001,4,0.6334640734356928,33,0
HYDROCORTISONE VALERATE,CHEMBL1200562,CCCCC(=O)O[C@]1(C(=O)CO)CC[C@H]2[C@@H]3CCC4=CC(=O)CC[C@]4(C)[C@H]3[C@@H](O)C[C@@]21C,446.58400000000023,3.522700000000002,2,6,100.90000000000002,6,0.6056137866355813,32,0
CAFFEINE CITRATE,CHEMBL1200569,Cn1c(=O)c2c(ncn2C)n(C)c1=O,194.194,-1.0293,0,3,61.82,0,0.5384628262372215,14,0
MEGLUMINE,CHEMBL1200570,CNC[C@H](O)[C@@H](O)[C@H](O)[C@H](O)CO,195.21499999999997,-3.3582999999999994,6,6,113.18,6,0.26379950587316064,13,1
CYSTEAMINE BITARTRATE,CHEMBL1200577,O=C(O)[C@H](O)[C@@H](O)C(=O)O,150.08599999999998,-2.1226,4,4,115.06000000000002,3,0.3652291848585975,10,0
THEOPHYLLINE SODIUM GLYCINATE,CHEMBL1200578,Cn1c(=O)c2[nH]cnc2n(C)c1=O,180.16699999999997,-1.0397000000000005,1,3,72.68,0,0.5624722357827983,13,0
SULFOXONE SODIUM,CHEMBL1200580,O=S(O)CNc1ccc(S(=O)(=O)c2ccc(NCS(=O)O)cc2)cc1,404.4910000000001,1.7015999999999998,4,6,132.79999999999998,8,0.4887779283307861,25,0
DIATRIZOATE SODIUM,CHEMBL1200581,CC(=O)Nc1c(I)c(NC(C)=O)c(I)c(C(=O)O)c1I,613.9150000000002,3.1154,3,3,95.50000000000001,3,0.4569915391683752,20,1
AMINOSALICYLATE POTASSIUM,CHEMBL1200584,Nc1ccc(C(=O)O)c(O)c1,153.137,0.6726000000000001,3,3,83.55000000000001,1,0.5176060263674482,11,0
OXYMETHOLONE,CHEMBL1200585,C[C@]12C/C(=C/O)C(=O)C[C@@H]1CC[C@@H]1[C@@H]2CC[C@@]2(C)[C@H]1CC[C@]2(C)O,332.4840000000001,4.401000000000005,2,3,57.53,0,0.5104218936123291,24,0
PRILOCAINE HYDROCHLORIDE,CHEMBL1200586,CCCNC(C)C(=O)Nc1ccccc1C,220.316,2.3216200000000002,2,2,41.13,5,0.7992484445643814,16,0
CLINDAMYCIN HYDROCHLORIDE,CHEMBL1200588,CCC[C@@H]1C[C@@H](C(=O)N[C@@H]([C@H]2O[C@H](SC)[C@H](O)[C@@H](O)[C@H]2O)[C@H](C)Cl)N(C)C1,424.9910000000001,0.3895000000000004,4,7,102.26,7,0.4382730169795818,27,0
DESOXYCORTICOSTERONE PIVALATE,CHEMBL1200592,CC(C)(C)C(=O)OCC(=O)[C@H]1CC[C@H]2[C@@H]3CCC4=CC(=O)CC[C@]4(C)[C@H]3CC[C@]12C,414.58600000000024,5.292900000000006,0,4,60.440000000000005,3,0.5885932991379204,30,1
CHLOROXINE,CHEMBL1200596,Oc1c(Cl)cc(Cl)c2cccnc12,214.051,3.2472000000000003,1,2,33.120000000000005,0,0.7295228001546942,13,0
ETIDOCAINE HYDROCHLORIDE,CHEMBL1200597,CCCN(CC)C(CC)C(=O)Nc1c(C)cccc1C,276.42400000000004,3.7524400000000018,1,2,32.34,7,0.8222609245677037,20,0
DIETHYLSTILBESTROL DIPHOSPHATE,CHEMBL1200598,CC/C(=C(/CC)c1ccc(OP(=O)(O)O)cc1)c1ccc(OP(=O)(O)O)cc1,428.3140000000001,4.3604000000000065,4,4,133.52,8,0.3600305737273551,28,0
DIFENOXIN HYDROCHLORIDE,CHEMBL1200599,N#CC(CCN1CCC(C(=O)O)(c2ccccc2)CC1)(c1ccccc1)c1ccccc1,424.54400000000015,5.004780000000005,1,3,64.33,7,0.5793753077150272,32,1
FLUOROMETHOLONE,CHEMBL1200600,CC(=O)[C@@]1(O)CC[C@H]2[C@@H]3C[C@H](C)C4=CC(=O)C=C[C@]4(C)[C@@]3(F)[C@@H](O)C[C@@]21C,376.46800000000013,2.923300000000001,2,4,74.6,1,0.7379088954419751,27,0
NARATRIPTAN HYDROCHLORIDE,CHEMBL1200601,CNS(=O)(=O)CCc1ccc2[nH]cc(C3CCN(C)CC3)c2c1,335.4730000000001,2.0687999999999995,2,3,65.2,5,0.8790140987575411,23,0
TROPICAMIDE,CHEMBL1200604,CCN(Cc1ccncc1)C(=O)C(CO)c1ccccc1,284.359,2.2062,1,3,53.43000000000001,6,0.8845260918021192,21,0
MEXILETINE HYDROCHLORIDE,CHEMBL1200606,Cc1cccc(C)c1OCC(C)N,179.26299999999998,2.0294399999999997,1,2,35.25,3,0.7701737793320904,13,0
PERFLEXANE,CHEMBL1200607,FC(F)(F)C(F)(F)C(F)(F)C(F)(F)C(F)(F)C(F)(F)F,338.03799999999995,4.652200000000001,0,0,0.0,3,0.6573124695290601,20,0
PAROXETINE MESYLATE,CHEMBL1200609,Fc1ccc([C@@H]2CCNC[C@H]2COc2ccc3c(c2)OCO3)cc1,329.3710000000001,3.326500000000002,1,4,39.72,4,0.9339413767145557,24,0
LORACARBEF,CHEMBL1200610,N[C@@H](C(=O)N[C@@H]1C(=O)N2C(C(=O)O)=C(Cl)CC[C@H]12)c1ccccc1,349.77400000000006,0.7108000000000003,3,4,112.73,4,0.6928658548844621,24,0
DIBUCAINE HYDROCHLORIDE,CHEMBL1200612,CCCCOc1cc(C(=O)NCCN(CC)CC)c2ccccc2n1,343.471,3.4853000000000023,1,4,54.46,10,0.6711145343894273,25,0
TOLMETIN SODIUM,CHEMBL1200613,Cc1ccc(C(=O)c2ccc(CC(=O)O)n2C)cc1,257.289,2.1916200000000003,1,2,59.300000000000004,4,0.8540302270880286,19,0
CHLOROTHIAZIDE SODIUM,CHEMBL1200616,NS(=O)(=O)c1cc2c(cc1Cl)N=CNS2(=O)=O,295.72900000000004,-0.0608999999999999,2,5,118.69,1,0.7539227220961292,17,0
RIMEXOLONE,CHEMBL1200617,CCC(=O)[C@@]1(C)[C@H](C)C[C@H]2[C@@H]3CCC4=CC(=O)C=C[C@]4(C)[C@H]3[C@@H](O)C[C@@]21C,370.53300000000013,4.496500000000005,1,3,54.370000000000005,2,0.7786891088285057,27,0
FEXOFENADINE HYDROCHLORIDE,CHEMBL1200618,CC(C)(C(=O)O)c1ccc(C(O)CCCN2CCC(C(O)(c3ccccc3)c3ccccc3)CC2)cc1,501.66700000000014,5.510500000000006,3,4,81.0,10,0.3413059210334571,37,2
GEMIFLOXACIN MESYLATE,CHEMBL1200621,CO/N=C1\CN(c2nc3c(cc2F)c(=O)c(C(=O)O)cn3C2CC2)CC1CN,389.38700000000017,0.966,2,7,123.04,5,0.7304236261034949,28,0
PARICALCITOL,CHEMBL1200622,C[C@H](/C=C/[C@H](C)C(C)(C)O)[C@H]1CC[C@H]2/C(=C/C=C3C[C@@H](O)C[C@H](O)C3)CCC[C@]12C,416.6460000000003,5.560600000000008,3,3,60.69,5,0.5141969070179693,30,1
ETHYLESTRENOL,CHEMBL1200623,CC[C@]1(O)CC[C@H]2[C@@H]3CCC4=CCCC[C@@H]4[C@H]3CC[C@@]21C,288.475,5.090300000000005,1,1,20.23,1,0.6662692979783309,21,1
ETHYNODIOL DIACETATE,CHEMBL1200624,C#C[C@]1(OC(C)=O)CC[C@H]2[C@@H]3CCC4=C[C@@H](OC(C)=O)CC[C@@H]4[C@H]3CC[C@@]21C,384.51600000000025,4.425900000000004,0,4,52.6,2,0.4015627733780324,28,0
VECURONIUM BROMIDE,CHEMBL1200629,CC(=O)O[C@H]1C[C@@H]2CC[C@@H]3[C@H](CC[C@@]4(C)[C@H]3C[C@H]([N+]3(C)CCCCC3)[C@@H]4OC(C)=O)[C@@]2(C)C[C@@H]1N1CCCCC1,557.8400000000003,5.965900000000007,0,5,55.84,4,0.3151098082587802,40,2
CLINDAMYCIN PALMITATE HYDROCHLORIDE,CHEMBL1200632,CCCCCCCCCCCCCCCC(=O)O[C@@H]1[C@@H](O)[C@@H](O)[C@@H]([C@H](NC(=O)[C@@H]2C[C@@H](CCC)CN2C)[C@H](C)Cl)O[C@@H]1SC,663.4060000000002,6.421700000000006,3,8,108.33000000000001,22,0.06925054489589073,44,2
HYDROCORTAMATE HYDROCHLORIDE,CHEMBL1200635,CCN(CC)CC(=O)OCC(=O)[C@@]1(O)CC[C@H]2[C@@H]3CCC4=CC(=O)CC[C@]4(C)[C@H]3[C@@H](O)C[C@@]21C,475.6260000000004,2.6742999999999997,2,7,104.14,7,0.5456854445989993,34,0
CYCLOBENZAPRINE HYDROCHLORIDE,CHEMBL1200636,CN(C)CCC=C1c2ccccc2C=Cc2ccccc21,275.39500000000004,4.553800000000004,0,1,3.24,3,0.6773504085567709,21,0
DEXBROMPHENIRAMINE MALEATE,CHEMBL1200638,CN(C)CC[C@@H](c1ccc(Br)cc1)c1ccccn1,319.246,3.9277000000000024,0,2,16.130000000000003,5,0.8300542359520316,19,0
ETOPOSIDE PHOSPHATE,CHEMBL1200645,COc1cc([C@@H]2c3cc4c(cc3[C@@H](O[C@@H]3O[C@@H]5CO[C@@H](C)O[C@H]5[C@H](O)[C@H]3O)[C@H]3COC(=O)[C@H]23)OCO4)cc(OC)c1OP(=O)(O)O,668.5410000000005,1.1044999999999991,4,14,207.35999999999999,7,0.24067931132058681,46,2
ROCURONIUM BROMIDE,CHEMBL1200648,C=CC[N+]1([C@H]2C[C@H]3[C@@H]4CC[C@H]5C[C@H](O)[C@@H](N6CCOCC6)C[C@]5(C)[C@H]4CC[C@]3(C)[C@H]2OC(C)=O)CCCC1,529.7860000000004,4.407500000000003,1,5,59.00000000000001,5,0.32490282166161777,38,1
BENOXINATE HYDROCHLORIDE,CHEMBL1200654,CCCCOc1cc(C(=O)OCCN(CC)CC)ccc1N,308.42199999999997,2.946300000000001,1,5,64.79,10,0.4088470851438764,22,0
NATAMYCIN,CHEMBL1200656,C[C@@H]1C/C=C/C=C/C=C/C=C/[C@H](O[C@@H]2O[C@H](C)[C@@H](O)[C@H](N)[C@@H]2O)C[C@@H]2O[C@](O)(C[C@@H](O)C[C@H]3O[C@@H]3/C=C/C(=O)O1)C[C@H](O)[C@H]2C(=O)O,665.7330000000004,0.11970000000000325,7,13,230.98999999999995,3,0.1568888746348767,47,3
ENALAPRIL MALEATE,CHEMBL1200659,CCOC(=O)[C@H](CCc1ccccc1)N[C@@H](C)C(=O)N1CCC[C@H]1C(=O)O,376.45300000000026,1.6046,2,5,95.94000000000001,9,0.6358354158694681,27,0
ISOSORBIDE,CHEMBL1200660,O[C@@H]1CO[C@H]2[C@@H]1OC[C@@H]2O,146.142,-1.4942000000000004,2,4,58.92,0,0.4366832812212583,10,0
UNOPROSTONE ISOPROPYL,CHEMBL1200661,CCCCCCCC(=O)CC[C@@H]1[C@@H](C/C=C\CCCC(=O)OC(C)C)[C@@H](O)C[C@H]1O,424.6220000000002,5.122300000000006,2,5,83.83000000000001,16,0.20399293659976175,30,1
DIPHENOXYLATE HYDROCHLORIDE,CHEMBL1200665,CCOC(=O)C1(c2ccccc2)CCN(CCC(C#N)(c2ccccc2)c2ccccc2)CC1,452.5980000000001,5.483280000000006,0,4,53.33,8,0.42462078961600247,34,1
CALCIPOTRIENE,CHEMBL1200666,C=C1/C(=C\C=C2/CCC[C@]3(C)[C@@H]([C@H](C)/C=C/[C@@H](O)C4CC4)CC[C@@H]23)C[C@@H](O)C[C@@H]1O,412.6140000000003,5.090600000000006,3,3,60.69,5,0.5512651961830369,30,1
CEFPIRAMIDE SODIUM,CHEMBL1200672,Cc1cc(O)c(C(=O)N[C@@H](C(=O)N[C@@H]2C(=O)N3C(C(=O)O)=C(CSc4nnnn4C)CS[C@H]23)c2ccc(O)cc2)cn1,612.6500000000003,0.3267200000000013,5,12,212.76,9,0.1629535933602729,42,2
TOREMIFENE CITRATE,CHEMBL1200675,CN(C)CCOc1ccc(/C(=C(/CCCl)c2ccccc2)c2ccccc2)cc1,405.969,6.215000000000006,0,2,12.47,9,0.30945335399668383,29,1
MONTELUKAST SODIUM,CHEMBL1200681,CC(C)(O)c1ccccc1CC[C@@H](SCC1(CC(=O)O)CC1)c1cccc(/C=C/c2ccc3ccc(Cl)cc3n2)c1,586.1970000000001,8.948000000000002,2,4,70.42,12,0.1735643864602374,41,2
OLMESARTAN MEDOXOMIL,CHEMBL1200692,CCCc1nc(C(C)(C)O)c(C(=O)OCc2oc(=O)oc2C)n1Cc1ccc(-c2ccccc2-c2nnn[nH]2)cc1,558.5950000000003,4.170020000000003,2,10,162.16,10,0.23790758693150235,41,1
SEVOFLURANE,CHEMBL1200694,FCOC(C(F)(F)F)C(F)(F)F,200.05299999999997,2.4232000000000005,0,1,9.23,2,0.6216574973922095,12,0
DOXYCYCLINE,CHEMBL1200699,C[C@H]1c2cccc(O)c2C(=O)C2=C(O)[C@]3(O)C(=O)C(C(N)=O)=C(O)[C@@H](N(C)C)[C@@H]3[C@@H](O)[C@@H]21,444.44000000000017,-0.3475999999999985,6,9,181.62,2,0.3322174879037973,32,1
DICLOXACILLIN SODIUM,CHEMBL1200701,Cc1onc(-c2c(Cl)cccc2Cl)c1C(=O)N[C@@H]1C(=O)N2[C@@H]1SC(C)(C)[C@@H]2C(=O)O,470.3340000000002,3.2021200000000007,2,6,112.74,4,0.660289548252613,30,0
CHLORDIAZEPOXIDE HYDROCHLORIDE,CHEMBL1200703,CNC1=Nc2ccc(Cl)cc2C(c2ccccc2)=[N+]([O-])C1,299.761,2.950700000000001,1,3,50.459999999999994,1,0.6499855803367838,21,0
HYDROXYAMPHETAMINE HYDROBROMIDE,CHEMBL1200705,CC(N)Cc1ccc(O)cc1,151.20899999999997,1.2819,2,2,46.25,2,0.6684959137911127,11,0
BENZQUINAMIDE HYDROCHLORIDE,CHEMBL1200707,CCN(CC)C(=O)C1CN2CCc3cc(OC)c(OC)cc3C2CC1OC(C)=O,404.5070000000002,2.423,0,6,68.31,6,0.6786181154392725,29,0
CLOMIPRAMINE HYDROCHLORIDE,CHEMBL1200710,CN(C)CCCN1c2ccccc2CCc2ccc(Cl)cc21,314.86,4.528400000000004,0,2,6.48,4,0.8178744322781549,22,0
OMEGA-3-ACID ETHYL ESTERS,CHEMBL1200711,CC/C=C\C/C=C\C/C=C\C/C=C\C/C=C\C/C=C\CCC(=O)OCC,356.5500000000002,7.027400000000007,0,2,26.3,15,0.23249664011753401,26,1
HEXYLCAINE HYDROCHLORIDE,CHEMBL1200715,CC(CNC1CCCCC1)OC(=O)c1ccccc1,261.365,3.154200000000002,1,3,38.33,5,0.8274314065508214,19,0
ESTRAMUSTINE PHOSPHATE SODIUM,CHEMBL1200721,C[C@]12CC[C@@H]3c4ccc(OC(=O)N(CCCl)CCCl)cc4CC[C@H]3[C@@H]1CC[C@@H]2OP(=O)(O)O,520.3900000000002,5.299000000000007,2,4,96.3,7,0.37442337569212464,33,2
PIPECURONIUM BROMIDE,CHEMBL1200722,CC(=O)O[C@H]1C[C@@H]2CC[C@@H]3[C@H](CC[C@@]4(C)[C@H]3C[C@H](N3CC[N+](C)(C)CC3)[C@@H]4OC(C)=O)[C@@]2(C)C[C@@H]1N1CC[N+](C)(C)CC1,602.9050000000001,3.633500000000006,0,6,59.08,4,0.3620424161456103,43,1
PSEUDOEPHEDRINE HYDROCHLORIDE,CHEMBL1200724,CN[C@@H](C)[C@@H](O)c1ccccc1,165.236,1.3278999999999999,2,2,32.26,3,0.7078187228911748,12,0
SERTACONAZOLE NITRATE,CHEMBL1200725,Clc1ccc(C(Cn2ccnc2)OCc2csc3c(Cl)cccc23)c(Cl)c1,437.7790000000001,7.0161000000000024,0,3,27.05,6,0.3240113707540214,27,1
CHLORAMPHENICOL SODIUM SUCCINATE,CHEMBL1200729,O=C(O)CCC(=O)OC[C@@H](NC(=O)C(Cl)Cl)[C@H](O)c1ccc([N+](=O)[O-])cc1,423.20500000000015,1.3247,3,7,156.07,10,0.22023098082609954,27,0
AMCINONIDE,CHEMBL1200732,CC(=O)OCC(=O)[C@@]12OC3(CCCC3)O[C@@H]1C[C@H]1[C@@H]3CCC4=CC(=O)C=C[C@]4(C)[C@@]3(F)[C@@H](O)C[C@@]12C,502.5790000000003,3.5238000000000023,1,7,99.13000000000001,3,0.5897471433786257,36,1
DESFLURANE,CHEMBL1200733,FC(F)OC(F)C(F)(F)F,168.03599999999997,2.0835,0,1,9.23,2,0.5732475481548114,10,0
FOSAMPRENAVIR CALCIUM,CHEMBL1200734,CC(C)CN(C[C@@H](OP(=O)(O)O)[C@H](Cc1ccccc1)NC(=O)O[C@H]1CCOC1)S(=O)(=O)c1ccc(N)cc1,585.6160000000002,2.5198,4,8,177.72,13,0.20168648332543115,39,1
MOXIFLOXACIN HYDROCHLORIDE,CHEMBL1200735,COc1c(N2C[C@@H]3CCCN[C@@H]3C2)c(F)cc2c(=O)c(C(=O)O)cn(C3CC3)c12,401.4380000000002,2.3705000000000007,2,5,83.80000000000001,4,0.8185182971562767,29,0
OXPRENOLOL HYDROCHLORIDE,CHEMBL1200745,C=CCOc1ccccc1OCC(O)CNC(C)C,265.35299999999995,1.9890999999999999,2,4,50.72,9,0.6704564525308724,19,0
CARBIDOPA,CHEMBL1200748,C[C@@](Cc1ccc(O)c(O)c1)(NN)C(=O)O,226.232,-0.05310000000000015,5,5,115.81000000000002,4,0.27902660017928355,16,0
LEVOBUPIVACAINE HYDROCHLORIDE,CHEMBL1200749,CCCCN1CCCC[C@H]1C(=O)Nc1c(C)cccc1C,288.43500000000006,3.8965400000000026,1,2,32.34,5,0.891012713024742,21,0
PROMETHAZINE HYDROCHLORIDE,CHEMBL1200750,CC(CN1c2ccccc2Sc2ccccc21)N(C)C,284.428,4.239400000000003,0,3,6.48,3,0.8321538928687809,20,0
MERCAPTOPURINE,CHEMBL1200751,S=c1[nH]cnc2nc[nH]c12,152.182,1.0154899999999998,2,3,57.36,0,0.5538546640663037,10,0
PYRIDOXINE HYDROCHLORIDE,CHEMBL1200756,Cc1ncc(CO)c(CO)c1O,169.18,0.08021999999999985,3,4,73.58000000000001,2,0.5858308475922274,12,0
PANCURONIUM BROMIDE,CHEMBL1200757,CC(=O)O[C@H]1C[C@@H]2CC[C@@H]3[C@H](CC[C@@]4(C)[C@H]3C[C@H]([N+]3(C)CCCCC3)[C@@H]4OC(C)=O)[C@@]2(C)C[C@@H]1[N+]1(C)CCCCC1,572.8750000000001,6.110500000000007,0,4,52.6,4,0.30133279842362654,41,2
AMPICILLIN SODIUM,CHEMBL1200758,CC1(C)S[C@@H]2[C@H](NC(=O)[C@H](N)c3ccccc3)C(=O)N2[C@H]1C(=O)O,349.4120000000001,0.3181000000000002,3,5,112.73,4,0.674878289478739,24,0
ANAGRELIDE HYDROCHLORIDE,CHEMBL1200759,O=C1CN2Cc3c(ccc(Cl)c3Cl)N=C2N1,256.092,1.9263000000000001,1,3,44.7,0,0.7703086660163128,16,0
BALSALAZIDE DISODIUM,CHEMBL1200760,O=C(O)CCNC(=O)c1ccc(/N=N/c2ccc(O)c(C(=O)O)c2)cc1,357.3220000000001,2.7103,4,6,148.65,7,0.5597716953028343,26,0
CHLOROTRIANISENE,CHEMBL1200761,COc1ccc(C(Cl)=C(c2ccc(OC)cc2)c2ccc(OC)cc2)cc1,380.8710000000001,5.867800000000005,0,3,27.69,6,0.5005017670153243,27,1
BETAMETHASONE SODIUM PHOSPHATE,CHEMBL1200762,C[C@H]1C[C@H]2[C@@H]3CCC4=CC(=O)C=C[C@]4(C)[C@@]3(F)[C@@H](O)C[C@]2(C)[C@@]1(O)C(=O)COP(=O)(O)O,472.44600000000025,2.0127000000000006,4,6,141.36,4,0.4555938354562437,32,0
IODOHIPPURATE SODIUM I 131,CHEMBL1200763,O=C(O)CNC(=O)c1ccccc1[131I],309.0731246,1.1055999999999995,2,2,66.4,3,0.8220197364926427,14,0
METHACHOLINE CHLORIDE,CHEMBL1200764,CC(=O)OC(C)C[N+](C)(C)C,160.237,0.6441999999999999,0,2,26.3,3,0.4472483918669033,11,0
CEFTAZIDIME SODIUM,CHEMBL1200768,CC(C)(O/N=C(\C(=O)N[C@@H]1C(=O)N2C(C(=O)O)=C(C[n+]3ccccc3)CS[C@H]12)c1csc(N)n1)C(=O)[O-],546.5870000000002,-1.2991999999999952,3,11,191.21999999999997,9,0.1474015096684504,37,2
TRIPELENNAMINE CITRATE,CHEMBL1200769,CN(C)CCN(Cc1ccccc1)c1ccccn1,255.36500000000004,2.649800000000001,0,3,19.37,6,0.7908033413514379,19,0
IOCETAMIC ACID,CHEMBL1200770,CC(=O)N(CC(C)C(=O)O)c1c(I)cc(I)c(N)c1I,613.9590000000001,3.156200000000001,2,3,83.63,4,0.40395850031613767,20,1
TRIDIHEXETHYL CHLORIDE,CHEMBL1200771,CC[N+](CC)(CC)CCC(O)(c1ccccc1)C1CCCCC1,318.5250000000002,4.721100000000004,1,1,20.23,8,0.6875795926365253,23,0
WARFARIN POTASSIUM,CHEMBL1200772,CC(=O)CC(c1ccccc1)c1c(O)c2ccccc2oc1=O,308.3330000000001,3.609600000000003,1,4,67.50999999999999,4,0.7476258148419598,23,0
TOCAINIDE HYDROCHLORIDE,CHEMBL1200773,Cc1cccc(C)c1NC(=O)C(C)N,192.262,1.58914,2,2,55.120000000000005,2,0.7472361299391438,14,0
FLUPREDNISOLONE,CHEMBL1200774,C[C@]12C=CC(=O)C=C1[C@@H](F)C[C@@H]1[C@@H]2[C@@H](O)C[C@@]2(C)[C@H]1CC[C@]2(O)C(=O)CO,378.44000000000017,1.5056,3,5,94.83,2,0.6770422256433893,27,0
CINACALCET HYDROCHLORIDE,CHEMBL1200776,C[C@@H](NCCCc1cccc(C(F)(F)F)c1)c1cccc2ccccc12,357.41900000000004,6.142000000000005,1,1,12.03,6,0.5224072222569837,26,1
DEXRAZOXANE HYDROCHLORIDE,CHEMBL1200778,C[C@@H](CN1CC(=O)NC(=O)C1)N1CC(=O)NC(=O)C1,268.27299999999997,-2.708299999999996,2,6,98.82,3,0.5400927830602834,19,0
CITALOPRAM HYDROBROMIDE,CHEMBL1200781,CN(C)CCCC1(c2ccc(F)cc2)OCc2cc(C#N)ccc21,324.39900000000006,3.812980000000003,0,3,36.26,5,0.8388667572429986,24,0
DEXTROAMPHETAMINE ADIPATE,CHEMBL1200782,C[C@H](N)Cc1ccccc1,135.20999999999998,1.5763,1,1,26.02,2,0.6542162175383444,10,0
PHENOXYBENZAMINE HYDROCHLORIDE,CHEMBL1200787,CC(COc1ccccc1)N(CCCl)Cc1ccccc1,303.83299999999997,4.194900000000003,0,2,12.47,8,0.6778826115024819,21,0
TRICLOFOS SODIUM,CHEMBL1200789,O=P(O)(O)OCC(Cl)(Cl)Cl,229.38299999999998,1.4658999999999998,2,2,66.76,2,0.5556205275417809,10,0
METHYPRYLON,CHEMBL1200790,CCC1(CC)C(=O)NCC(C)C1=O,183.25099999999998,1.1278,1,2,46.17,2,0.6521582317615695,13,0
OXYMETAZOLINE HYDROCHLORIDE,CHEMBL1200791,Cc1cc(C(C)(C)C)c(O)c(C)c1CC1=NCCN1,260.3809999999999,2.850740000000001,2,3,44.620000000000005,2,0.8585249056143486,19,0
OXYMORPHONE HYDROCHLORIDE,CHEMBL1200794,CN1CC[C@]23c4c5ccc(O)c4O[C@H]2C(=O)CC[C@@]3(O)[C@H]1C5,301.342,0.7451999999999999,2,5,70.0,0,0.7396980124727146,22,0
CLEMASTINE FUMARATE,CHEMBL1200795,CN1CCC[C@@H]1CCO[C@](C)(c1ccccc1)c1ccc(Cl)cc1,343.898,5.104400000000005,0,2,12.47,6,0.7227145221154115,24,1
CYCLOPHOSPHAMIDE,CHEMBL1200796,O=P1(N(CCCl)CCCl)NCCCO1,261.089,1.884,1,2,41.57000000000001,5,0.6057206690801091,14,0
TRAZODONE HYDROCHLORIDE,CHEMBL1200798,O=c1n(CCCN2CCN(c3cccc(Cl)c3)CC2)nc2ccccn12,371.8720000000001,2.3617,0,4,45.78,5,0.690401062854676,26,0
TRAVOPROST,CHEMBL1200799,CC(C)OC(=O)CCC/C=C\C[C@@H]1[C@@H](/C=C/[C@@H](O)COc2cccc(C(F)(F)F)c2)[C@H](O)C[C@@H]1O,500.5540000000002,4.427400000000005,3,6,96.22000000000001,12,0.2233331590824295,35,1
TALBUTAL,CHEMBL1200802,C=CCC1(C(C)CC)C(=O)NC(=O)NC1=O,224.26,0.9609999999999999,2,3,75.27000000000001,4,0.5513835393856523,16,0
SOLIFENACIN SUCCINATE,CHEMBL1200803,O=C(O[C@H]1CN2CCC1CC2)N1CCc2ccccc2[C@@H]1c1ccccc1,362.47300000000007,3.864900000000003,0,3,32.78,2,0.8131189816830356,27,0
DICLOFENAC POTASSIUM,CHEMBL1200804,O=C(O)Cc1ccccc1Nc1c(Cl)cccc1Cl,296.153,4.364100000000001,2,2,49.33,4,0.8807285394160607,19,0
DILTIAZEM MALATE,CHEMBL1200805,COc1ccc([C@@H]2Sc3ccccc3N(CCN(C)C)C(=O)[C@@H]2OC(C)=O)cc1,414.52700000000016,3.368500000000002,0,6,59.080000000000005,6,0.6757916364888925,29,0
NAPROXEN SODIUM,CHEMBL1200806,COc1ccc2cc([C@H](C)C(=O)O)ccc2c1,230.26299999999998,3.036500000000001,1,2,46.53,3,0.8810778082204156,17,0
NORELGESTROMIN,CHEMBL1200807,C#C[C@]1(O)CC[C@H]2[C@@H]3CCC4=C/C(=N/O)CC[C@@H]4[C@H]3CC[C@@]21CC,327.46800000000013,4.1437000000000035,2,3,52.82000000000001,1,0.4318395226667917,24,0
AZELASTINE HYDROCHLORIDE,CHEMBL1200809,CN1CCCC(n2nc(Cc3ccc(Cl)cc3)c3ccccc3c2=O)CC1,381.9070000000002,4.297500000000004,0,3,38.13,3,0.678552511607709,27,0
DOXERCALCIFEROL,CHEMBL1200810,C=C1/C(=C\C=C2/CCC[C@]3(C)[C@@H]([C@H](C)/C=C/[C@H](C)C(C)C)CC[C@@H]23)C[C@@H](O)C[C@@H]1O,412.65800000000024,6.6118000000000094,2,2,40.46,5,0.4986560295856184,30,1
ACEBUTOLOL HYDROCHLORIDE,CHEMBL1200813,CCCC(=O)Nc1ccc(OCC(O)CNC(C)C)c(C(C)=O)c1,336.4320000000001,2.3655,3,5,87.66,10,0.5710137425129463,24,0
ACETAZOLAMIDE SODIUM,CHEMBL1200814,CC(=O)Nc1nnc(S(N)(=O)=O)s1,222.251,-0.8561000000000003,2,6,115.03999999999999,2,0.6318586926732331,13,0
LEVOMETHADYL ACETATE HYDROCHLORIDE,CHEMBL1200817,CC[C@H](OC(C)=O)C(C[C@H](C)N(C)C)(c1ccccc1)c1ccccc1,353.50600000000003,4.654600000000005,0,3,29.54,8,0.6468185140544594,26,0
ARTICAINE HYDROCHLORIDE,CHEMBL1200819,CCCNC(C)C(=O)Nc1c(C)csc1C(=O)OC,284.38100000000003,2.16972,2,5,67.43,6,0.7856511740400417,19,0
PIPERACILLIN SODIUM,CHEMBL1200820,CCN1CCN(C(=O)N[C@@H](C(=O)N[C@@H]2C(=O)N3[C@@H]2SC(C)(C)[C@@H]3C(=O)O)c2ccccc2)C(=O)C1=O,517.5640000000003,-0.24029999999999685,3,7,156.43,6,0.3448074018268864,36,1
PROPYLIODONE,CHEMBL1200821,CCCOC(=O)Cn1cc(I)c(=O)c(I)c1,447.01000000000005,2.0107,0,3,48.3,4,0.524800697007054,16,0
FLECAINIDE ACETATE,CHEMBL1200822,O=C(NCC1CCCCN1)c1cc(OCC(F)(F)F)ccc1OCC(F)(F)F,414.34600000000006,3.4407000000000014,2,4,59.59,7,0.6715843719947417,28,0
METHADONE HYDROCHLORIDE,CHEMBL1200825,CCC(=O)C(CC(C)N(C)C)(c1ccccc1)c1ccccc1,309.45300000000003,4.292000000000004,0,2,20.310000000000002,7,0.7601212787758543,23,0
CYCRIMINE HYDROCHLORIDE,CHEMBL1200828,OC(CCN1CCCCC1)(c1ccccc1)C1CCCC1,287.4470000000001,3.940400000000003,1,2,23.47,5,0.8863958351409401,21,0
GLUCONOLACTONE,CHEMBL1200829,O=C1O[C@H](CO)[C@@H](O)[C@H](O)[C@H]1O,178.14000000000001,-3.0132000000000008,4,6,107.22000000000001,1,0.31840703330404735,12,0
SPIRAPRIL HYDROCHLORIDE,CHEMBL1200831,CCOC(=O)[C@H](CCc1ccccc1)N[C@@H](C)C(=O)N1CC2(C[C@H]1C(=O)O)SCCS2,466.62500000000034,2.3908000000000005,2,7,95.94000000000001,9,0.5358568540176747,31,0
TERBINAFINE HYDROCHLORIDE,CHEMBL1200832,CN(C/C=C/C#CC(C)(C)C)Cc1cccc2ccccc12,291.438,4.877300000000004,0,1,3.24,4,0.7258618266744273,22,0
DIPIVEFRIN HYDROCHLORIDE,CHEMBL1200833,CNCC(O)c1ccc(OC(=O)C(C)(C)C)c(OC(=O)C(C)(C)C)c1,351.4430000000001,2.8424000000000014,2,6,84.85999999999999,5,0.6267146503427627,25,0
OXICONAZOLE NITRATE,CHEMBL1200836,Clc1ccc(CO/N=C(\Cn2ccnc2)c2ccc(Cl)cc2Cl)c(Cl)c1,429.1340000000001,6.117800000000003,0,3,39.41,6,0.35014840715594203,26,1
LEVOBETAXOLOL HYDROCHLORIDE,CHEMBL1200837,CC(C)NC[C@H](O)COc1ccc(CCOCC2CC2)cc1,307.434,2.3933999999999997,2,4,50.72,11,0.6164391834948149,22,0
DIATRIZOATE MEGLUMINE,CHEMBL1200839,CNC[C@H](O)[C@@H](O)[C@H](O)[C@H](O)CO,195.21499999999997,-3.3582999999999994,6,6,113.18,6,0.26379950587316064,13,1
PROCAINE HYDROCHLORIDE,CHEMBL1200841,CCN(CC)CCOC(=O)c1ccc(N)cc1,236.315,1.7673999999999999,1,4,55.56,6,0.6038456847188672,17,0
METHYLERGONOVINE MALEATE,CHEMBL1200843,CC[C@@H](CO)NC(=O)[C@@H]1C=C2c3cccc4[nH]cc(c34)C[C@H]2N(C)C1,339.4390000000002,1.9247,3,3,68.36,4,0.7971701178185844,25,0
HALCINONIDE,CHEMBL1200845,CC1(C)O[C@@H]2C[C@H]3[C@@H]4CCC5=CC(=O)CC[C@]5(C)[C@@]4(F)[C@@H](O)C[C@]3(C)[C@]2(C(=O)CCl)O1,454.96600000000024,3.889300000000003,1,5,72.83,2,0.6406683863701529,31,0
GANCICLOVIR SODIUM,CHEMBL1200850,Nc1nc(O)c2ncn(COC(CO)CO)c2n1,255.23399999999995,-1.5586000000000002,4,8,139.54000000000002,5,0.5026750366633098,18,0
HOMATROPINE METHYLBROMIDE,CHEMBL1200851,C[N+]1(C)[C@@H]2CC[C@H]1C[C@@H](OC(=O)C(O)c1ccccc1)C2,290.38300000000004,2.033,1,3,46.53,3,0.684255247270266,21,0
PENICILLIN V POTASSIUM,CHEMBL1200852,CC1(C)S[C@@H]2[C@H](NC(=O)COc3ccccc3)C(=O)N2[C@H]1C(=O)O,350.3960000000001,0.6970999999999998,2,5,95.94000000000001,5,0.759069056624305,24,0
DYDROGESTERONE,CHEMBL1200853,CC(=O)[C@H]1CC[C@H]2[C@@H]3C=CC4=CC(=O)CC[C@@]4(C)[C@@H]3CC[C@]12C,312.4530000000001,4.499500000000004,0,2,34.14,1,0.7141681268421906,23,0
FLUPHENAZINE DECANOATE,CHEMBL1200854,CCCCCCCCCC(=O)OCCN1CCN(CCCN2c3ccccc3Sc3ccc(C(F)(F)F)cc32)CC1,591.7840000000001,7.99970000000001,0,6,36.02,15,0.15432075680363713,41,2
TICARCILLIN DISODIUM,CHEMBL1200855,CC1(C)S[C@@H]2[C@H](NC(=O)[C@H](C(=O)O)c3ccsc3)C(=O)N2[C@H]1C(=O)O,384.4350000000001,0.5479999999999997,3,6,124.01,5,0.5000831278778665,25,0
ISOSULFAN BLUE,CHEMBL1200859,CCN(CC)c1ccc(C(=C2C=CC(=[N+](CC)CC)C=C2)c2cc(S(=O)(=O)O)ccc2S(=O)(=O)[O-])cc1,544.6950000000002,4.104800000000004,1,6,117.82,9,0.3729195766875122,37,1
METYROSINE,CHEMBL1200862,C[C@](N)(Cc1ccc(O)cc1)C(=O)O,195.218,0.7367000000000001,3,3,83.55,3,0.663716312151751,14,0
MELPHALAN HYDROCHLORIDE,CHEMBL1200863,N[C@@H](Cc1ccc(N(CCCl)CCCl)cc1)C(=O)O,305.205,1.925,2,3,66.56,8,0.720239222897486,19,0
LOTEPREDNOL ETABONATE,CHEMBL1200865,CCOC(=O)O[C@]1(C(=O)OCCl)CC[C@H]2[C@@H]3CCC4=CC(=O)C=C[C@]4(C)[C@H]3[C@@H](O)C[C@@]21C,466.95800000000025,3.9165000000000028,1,7,99.13000000000001,4,0.49480398580664986,32,0
PERFLUBRON,CHEMBL1200866,FC(F)(F)C(F)(F)C(F)(F)C(F)(F)C(F)(F)C(F)(F)C(F)(F)C(F)(F)Br,498.95799999999997,6.348200000000002,0,0,0.0,6,0.2956277398790363,26,1
PHENYL AMINOSALICYLATE,CHEMBL1200868,Nc1ccc(C(=O)Oc2ccccc2)c(O)c1,229.23500000000004,2.1936,2,4,72.55000000000001,2,0.4700844073028581,17,0
METRONIDAZOLE HYDROCHLORIDE,CHEMBL1200869,Cc1ncc([N+](=O)[O-])n1CCO,171.15599999999998,0.09201999999999994,1,4,81.19,3,0.5158680082581498,12,0
TIMOLOL MALEATE,CHEMBL1200870,CC(C)(C)NC[C@H](O)COc1nsnc1N1CCOCC1,316.4270000000002,0.5024999999999997,2,8,79.74,6,0.790985307512128,21,0
PHENTOLAMINE MESYLATE,CHEMBL1200873,Cc1ccc(N(CC2=NCCN2)c2cccc(O)c2)cc1,281.35900000000004,2.840420000000001,2,4,47.86,4,0.9056709671480019,21,0
TOLBUTAMIDE SODIUM,CHEMBL1200874,CCCCNC(=O)NS(=O)(=O)c1ccc(C)cc1,270.354,1.78302,2,3,75.27000000000001,5,0.8008194430489943,18,0
FLAVOXATE HYDROCHLORIDE,CHEMBL1200875,Cc1c(-c2ccccc2)oc2c(C(=O)OCCN3CCCCC3)cccc2c1=O,391.46700000000016,4.411120000000004,0,5,59.75,5,0.6030824294043329,29,0
FLUMETHASONE PIVALATE,CHEMBL1200877,C[C@@H]1C[C@H]2[C@@H]3C[C@H](F)C4=CC(=O)C=C[C@]4(C)[C@@]3(F)[C@@H](O)C[C@]2(C)[C@@]1(O)C(=O)COC(=O)C(C)(C)C,494.5750000000004,3.4407000000000023,2,6,100.9,3,0.5832736199916968,35,0
TRIAMCINOLONE HEXACETONIDE,CHEMBL1200878,CC(C)(C)CC(=O)OCC(=O)[C@@]12OC(C)(C)O[C@@H]1C[C@H]1[C@@H]3CCC4=CC(=O)C=C[C@]4(C)[C@@]3(F)[C@@H](O)C[C@@]12C,532.6490000000002,4.405900000000004,1,7,99.13000000000001,4,0.5358144370210589,38,1
WARFARIN SODIUM,CHEMBL1200879,CC(=O)CC(c1ccccc1)c1c(O)c2ccccc2oc1=O,308.3330000000001,3.609600000000003,1,4,67.50999999999999,4,0.7476258148419598,23,0
DIPHEMANIL METHYLSULFATE,CHEMBL1200880,C[N+]1(C)CCC(=C(c2ccccc2)c2ccccc2)CC1,278.4190000000001,4.358700000000004,0,0,0.0,2,0.7160780584944451,21,0
MINOCYCLINE HYDROCHLORIDE,CHEMBL1200881,CN(C)c1ccc(O)c2c1C[C@H]1C[C@H]3[C@H](N(C)C)C(O)=C(C(N)=O)C(=O)[C@@]3(O)C(O)=C1C2=O,457.48300000000023,0.1866000000000017,5,9,164.63,3,0.3983715598370968,33,0
THONZONIUM BROMIDE,CHEMBL1200883,CCCCCCCCCCCCCCCC[N+](C)(C)CCN(Cc1ccc(OC)cc1)c1ncccn1,511.81900000000024,8.049500000000009,0,4,38.25,22,0.11835705048056228,37,2
ALOSETRON HYDROCHLORIDE,CHEMBL1200885,Cc1[nH]cnc1CN1CCc2c(c3ccccc3n2C)C1=O,294.35800000000006,2.4083200000000007,1,2,53.92,2,0.7888476665596758,22,0
TRIMETHOBENZAMIDE HYDROCHLORIDE,CHEMBL1200887,COc1cc(C(=O)NCc2ccc(OCCN(C)C)cc2)cc(OC)c1OC,388.46400000000017,2.5828000000000007,1,6,69.26,10,0.6747430301104641,28,0
OXYPHENCYCLIMINE HYDROCHLORIDE,CHEMBL1200891,CN1CCCN=C1COC(=O)C(O)(c1ccccc1)C1CCCCC1,344.4550000000002,2.731700000000001,1,5,62.129999999999995,5,0.8344883565703411,25,0
PROTOKYLOL HYDROCHLORIDE,CHEMBL1200893,CC(Cc1ccc2c(c1)OCO2)NCC(O)c1ccc(O)c(O)c1,331.368,2.0807,4,6,91.18,6,0.6059944000084014,24,0
PHENELZINE SULFATE,CHEMBL1200895,NNCCc1ccccc1,136.19799999999998,0.6923999999999992,2,2,38.05,3,0.4737324261638871,10,0
DINOPROST TROMETHAMINE,CHEMBL1200896,CCCCC[C@H](O)/C=C/[C@@H]1[C@@H](C/C=C\CCCC(=O)O)[C@@H](O)C[C@H]1O,354.487,3.042900000000001,4,4,97.99000000000001,12,0.3189173783556326,25,0
TYROPANOATE SODIUM,CHEMBL1200899,CCCC(=O)Nc1c(I)cc(I)c(CC(CC)C(=O)O)c1I,641.0250000000002,4.892300000000003,2,2,66.4,7,0.41747798910482176,22,1
HALOFANTRINE HYDROCHLORIDE,CHEMBL1200901,CCCCN(CCCC)CCC(O)c1cc2c(Cl)cc(Cl)cc2c2cc(C(F)(F)F)ccc12,500.43200000000013,8.644300000000001,1,2,23.47,10,0.2817693045006755,33,2
SELEGILINE HYDROCHLORIDE,CHEMBL1200904,C#CCN(C)[C@H](C)Cc1ccccc1,187.286,2.1826,0,1,3.24,4,0.6530251998867979,14,0
OXYPHENONIUM BROMIDE,CHEMBL1200906,CC[N+](C)(CC)CCOC(=O)C(O)(c1ccccc1)C1CCCCC1,348.50700000000023,3.4841000000000015,1,3,46.53,8,0.5777859217395951,25,0
TRILOSTANE,CHEMBL1200907,C[C@]12CC[C@H]3[C@@H](CC[C@@]45O[C@@H]4C(O)=C(C#N)C[C@]35C)[C@@H]1CC[C@@H]2O,329.44000000000005,3.466880000000002,2,4,76.78,0,0.6672313604458664,24,0
HALOBETASOL PROPIONATE,CHEMBL1200908,CCC(=O)O[C@]1(C(=O)CCl)[C@@H](C)C[C@H]2[C@@H]3C[C@H](F)C4=CC(=O)C=C[C@]4(C)[C@@]3(F)[C@@H](O)C[C@@]21C,484.9670000000002,4.0511000000000035,1,5,80.67,4,0.4806760513310261,33,0
PREDNISOLONE TEBUTATE,CHEMBL1200909,CC(C)(C)CC(=O)OCC(=O)[C@@]1(O)CC[C@H]2[C@@H]3CCC4=CC(=O)C=C[C@]4(C)[C@H]3[C@@H](O)C[C@@]21C,458.5950000000002,3.5447000000000024,2,6,100.90000000000002,4,0.6251252881597862,33,0
SULFISOXAZOLE ACETYL,CHEMBL1200910,CC(=O)N(c1onc(C)c1C)S(=O)(=O)c1ccc(N)cc1,309.34700000000004,1.6154400000000002,1,6,106.5,3,0.8632907802604699,21,0
PHENTERMINE HYDROCHLORIDE,CHEMBL1200912,CC(C)(N)Cc1ccccc1,149.237,1.9664,1,1,26.02,2,0.6831676333388244,11,0
TAMSULOSIN HYDROCHLORIDE,CHEMBL1200914,CCOc1ccccc1OCCN[C@H](C)Cc1ccc(OC)c(S(N)(=O)=O)c1,408.5200000000001,2.3409000000000004,2,6,99.88,11,0.55378695740702,28,0
ISOETHARINE HYDROCHLORIDE,CHEMBL1200920,CCC(NC(C)C)C(O)c1ccc(O)c(O)c1,239.315,1.9077999999999997,4,4,72.72,5,0.5922201213727966,17,0
MEBUTAMATE,CHEMBL1200922,CCC(C)C(C)(COC(N)=O)COC(N)=O,232.27999999999994,1.2294000000000005,2,4,104.63999999999999,6,0.7179858695750139,16,0
DEXCHLORPHENIRAMINE MALEATE,CHEMBL1200927,CN(C)CC[C@@H](c1ccc(Cl)cc1)c1ccccn1,274.795,3.8186000000000027,0,2,16.130000000000003,5,0.8240069237957237,19,0
RABEPRAZOLE SODIUM,CHEMBL1200930,COCCCOc1ccnc(C[S+]([O-])c2nc3ccccc3[nH]2)c1C,359.451,2.989420000000001,1,5,83.09,8,0.49371304213492695,25,0
HEXAFLUORENIUM BROMIDE,CHEMBL1200933,C[N+](C)(CCCCCC[N+](C)(C)C1c2ccccc2-c2ccccc21)C1c2ccccc2-c2ccccc21,502.74600000000027,8.239600000000008,0,0,0.0,9,0.15965918245293767,38,2
NORGESTIMATE,CHEMBL1200934,C#C[C@]1(OC(C)=O)CC[C@H]2[C@@H]3CCC4=C/C(=N/O)CC[C@@H]4[C@H]3CC[C@@]21CC,369.5050000000003,4.714500000000005,1,4,58.89,2,0.3316970024889565,27,0
DARIFENACIN HYDROBROMIDE,CHEMBL1200935,NC(=O)C(c1ccccc1)(c1ccccc1)[C@@H]1CCN(CCc2ccc3c(c2)CCO3)C1,426.5600000000003,3.957500000000003,1,3,55.56,7,0.6222713272119355,32,0
PENICILLIN G PROCAINE,CHEMBL1200936,CC1(C)S[C@@H]2[C@H](NC(=O)Cc3ccccc3)C(=O)N2[C@H]1C(=O)O,334.39700000000005,0.8607999999999998,2,4,86.71000000000001,4,0.7977632704521287,23,0
DALFOPRISTIN,CHEMBL1200937,CCN(CC)CCS(=O)(=O)[C@@H]1CCN2C(=O)c3coc(n3)CC(=O)C[C@H](O)/C=C(C)/C=C/CNC(=O)/C=C/[C@@H](C)[C@@H](C(C)C)OC(=O)[C@@H]12,690.8600000000002,2.269300000000002,2,11,176.42,7,0.4015975548403724,48,2
METHYSERGIDE MALEATE,CHEMBL1200938,CC[C@@H](CO)NC(=O)[C@@H]1C=C2c3cccc4c3c(cn4C)C[C@H]2N(C)C1,353.4660000000001,1.9351,2,3,57.5,4,0.8831423888921255,26,0
METOCLOPRAMIDE HYDROCHLORIDE,CHEMBL1200940,CCN(CC)CCNC(=O)c1cc(Cl)c(N)cc1OC,299.8020000000001,2.0023999999999997,2,4,67.59,7,0.7558132464087878,20,0
THIAMINE HYDROCHLORIDE,CHEMBL1200941,Cc1ncc(C[n+]2csc(CCO)c2C)c(N)n1,265.36199999999997,0.60774,2,5,75.91,4,0.79412732636072,18,0
SULBACTAM SODIUM,CHEMBL1200944,CC1(C)[C@H](C(=O)O)N2C(=O)C[C@H]2S1(=O)=O,233.24499999999998,-0.794999999999999,1,4,91.75,1,0.5988163606060163,15,0
PENTETATE CALCIUM TRISODIUM,CHEMBL1200945,O=C(O)CN(CCN(CC(=O)O)CC(=O)O)CCN(CC(=O)O)CC(=O)O,393.3490000000002,-2.6845999999999934,5,8,196.21999999999997,16,0.18191710880196524,27,0
NANDROLONE DECANOATE,CHEMBL1200946,CCCCCCCCCC(=O)O[C@H]1CC[C@H]2[C@@H]3CCC4=CC(=O)CC[C@@H]4[C@H]3CC[C@]12C,428.6570000000003,7.180700000000009,0,3,43.370000000000005,9,0.2884127521938969,31,1
TRIMIPRAMINE MALEATE,CHEMBL1200948,CC(CN(C)C)CN1c2ccccc2CCc2ccccc21,294.442,4.121000000000003,0,2,6.48,4,0.8366473557753505,22,0
CLIDINIUM BROMIDE,CHEMBL1200950,C[N+]12CCC(CC1)C(OC(=O)C(O)(c1ccccc1)c1ccccc1)C2,352.45400000000006,2.7045000000000012,1,3,46.53,4,0.6797893586378044,26,0
FLUPHENAZINE ENANTHATE,CHEMBL1200951,CCCCCCC(=O)OCCN1CCN(CCCN2c3ccccc3Sc3ccc(C(F)(F)F)cc32)CC1,549.7029999999999,6.829400000000008,0,6,36.02,12,0.21340139673913963,38,2
METHAMPHETAMINE HYDROCHLORIDE,CHEMBL1200952,CN[C@@H](C)Cc1ccccc1,149.237,1.837,1,1,12.03,3,0.6911085509284692,11,0
HYDROCORTISONE PROBUTATE,CHEMBL1200953,CCCC(=O)O[C@]1(C(=O)COC(=O)CC)CC[C@H]2[C@@H]3CCC4=CC(=O)CC[C@]4(C)[C@H]3[C@@H](O)C[C@@]21C,488.6210000000003,4.093500000000003,1,7,106.97000000000001,7,0.5378739644790023,35,0
MYCOPHENOLATE MOFETIL HYDROCHLORIDE,CHEMBL1200955,COc1c(C)c2c(c(O)c1C/C=C(\C)CCC(=O)OCCN1CCOCC1)C(=O)OC2,433.5010000000003,2.52402,1,8,94.53000000000002,9,0.46901748000616883,31,0
METHDILAZINE,CHEMBL1200959,CN1CCC(CN2c3ccccc3Sc3ccccc32)C1,296.4390000000001,4.241000000000003,0,3,6.48,2,0.8181633544074803,21,0
BROMPHENIRAMINE MALEATE,CHEMBL1200961,CN(C)CCC(c1ccc(Br)cc1)c1ccccn1,319.246,3.9277000000000024,0,2,16.130000000000003,5,0.8300542359520316,19,0
CEFEPIME HYDROCHLORIDE,CHEMBL1200962,CO/N=C(\C(=O)N[C@@H]1C(=O)N2C(C(=O)O)=C(C[N+]3(C)CCCC3)CS[C@H]12)c1csc(N)n1,481.58000000000027,0.054800000000001625,3,9,147.20999999999998,7,0.2142907199782903,32,0
BIMATOPROST,CHEMBL1200963,CCNC(=O)CCC/C=C\C[C@@H]1[C@@H](/C=C/[C@@H](O)CCc2ccccc2)[C@H](O)C[C@@H]1O,415.5740000000001,3.146900000000002,4,4,89.79,12,0.31184363018252953,30,0
AMITRIPTYLINE HYDROCHLORIDE,CHEMBL1200964,CN(C)CCC=C1c2ccccc2CCc2ccccc21,277.411,4.168600000000003,0,1,3.24,3,0.8136783893547587,21,0
BACAMPICILLIN HYDROCHLORIDE,CHEMBL1200965,CCOC(=O)OC(C)OC(=O)[C@@H]1N2C(=O)[C@@H](NC(=O)[C@H](N)c3ccccc3)[C@H]2SC1(C)C,465.5280000000002,1.2958000000000012,2,9,137.26000000000002,7,0.3465790612399167,32,0
BROMODIPHENHYDRAMINE HYDROCHLORIDE,CHEMBL1200967,CN(C)CCOC(c1ccccc1)c1ccc(Br)cc1,334.257,4.116700000000003,0,2,12.47,6,0.7880221004554365,20,0
HYDROCORTISONE SODIUM PHOSPHATE,CHEMBL1200968,C[C@]12CCC(=O)C=C1CC[C@@H]1[C@@H]2[C@@H](O)C[C@@]2(C)[C@H]1CC[C@]2(O)C(=O)COP(=O)(O)O,442.4450000000002,1.8986,4,6,141.36,4,0.4839209730150783,30,0
DUTASTERIDE,CHEMBL1200969,C[C@]12C=CC(=O)N[C@@H]1CC[C@@H]1[C@@H]2CC[C@]2(C)[C@@H](C(=O)Nc3cc(C(F)(F)F)ccc3C(F)(F)F)CC[C@@H]12,528.537,6.576100000000006,2,2,58.2,2,0.4265424696021493,37,2
ETHOPROPAZINE HYDROCHLORIDE,CHEMBL1200970,CCN(CC)C(C)CN1c2ccccc2Sc2ccccc21,312.482,5.019600000000005,0,3,6.48,5,0.7651953187356423,22,1
CEPHALOGLYCIN,CHEMBL1200971,CC(=O)OCC1=C(C(=O)O)N2C(=O)[C@@H](NC(=O)[C@H](N)c3ccccc3)[C@H]2SC1,405.43200000000013,-0.01189999999999758,3,7,139.03,6,0.44353709147227205,28,0
CHLOPHEDIANOL HYDROCHLORIDE,CHEMBL1200972,CN(C)CCC(O)(c1ccccc1)c1ccccc1Cl,289.80600000000004,3.5276000000000023,1,2,23.47,5,0.9101481503464451,20,0
ESTRADIOL CYPIONATE,CHEMBL1200973,C[C@]12CC[C@@H]3c4ccc(O)cc4CC[C@H]3[C@@H]1CC[C@@H]2OC(=O)CCC1CCCC1,396.57100000000025,6.130500000000006,1,3,46.53,4,0.6227170001015172,29,1
CARBINOXAMINE MALEATE,CHEMBL1200974,CN(C)CCOC(c1ccc(Cl)cc1)c1ccccn1,290.794,3.4026000000000023,0,3,25.36,6,0.8151739333124051,20,0
CLOCORTOLONE PIVALATE,CHEMBL1200975,C[C@@H]1C[C@H]2[C@@H]3C[C@H](F)C4=CC(=O)C=C[C@]4(C)[C@@]3(Cl)[C@@H](O)C[C@]2(C)[C@H]1C(=O)COC(=O)C(C)(C)C,495.03100000000035,4.595100000000004,1,5,80.66999999999999,3,0.4579880475870269,34,0
IDARUBICIN HYDROCHLORIDE,CHEMBL1200976,CC(=O)[C@]1(O)Cc2c(O)c3c(c(O)c2[C@@H](O[C@H]2C[C@H](N)[C@H](O)[C@H](C)O2)C1)C(=O)c1ccccc1C3=O,497.5000000000002,1.0202999999999998,5,10,176.60999999999999,3,0.32834650610487814,36,0
MILRINONE LACTATE,CHEMBL1200977,Cc1[nH]c(=O)c(C#N)cc1-c1ccncc1,211.22400000000002,1.617,1,3,69.53999999999999,1,0.7786697771862998,16,0
DEXPANTHENOL,CHEMBL1200979,CC(C)(CO)[C@@H](O)C(=O)NCCCO,205.25399999999996,-1.1355999999999997,4,4,89.79,6,0.412780402657381,14,0
ESTROPIPATE,CHEMBL1200980,C[C@]12CC[C@@H]3c4ccc(OS(=O)(=O)O)cc4CC[C@H]3[C@@H]1CCC2=O,350.43600000000015,3.293400000000002,1,4,80.67000000000002,2,0.8279121640505417,24,0
EPIRUBICIN HYDROCHLORIDE,CHEMBL1200981,COc1cccc2c1C(=O)c1c(O)c3c(c(O)c1C2=O)C[C@@](O)(C(=O)CO)C[C@@H]3O[C@H]1C[C@H](N)[C@@H](O)[C@H](C)O1,543.5250000000003,0.0012999999999993017,6,12,206.07,5,0.23526258168565614,39,3
BUTABARBITAL SODIUM,CHEMBL1200982,CCC(C)C1(CC)C(=O)NC(=O)NC1=O,212.249,0.7948999999999999,2,3,75.27000000000001,3,0.6791427219817272,15,0
AMLODIPINE MALEATE,CHEMBL1200984,CCOC(=O)C1=C(COCCN)NC(C)=C(C(=O)OC)C1c1ccccc1Cl,408.88200000000006,2.266300000000001,2,7,99.88000000000001,8,0.5023259105130484,28,0
CEFTIBUTEN DIHYDRATE,CHEMBL1200985,Nc1nc(/C(=C/CC(=O)O)C(=O)N[C@@H]2C(=O)N3C(C(=O)O)=CCS[C@H]23)cs1,410.4330000000001,-0.0481999999999998,4,8,162.92,6,0.3718098097586124,27,0
HALOPERIDOL DECANOATE,CHEMBL1200986,CCCCCCCCCC(=O)OC1(c2ccc(Cl)cc2)CCN(CCCC(=O)c2ccc(F)cc2)CC1,530.1240000000003,8.11720000000001,0,4,46.61,15,0.13267098764320848,37,2
EPROSARTAN MESYLATE,CHEMBL1200987,CCCCc1ncc(/C=C(\Cc2cccs2)C(=O)O)n1Cc1ccc(C(=O)O)cc1,424.52200000000016,4.744400000000003,2,4,92.42,10,0.458535897261046,30,0
METHANTHELINE BROMIDE,CHEMBL1200988,CC[N+](C)(CC)CCOC(=O)C1c2ccccc2Oc2ccccc21,340.4430000000001,3.953800000000003,0,3,35.53,6,0.5898453885239513,25,0
ALCLOMETASONE DIPROPIONATE,CHEMBL1200989,CCC(=O)OCC(=O)[C@@]1(OC(=O)CC)[C@H](C)C[C@H]2[C@H]3[C@H]([C@@H](O)C[C@@]21C)[C@@]1(C)C=CC(=O)C=C1C[C@H]3Cl,521.0500000000003,3.942700000000003,1,7,106.97000000000003,6,0.41719552308352964,36,1
CARBENICILLIN INDANYL SODIUM,CHEMBL1200991,CC1(C)S[C@@H]2[C@H](NC(=O)C(C(=O)Oc3ccc4c(c3)CCC4)c3ccccc3)C(=O)N2[C@H]1C(=O)O,494.5690000000003,2.4962,2,6,113.01,6,0.27458080786087424,35,0
GALLAMINE TRIETHIODIDE,CHEMBL1200993,CC[N+](CC)(CC)CCOc1cccc(OCC[N+](CC)(CC)CC)c1OCC[N+](CC)(CC)CC,510.8280000000005,5.452500000000005,0,3,27.69,21,0.2058221894673444,36,2
NITROFURANTOIN SODIUM,CHEMBL1201000,O=C1CN(/N=C/c2ccc([N+](=O)[O-])o2)C(=O)N1,238.15899999999996,0.07349999999999995,1,6,118.05000000000001,3,0.34574784602989994,17,0
CARTEOLOL HYDROCHLORIDE,CHEMBL1201002,CC(C)(C)NCC(O)COc1cccc2c1CCC(=O)N2,292.37899999999996,1.6990999999999998,3,4,70.58999999999999,5,0.7723075202218123,21,0
ELETRIPTAN HYDROBROMIDE,CHEMBL1201003,CN1CCC[C@@H]1Cc1c[nH]c2ccc(CCS(=O)(=O)c3ccccc3)cc12,382.5290000000001,3.8210000000000024,1,3,53.17,6,0.7050592233207414,27,0
CEFONICID SODIUM,CHEMBL1201005,O=C(O)C1=C(CSc2nnnn2CS(=O)(=O)O)CS[C@@H]2[C@H](NC(=O)[C@H](O)c3ccccc3)C(=O)N12,542.5770000000001,-0.9172999999999991,4,11,204.90999999999997,9,0.17210207791289023,35,2
PYRILAMINE MALEATE,CHEMBL1201006,COc1ccc(CN(CCN(C)C)c2ccccn2)cc1,285.391,2.658400000000001,0,4,28.6,7,0.7817668594270732,21,0
FLUDROCORTISONE ACETATE,CHEMBL1201010,CC(=O)OCC(=O)[C@@]1(O)CC[C@H]2[C@@H]3CCC4=CC(=O)CC[C@]4(C)[C@@]3(F)[C@@H](O)C[C@@]21C,422.4930000000002,2.4445000000000006,2,6,100.90000000000002,3,0.6778330887220734,30,0
QUINAPRIL HYDROCHLORIDE,CHEMBL1201011,CCOC(=O)[C@H](CCc1ccccc1)N[C@@H](C)C(=O)N1Cc2ccccc2C[C@H]1C(=O)O,438.5240000000003,2.5671,2,5,95.94000000000001,9,0.5844860779881329,32,0
FLURANDRENOLIDE,CHEMBL1201012,CC1(C)O[C@@H]2C[C@H]3[C@@H]4C[C@H](F)C5=CC(=O)CC[C@]5(C)[C@H]4[C@@H](O)C[C@]3(C)[C@]2(C(=O)CO)O1,436.5200000000002,2.498700000000001,2,6,93.06,2,0.6910281010512151,31,0
OLSALAZINE SODIUM,CHEMBL1201013,O=C(O)c1cc(/N=N/c2ccc(O)c(C(=O)O)c2)ccc1O,302.242,2.9096000000000006,4,6,139.78,4,0.6399634717122534,22,0
PREDNISOLONE SODIUM PHOSPHATE,CHEMBL1201014,C[C@]12C=CC(=O)C=C1CC[C@@H]1[C@@H]2[C@@H](O)C[C@@]2(C)[C@H]1CC[C@]2(O)C(=O)COP(=O)(O)O,440.42900000000026,1.6745999999999999,4,6,141.36,4,0.48399911755965214,30,0
CEFPODOXIME PROXETIL,CHEMBL1201016,COCC1=C(C(=O)OC(C)OC(=O)OC(C)C)N2C(=O)[C@@H](NC(=O)/C(=N\OC)c3csc(N)n3)[C@H]2SC1,557.6070000000001,0.8270000000000015,2,14,180.96999999999997,10,0.13610908733951915,37,2
CEFACLOR,CHEMBL1201018,N[C@@H](C(=O)N[C@@H]1C(=O)N2C(C(=O)O)=C(Cl)CS[C@H]12)c1ccccc1,367.814,0.6213000000000004,3,5,112.73,4,0.672381193775388,24,0
CEFTIZOXIME SODIUM,CHEMBL1201019,CO/N=C(\C(=O)N[C@@H]1C(=O)N2C(C(=O)O)=CCS[C@H]12)c1csc(N)n1,383.41100000000006,-0.5557999999999992,3,9,147.20999999999998,5,0.34831831323821205,25,0
DISOPYRAMIDE PHOSPHATE,CHEMBL1201020,CC(C)N(CCC(C(N)=O)(c1ccccc1)c1ccccn1)C(C)C,339.4830000000001,3.361900000000002,1,3,59.22,8,0.8020711980677477,25,0
PHENAZOPYRIDINE HYDROCHLORIDE,CHEMBL1201022,Nc1ccc(/N=N/c2ccccc2)c(N)n1,213.24400000000003,2.6613999999999995,2,5,89.64999999999999,2,0.7511676712570863,16,0
ORPHENADRINE HYDROCHLORIDE,CHEMBL1201023,Cc1ccccc1C(OCCN(C)C)c1ccccc1,269.388,3.662620000000003,0,2,12.47,6,0.7932087270574181,20,0
GLYCOPYRRONIUM BROMIDE,CHEMBL1201027,C[N+]1(C)CCC(OC(=O)C(O)(c2ccccc2)C2CCCC2)C1,318.43700000000024,2.4562999999999997,1,3,46.53,4,0.6850778093160973,23,0
RIZATRIPTAN BENZOATE,CHEMBL1201032,CN(C)CCc1c[nH]c2ccc(Cn3cncn3)cc12,269.35200000000003,1.9118000000000002,1,3,49.74,5,0.7695062288280017,20,0
IPODATE SODIUM,CHEMBL1201033,CN(C)/C=N/c1c(I)cc(I)c(CCC(=O)O)c1I,597.9600000000002,3.7390000000000025,1,2,52.900000000000006,5,0.31983219727782086,19,1
BIPERIDEN HYDROCHLORIDE,CHEMBL1201035,OC(CCN1CCCCC1)(c1ccccc1)C1CC2C=CC1C2,311.46900000000005,3.9624000000000033,1,2,23.47,5,0.8320193452810374,23,0
EFLORNITHINE HYDROCHLORIDE,CHEMBL1201037,NCCCC(N)(C(=O)O)C(F)F,182.17,-0.22749999999999942,3,3,89.34,5,0.5476125873309401,12,0
ACRISORCIN,CHEMBL1201038,CCCCCCc1ccc(O)cc1O,194.274,3.2206000000000023,2,2,40.46,5,0.7064082483225956,14,0
BENZTHIAZIDE,CHEMBL1201039,NS(=O)(=O)c1cc2c(cc1Cl)N=C(CSCc1ccccc1)NS2(=O)=O,431.9480000000001,2.2427,2,6,118.69,5,0.7519338837399464,26,0
AZLOCILLIN SODIUM,CHEMBL1201041,CC1(C)S[C@@H]2[C@H](NC(=O)[C@H](NC(=O)N3CCNC3=O)c3ccccc3)C(=O)N2[C@H]1C(=O)O,461.50000000000017,0.0942000000000009,4,6,148.14999999999998,5,0.45444554983360785,32,0
ETIDRONATE DISODIUM,CHEMBL1201042,CC(O)(P(=O)(O)O)P(=O)(O)O,206.027,-0.9922000000000002,5,3,135.29000000000002,2,0.36558296000069435,11,0
CEPHAPIRIN SODIUM,CHEMBL1201043,CC(=O)OCC1=C(C(=O)O)N2C(=O)[C@@H](NC(=O)CSc3ccncc3)[C@H]2SC1,423.4720000000001,0.4754000000000007,2,8,125.89999999999999,7,0.3656398276309724,28,0
DAPIPRAZOLE HYDROCHLORIDE,CHEMBL1201044,Cc1ccccc1N1CCN(CCc2nnc3n2CCCC3)CC1,325.46000000000015,2.2875200000000007,0,4,37.190000000000005,4,0.8642279309285194,24,0
ACETRIZOATE SODIUM,CHEMBL1201045,CC(=O)Nc1c(I)cc(I)c(C(=O)O)c1I,556.863,3.157000000000001,2,2,66.4,2,0.5503779197082813,16,1
CEFORANIDE,CHEMBL1201046,NCc1ccccc1CC(=O)N[C@@H]1C(=O)N2C(C(=O)O)=C(CSc3nnnn3CC(=O)O)CS[C@H]12,519.5650000000003,-0.7101999999999984,4,10,193.62999999999997,10,0.2278184722894915,35,1
ANILERIDINE HYDROCHLORIDE,CHEMBL1201047,CCOC(=O)C1(c2ccccc2)CCN(CCc2ccc(N)cc2)CC1,352.47800000000007,3.4082000000000017,1,4,55.56,6,0.6393437724099448,26,0
DROMOSTANOLONE PROPIONATE,CHEMBL1201048,CCC(=O)O[C@H]1CC[C@H]2[C@@H]3CC[C@H]4CC(=O)[C@H](C)C[C@]4(C)[C@H]3CC[C@]12C,360.5380000000002,5.166000000000006,0,3,43.370000000000005,2,0.6384037243072085,26,1
ECONAZOLE NITRATE,CHEMBL1201049,Clc1ccc(COC(Cn2ccnc2)c2ccc(Cl)cc2Cl)cc1,381.69000000000005,5.801400000000003,0,2,27.05,6,0.5391871956552778,24,1
PEMIROLAST POTASSIUM,CHEMBL1201050,Cc1cccn2c(=O)c(-c3nnn[nH]3)cnc12,228.21500000000003,0.1830199999999999,1,5,88.83,1,0.6415062679916463,17,0
CIMETIDINE HYDROCHLORIDE,CHEMBL1201051,CN/C(=N\CCSCc1nc[nH]c1C)NC#N,252.347,0.5974,3,4,88.88999999999999,5,0.2346588097545297,17,0
MESORIDAZINE BESYLATE,CHEMBL1201052,CN1CCCCC1CCN1c2ccccc2Sc2ccc([S+](C)[O-])cc21,386.5860000000001,4.901100000000005,0,4,29.54,4,0.6990736026363058,26,0
SULFACYTINE,CHEMBL1201056,CCn1ccc(NS(=O)(=O)c2ccc(N)cc2)nc1=O,294.336,0.6462000000000001,2,5,107.08000000000001,4,0.8048811367345586,20,0
CILASTATIN SODIUM,CHEMBL1201057,CC1(C)C[C@@H]1C(=O)N/C(=C\CCCCSC[C@H](N)C(=O)O)C(=O)O,358.46000000000004,1.4326000000000003,4,5,129.72,11,0.3245927294750397,24,0
PROGUANIL HYDROCHLORIDE,CHEMBL1201059,CC(C)NC(=N)NC(=N)Nc1ccc(Cl)cc1,253.73700000000002,2.209039999999999,5,2,83.79,2,0.41392514787270024,17,0
LOXAPINE HYDROCHLORIDE,CHEMBL1201060,CN1CCN(C2=Nc3ccccc3Oc3ccc(Cl)cc32)CC1,327.8150000000001,3.7714000000000025,0,4,28.07,0,0.736992877851952,23,0
LEVALBUTEROL HYDROCHLORIDE,CHEMBL1201061,CC(C)(C)NC[C@H](O)c1ccc(O)c(CO)c1,239.315,1.3059999999999998,4,4,72.72,4,0.6389509580864461,17,0
PROPAFENONE HYDROCHLORIDE,CHEMBL1201063,CCCNCC(O)COc1ccccc1C(=O)CCc1ccccc1,341.4510000000001,3.2414000000000023,2,4,58.559999999999995,11,0.4865357366381187,25,0
FLUOROMETHOLONE ACETATE,CHEMBL1201064,CC(=O)O[C@]1(C(C)=O)CC[C@H]2[C@@H]3C[C@H](C)C4=CC(=O)C=C[C@]4(C)[C@@]3(F)[C@@H](O)C[C@@]21C,418.50500000000017,3.494100000000002,1,5,80.67,2,0.6945533405618345,30,0
THIAMYLAL SODIUM,CHEMBL1201065,C=CCC1(C(C)CCC)C(=O)NC(=S)NC1=O,254.355,1.5159999999999998,2,3,58.2,5,0.4440914917068062,17,0
VENLAFAXINE HYDROCHLORIDE,CHEMBL1201066,COc1ccc(C(CN(C)C)C2(O)CCCCC2)cc1,277.4079999999999,3.0356000000000014,1,3,32.7,5,0.8976823731418612,20,0
BIPERIDEN LACTATE,CHEMBL1201067,OC(CCN1CCCCC1)(c1ccccc1)C1CC2C=CC1C2,311.46900000000005,3.9624000000000033,1,2,23.47,5,0.8320193452810374,23,0
PROPIOMAZINE HYDROCHLORIDE,CHEMBL1201068,CCC(=O)c1ccc2c(c1)N(CC(C)N(C)C)c1ccccc1S2,340.492,4.832100000000005,0,4,23.550000000000004,5,0.7273120276641493,24,0
TETRACYCLINE PHOSPHATE COMPLEX,CHEMBL1201071,CN(C)[C@@H]1C(O)=C(C(N)=O)C(=O)[C@@]2(O)C(O)=C3C(=O)c4c(O)cccc4[C@@](C)(O)[C@H]3C[C@@H]12,444.44000000000017,-0.21439999999999837,6,9,181.61999999999998,2,0.3361104616305243,32,1
SUCCIMER,CHEMBL1201073,O=C(O)[C@@H](S)[C@@H](S)C(=O)O,182.222,-0.2476000000000001,4,4,74.6,3,0.45410984832183593,10,0
TRIMETHOPRIM HYDROCHLORIDE,CHEMBL1201080,COc1cc(Cc2cnc(N)nc2N)cc(OC)c1OC,290.32300000000004,1.2575999999999998,2,7,105.51,5,0.8533555071280714,21,0
METHYLPREDNISOLONE SODIUM SUCCINATE,CHEMBL1201081,C[C@H]1C[C@@H]2[C@H]([C@@H](O)C[C@@]3(C)[C@H]2CC[C@]3(O)C(=O)COC(=O)CCC(=O)O)[C@@]2(C)C=CC(=O)C=C12,474.5500000000003,2.2193000000000005,3,7,138.20000000000002,6,0.4983304096149554,34,0
FLUOXETINE HYDROCHLORIDE,CHEMBL1201082,CNCCC(Oc1ccc(C(F)(F)F)cc1)c1ccccc1,309.33099999999996,4.435000000000003,1,2,21.259999999999998,6,0.8517964099245682,22,0
CABERGOLINE,CHEMBL1201087,C=CCN1C[C@H](C(=O)N(CCCN(C)C)C(=O)NCC)C[C@@H]2c3cccc4[nH]cc(c34)C[C@H]21,451.61500000000024,3.193900000000001,2,4,71.68,8,0.6049384423595515,33,0
DIPHENHYDRAMINE CITRATE,CHEMBL1201089,CN(C)CCOC(c1ccccc1)c1ccccc1,255.36100000000002,3.3542000000000023,0,2,12.47,6,0.7845504400951161,19,0
RIVASTIGMINE TARTRATE,CHEMBL1201092,CCN(C)C(=O)Oc1cccc([C@H](C)N(C)C)c1,250.34199999999998,2.7597000000000014,0,3,32.78,4,0.8234224757170807,18,0
METHYL AMINOLEVULINATE HYDROCHLORIDE,CHEMBL1201093,COC(=O)CCC(=O)CN,145.158,-0.5326000000000002,1,4,69.39,4,0.5396004092310056,10,0
CEFOTETAN DISODIUM,CHEMBL1201098,CO[C@@]1(NC(=O)C2SC(=C(C(N)=O)C(=O)O)S2)C(=O)N2C(C(=O)O)=C(CSc3nnnn3C)CS[C@@H]21,575.6320000000002,-1.3974999999999984,4,13,219.92999999999995,9,0.06641669832653377,36,2
TESTOSTERONE CYPIONATE,CHEMBL1201101,C[C@]12CC[C@H]3[C@@H](CCC4=CC(=O)CC[C@@]43C)[C@@H]1CC[C@@H]2OC(=O)CCC1CCCC1,412.6140000000003,6.400500000000007,0,3,43.370000000000005,4,0.5017591238230259,30,1
TRIFLUPROMAZINE HYDROCHLORIDE,CHEMBL1201102,CN(C)CCCN1c2ccccc2Sc2ccc(C(F)(F)F)cc21,352.42500000000007,5.259800000000004,0,3,6.48,4,0.7410247450790446,24,1
METHOXAMINE HYDROCHLORIDE,CHEMBL1201103,COc1ccc(OC)c(C(O)C(C)N)c1,211.261,1.0844,2,4,64.71,4,0.781942163264455,15,0
METHENAMINE HIPPURATE,CHEMBL1201104,O=C(O)CNC(=O)c1ccccc1,179.175,0.5009999999999994,2,2,66.4,3,0.7096286993577655,13,0
CONIVAPTAN HYDROCHLORIDE,CHEMBL1201108,Cc1nc2c([nH]1)-c1ccccc1N(C(=O)c1ccc(NC(=O)c3ccccc3-c3ccccc3)cc1)CC2,498.58600000000024,6.507320000000005,2,3,78.09,4,0.29660705972876805,38,1
DESONIDE,CHEMBL1201109,CC1(C)O[C@@H]2C[C@H]3[C@@H]4CCC5=CC(=O)C=C[C@]5(C)[C@H]4[C@@H](O)C[C@]3(C)[C@]2(C(=O)CO)O1,416.51400000000024,2.326700000000001,2,6,93.06,2,0.7177493123306525,30,0
VALACYCLOVIR HYDROCHLORIDE,CHEMBL1201110,CC(C)[C@H](N)C(=O)OCCOCn1cnc2c(=O)nc(N)[nH]c21,324.341,-0.7975999999999985,3,8,151.14000000000001,7,0.44214276395859164,23,0
NELARABINE,CHEMBL1201112,COc1nc(N)nc2c1ncn2[C@@H]1O[C@H](CO)[C@@H](O)[C@@H]1O,297.271,-1.9713999999999994,4,9,148.76999999999998,3,0.5056130599451503,21,0
HETACILLIN,CHEMBL1201116,CC1(C)S[C@@H]2[C@H](N3C(=O)[C@@H](c4ccccc4)NC3(C)C)C(=O)N2[C@H]1C(=O)O,389.4770000000002,1.4111,2,5,89.95,3,0.7600947539567584,27,0
METHOCARBAMOL,CHEMBL1201117,COc1ccccc1OCC(O)COC(N)=O,241.24299999999994,0.5302000000000002,2,5,91.00999999999999,6,0.757667099994584,17,0
CEFMETAZOLE SODIUM,CHEMBL1201118,CO[C@@]1(NC(=O)CSCC#N)C(=O)N2C(C(=O)O)=C(CSc3nnnn3C)CS[C@@H]21,471.54600000000016,-0.7283199999999983,2,11,163.32999999999998,9,0.2011276719859027,30,1
LIOTHYRONINE SODIUM,CHEMBL1201119,N[C@@H](Cc1cc(I)c(Oc2ccc(O)c(I)c2)c(I)c1)C(=O)O,650.9760000000001,3.952700000000001,3,4,92.78000000000002,5,0.4267101714465896,23,1
REMIFENTANIL HYDROCHLORIDE,CHEMBL1201120,CCC(=O)N(c1ccccc1)C1(C(=O)OC)CCN(CCC(=O)OC)CC1,376.4530000000002,2.0002999999999997,0,6,76.15,7,0.677733039239407,27,0
HETACILLIN POTASSIUM,CHEMBL1201121,CC1(C)S[C@@H]2[C@H](N3C(=O)[C@@H](c4ccccc4)NC3(C)C)C(=O)N2[C@H]1C(=O)O,389.4770000000002,1.4111,2,5,89.95,3,0.7600947539567584,27,0
KETOROLAC TROMETHAMINE,CHEMBL1201124,O=C(c1ccccc1)c1ccc2n1CCC2C(=O)O,255.27299999999997,2.291,1,2,59.3,3,0.855918702387755,19,0
IOTHALAMATE MEGLUMINE,CHEMBL1201125,CNC[C@H](O)[C@@H](O)[C@H](O)[C@H](O)CO,195.21499999999997,-3.3582999999999994,6,6,113.18,6,0.26379950587316064,13,1
DARUNAVIR ETHANOLATE,CHEMBL1201127,CC(C)CN(C[C@@H](O)[C@H](Cc1ccccc1)NC(=O)O[C@H]1CO[C@H]2OCC[C@H]21)S(=O)(=O)c1ccc(N)cc1,547.6740000000003,2.3753,3,8,140.42000000000002,11,0.36442311667248134,38,1
DECITABINE,CHEMBL1201129,Nc1ncn([C@H]2C[C@H](O)[C@@H](CO)O2)c(=O)n1,228.20799999999997,-2.1388,3,7,123.49,2,0.5273624425093522,16,0
PIPERONYL BUTOXIDE,CHEMBL1201131,CCCCOCCOCCOCc1cc2c(cc1CCC)OCO2,338.44400000000013,3.7177000000000024,0,5,46.150000000000006,13,0.5130604440913922,24,0
NALBUPHINE HYDROCHLORIDE,CHEMBL1201132,Oc1ccc2c3c1O[C@H]1[C@@H](O)CC[C@@]4(O)[C@@H](C2)N(CC2CCC2)CC[C@]314,357.4500000000003,1.7072999999999998,3,5,73.16,2,0.7514859268568042,26,0
LUBIPROSTONE,CHEMBL1201134,CCCCC(F)(F)[C@@]1(O)CC[C@H]2[C@@H](CC(=O)[C@@H]2CCCCCCC(=O)O)O1,390.4670000000003,4.309900000000003,2,4,83.83,11,0.5137303838767706,27,0
LEUCOVORIN CALCIUM,CHEMBL1201138,Nc1nc(=O)c2c([nH]1)NCC(CNc1ccc(C(=O)N[C@@H](CCC(=O)O)C(=O)O)cc1)N2C=O,473.4460000000002,-0.7310999999999974,7,9,219.83999999999997,10,0.21313148229853152,34,1
MEGESTROL ACETATE,CHEMBL1201139,CC(=O)O[C@]1(C(C)=O)CC[C@H]2[C@@H]3C=C(C)C4=CC(=O)CC[C@]4(C)[C@H]3CC[C@@]21C,384.51600000000025,4.575300000000005,0,4,60.440000000000005,2,0.6541950145872741,28,0
IBUPROFEN LYSINE,CHEMBL1201141,CC(C)Cc1ccc(C(C)C(=O)O)cc1,206.28499999999997,3.073200000000001,1,1,37.3,4,0.8215995486924976,15,0
RASAGILINE MESYLATE,CHEMBL1201142,C#CCN[C@@H]1CCc2ccccc21,171.243,1.8967,1,1,12.03,2,0.6700261204475028,13,0
NORETHINDRONE ACETATE,CHEMBL1201146,C#C[C@]1(OC(C)=O)CC[C@H]2[C@@H]3CCC4=CC(=O)CC[C@@H]4[C@H]3CC[C@@]21C,340.46300000000014,4.0633000000000035,0,3,43.370000000000005,1,0.5338581764582067,25,0
OCTOCRYLENE,CHEMBL1201147,CCCCC(CC)COC(=O)C(C#N)=C(c1ccccc1)c1ccccc1,361.485,5.771680000000005,0,3,50.09,9,0.32344146330830564,27,1
MEPREDNISONE,CHEMBL1201148,C[C@H]1C[C@H]2[C@@H]3CCC4=CC(=O)C=C[C@]4(C)[C@H]3C(=O)C[C@]2(C)[C@@]1(O)C(=O)CO,372.4610000000002,2.0118000000000005,2,5,91.67,2,0.7736478932798779,27,0
NALTREXONE HYDROCHLORIDE,CHEMBL1201149,O=C1CC[C@@]2(O)[C@H]3Cc4ccc(O)c5c4[C@@]2(CCN3CC2CC2)[C@H]1O5,341.4070000000001,1.5253999999999999,2,5,70.0,2,0.8536215236957835,25,0
SUMATRIPTAN SUCCINATE,CHEMBL1201150,CNS(=O)(=O)Cc1ccc2[nH]cc(CCN(C)C)c2c1,295.408,1.3211999999999997,2,3,65.2,6,0.8445712183265353,20,0
MESTRANOL,CHEMBL1201151,C#C[C@]1(O)CC[C@H]2[C@@H]3CCc4cc(OC)ccc4[C@H]3CC[C@@]21C,310.4370000000001,3.915600000000003,1,2,29.46,1,0.7968347529245803,23,0
NALMEFENE HYDROCHLORIDE,CHEMBL1201152,C=C1CC[C@@]2(O)[C@H]3Cc4ccc(O)c5c4[C@@]2(CCN3CC2CC2)[C@H]1O5,339.4350000000001,2.512500000000001,2,4,52.93000000000001,2,0.813193738638947,25,0
ISOETHARINE MESYLATE,CHEMBL1201153,CCC(NC(C)C)C(O)c1ccc(O)c(O)c1,239.315,1.9077999999999997,4,4,72.72,5,0.5922201213727966,17,0
PROCHLORPERAZINE EDISYLATE,CHEMBL1201154,CN1CCN(CCCN2c3ccccc3Sc3ccc(Cl)cc32)CC1,373.95300000000015,4.580200000000004,0,4,9.72,4,0.775124662295156,25,0
LOXAPINE SUCCINATE,CHEMBL1201155,CN1CCN(C2=Nc3ccccc3Oc3ccc(Cl)cc32)CC1,327.8150000000001,3.7714000000000025,0,4,28.07,0,0.736992877851952,23,0
NORTRIPTYLINE HYDROCHLORIDE,CHEMBL1201156,CNCCC=C1c2ccccc2CCc2ccccc21,263.38399999999996,3.826400000000003,1,1,12.03,3,0.8299677542138636,20,0
FENTANYL HYDROCHLORIDE,CHEMBL1201159,CCC(=O)N(c1ccccc1)C1CCN(CCc2ccccc2)CC1,336.47900000000004,4.136700000000004,0,2,23.550000000000004,6,0.7914868412582013,25,0
MAFENIDE ACETATE,CHEMBL1201161,NCc1ccc(S(N)(=O)=O)cc1,186.236,-0.20729999999999998,2,3,86.18,2,0.6698196794692757,12,0
DORZOLAMIDE HYDROCHLORIDE,CHEMBL1201162,CCN[C@H]1C[C@H](C)S(=O)(=O)c2sc(S(N)(=O)=O)cc21,324.44900000000007,0.612,2,6,106.32999999999998,3,0.8471269771691101,19,0
SUFENTANIL CITRATE,CHEMBL1201163,CCC(=O)N(c1ccccc1)C1(COC)CCN(CCc2cccs2)CC1,386.56100000000015,4.214800000000004,0,4,32.78,8,0.6810921785688575,27,0
QUINESTROL,CHEMBL1201165,C#C[C@]1(O)CC[C@H]2[C@@H]3CCc4cc(OC5CCCC5)ccc4[C@H]3CC[C@@]21C,364.52900000000017,5.228400000000006,1,2,29.46,2,0.7283713862390043,27,1
CARVEDILOL PHOSPHATE,CHEMBL1201167,COc1ccccc1OCCNCC(O)COc1cccc2[nH]c3ccccc3c12,406.482,3.738000000000002,3,5,75.74000000000001,10,0.3499607634429391,30,0
LITHIUM CITRATE ANHYDROUS,CHEMBL1201170,O=C(O)CC(O)(CC(=O)O)C(=O)O,192.123,-1.2484999999999995,4,4,132.13,5,0.4274213512497734,13,0
PRAMOXINE HYDROCHLORIDE,CHEMBL1201171,CCCCOc1ccc(OCCCN2CCOCC2)cc1,293.4069999999999,2.9666000000000015,0,4,30.930000000000003,9,0.6550248398751946,21,0
IODAMIDE MEGLUMINE,CHEMBL1201172,CC(=O)NCc1c(I)c(NC(C)=O)c(I)c(C(=O)O)c1I,627.9420000000002,2.793100000000001,3,3,95.50000000000001,4,0.4479102249993569,21,1
MEDRYSONE,CHEMBL1201173,CC(=O)[C@H]1CC[C@H]2[C@@H]3C[C@H](C)C4=CC(=O)CC[C@]4(C)[C@H]3[C@@H](O)C[C@]12C,344.49500000000006,3.9403000000000032,1,3,54.370000000000005,1,0.7837023582235211,25,0
SITAGLIPTIN PHOSPHATE,CHEMBL1201174,N[C@@H](CC(=O)N1CCn2c(nnc2C(F)(F)F)C1)Cc1cc(F)c(F)cc1F,407.31800000000015,2.0164999999999997,1,4,77.04,4,0.6216377742511342,28,0
LEVOBUNOLOL HYDROCHLORIDE,CHEMBL1201177,CC(C)(C)NC[C@H](O)COc1cccc2c1CCCC2=O,291.391,2.3334,2,4,58.559999999999995,5,0.8739705938909597,21,0
LISDEXAMFETAMINE DIMESYLATE,CHEMBL1201178,C[C@@H](Cc1ccccc1)NC(=O)[C@@H](N)CCCCN,263.38499999999993,1.1901,3,3,81.14,8,0.6162274227299266,19,0
LAPATINIB DITOSYLATE,CHEMBL1201179,CS(=O)(=O)CCNCc1ccc(-c2ccc3ncnc(Nc4ccc(OCc5cccc(F)c5)c(Cl)c4)c3c2)o1,581.0690000000002,6.139100000000005,2,8,106.35000000000001,11,0.17947949298055937,40,2
DICLOFENAC EPOLAMINE,CHEMBL1201180,O=C(O)Cc1ccccc1Nc1c(Cl)cccc1Cl,296.153,4.364100000000001,2,2,49.33,4,0.8807285394160607,19,0
LEVOCETIRIZINE DIHYDROCHLORIDE,CHEMBL1201190,O=C(O)COCCN1CCN([C@H](c2ccccc2)c2ccc(Cl)cc2)CC1,388.8950000000002,3.148200000000002,1,4,53.010000000000005,8,0.7038936958101741,27,0
LEVOCETIRIZINE,CHEMBL1201191,O=C(O)COCCN1CCN([C@H](c2ccccc2)c2ccc(Cl)cc2)CC1,388.8950000000002,3.148200000000002,1,4,53.010000000000005,8,0.7038936958101741,27,0
ARMODAFINIL,CHEMBL1201192,NC(=O)C[S@@+]([O-])C(c1ccccc1)c1ccccc1,273.357,2.01,1,2,66.15,5,0.846783825403182,19,0
LEVOBUPIVACAINE,CHEMBL1201193,CCCCN1CCCC[C@H]1C(=O)Nc1c(C)cccc1C,288.43500000000006,3.8965400000000026,1,2,32.34,5,0.891012713024742,21,0
CEFMETAZOLE,CHEMBL1201195,CO[C@@]1(NC(=O)CSCC#N)C(=O)N2C(C(=O)O)=C(CSc3nnnn3C)CS[C@@H]21,471.54600000000016,-0.7283199999999983,2,11,163.32999999999998,9,0.2011276719859027,30,1
SERTACONAZOLE,CHEMBL1201196,Clc1ccc(C(Cn2ccnc2)OCc2csc3c(Cl)cccc23)c(Cl)c1,437.7790000000001,7.0161000000000024,0,3,27.05,6,0.3240113707540214,27,1
PEMIROLAST,CHEMBL1201198,Cc1cccn2c(=O)c(-c3nnn[nH]3)cnc12,228.21500000000003,0.1830199999999999,1,5,88.83,1,0.6415062679916463,17,0
METHAMPHETAMINE,CHEMBL1201201,CN[C@@H](C)Cc1ccccc1,149.237,1.837,1,1,12.03,3,0.6911085509284692,11,0
BENZTROPINE,CHEMBL1201203,CN1[C@@H]2CC[C@H]1C[C@@H](OC(c1ccccc1)c1ccccc1)C2,307.43700000000007,4.417800000000004,0,2,12.47,4,0.8289288715670488,23,0
CEFPIRAMIDE,CHEMBL1201204,Cc1cc(O)c(C(=O)N[C@@H](C(=O)N[C@@H]2C(=O)N3C(C(=O)O)=C(CSc4nnnn4C)CS[C@H]23)c2ccc(O)cc2)cn1,612.6500000000003,0.3267200000000013,5,12,212.76,9,0.1629535933602729,42,2
PIPECURONIUM,CHEMBL1201206,CC(=O)O[C@H]1C[C@@H]2CC[C@@H]3[C@H](CC[C@@]4(C)[C@H]3C[C@H](N3CC[N+](C)(C)CC3)[C@@H]4OC(C)=O)[C@@]2(C)C[C@@H]1N1CC[N+](C)(C)CC1,602.9050000000001,3.633500000000006,0,6,59.08,4,0.3620424161456103,43,1
BETAMETHASONE PHOSPHORIC ACID,CHEMBL1201207,C[C@H]1C[C@H]2[C@@H]3CCC4=CC(=O)C=C[C@]4(C)[C@@]3(F)[C@@H](O)C[C@]2(C)[C@@]1(O)C(=O)COP(=O)(O)O,472.44600000000025,2.0127000000000006,4,6,141.36,4,0.4555938354562437,32,0
PHENMETRAZINE,CHEMBL1201208,CC1NCCOC1c1ccccc1,177.247,1.736,1,2,21.259999999999998,1,0.705114488465338,13,0
PROPIOMAZINE,CHEMBL1201210,CCC(=O)c1ccc2c(c1)N(CC(C)N(C)C)c1ccccc1S2,340.492,4.832100000000005,0,4,23.550000000000004,5,0.7273120276641493,24,0
MIDODRINE,CHEMBL1201212,COc1ccc(OC)c(C(O)CNC(=O)CN)c1,254.28599999999997,-0.18789999999999946,3,5,93.80999999999999,6,0.6540368201081147,18,0
ISOETHARINE,CHEMBL1201213,CCC(NC(C)C)C(O)c1ccc(O)c(O)c1,239.315,1.9077999999999997,4,4,72.72,5,0.5922201213727966,17,0
DAPIPRAZOLE,CHEMBL1201216,Cc1ccccc1N1CCN(CCc2nnc3n2CCCC3)CC1,325.46000000000015,2.2875200000000007,0,4,37.190000000000005,4,0.8642279309285194,24,0
DYCLONINE,CHEMBL1201217,CCCCOc1ccc(C(=O)CCN2CCCCC2)cc1,289.4189999999999,3.9242000000000035,0,3,29.54,8,0.5363384776583598,21,0
CEFAMANDOLE NAFATE FREE BASE,CHEMBL1201218,Cn1nnnc1SCC1=C(C(=O)O)N2C(=O)[C@@H](NC(=O)[C@H](OC=O)c3ccccc3)[C@H]2SC1,490.52300000000014,-0.044899999999998386,2,10,156.60999999999999,9,0.2759695808750801,33,0
VECURONIUM,CHEMBL1201219,CC(=O)O[C@H]1C[C@@H]2CC[C@@H]3[C@H](CC[C@@]4(C)[C@H]3C[C@H]([N+]3(C)CCCCC3)[C@@H]4OC(C)=O)[C@@]2(C)C[C@@H]1N1CCCCC1,557.8400000000003,5.965900000000007,0,5,55.84,4,0.3151098082587802,40,2
DIATRIZOIC ACID,CHEMBL1201220,CC(=O)Nc1c(I)c(NC(C)=O)c(I)c(C(=O)O)c1I,613.9150000000002,3.1154,3,3,95.50000000000001,3,0.4569915391683752,20,1
LISDEXAMFETAMINE,CHEMBL1201222,C[C@@H](Cc1ccccc1)NC(=O)[C@@H](N)CCCCN,263.38499999999993,1.1901,3,3,81.14,8,0.6162274227299266,19,0
CEFMENOXIME,CHEMBL1201224,CO/N=C(\C(=O)N[C@@H]1C(=O)N2C(C(=O)O)=C(CSc3nnnn3C)CS[C@H]12)c1csc(N)n1,511.57100000000014,-0.8697999999999984,3,13,190.81,8,0.17202664914850496,33,2
CYCRIMINE,CHEMBL1201227,OC(CCN1CCCCC1)(c1ccccc1)C1CCCC1,287.4470000000001,3.940400000000003,1,2,23.47,5,0.8863958351409401,21,0
DEMECARIUM,CHEMBL1201229,CN(CCCCCCCCCCN(C)C(=O)Oc1cccc([N+](C)(C)C)c1)C(=O)Oc1cccc([N+](C)(C)C)c1,556.7920000000001,6.762200000000008,0,4,59.08,15,0.17960592626836677,40,2
PREDNISOLONE PHOSPHORIC ACID,CHEMBL1201231,C[C@]12C=CC(=O)C=C1CC[C@@H]1[C@@H]2[C@@H](O)C[C@@]2(C)[C@H]1CC[C@]2(O)C(=O)COP(=O)(O)O,440.42900000000026,1.6745999999999999,4,6,141.36,4,0.48399911755965214,30,0
ISOPROPAMIDE,CHEMBL1201232,CC(C)[N+](C)(CCC(C(N)=O)(c1ccccc1)c1ccccc1)C(C)C,353.5300000000001,4.111500000000003,1,1,43.09,8,0.7131154199141896,26,0
METHYLDOPATE,CHEMBL1201233,CCOC(=O)[C@@](C)(N)Cc1ccc(O)c(O)c1,239.27100000000002,0.9207999999999996,3,5,92.78,4,0.5364059398397247,17,0
MEPHENTERMINE,CHEMBL1201234,CNC(C)(C)Cc1ccccc1,163.264,2.2271,1,1,12.03,3,0.7201830349328019,12,0
METHYLHOMATROPINE,CHEMBL1201235,C[N+]1(C)[C@@H]2CC[C@H]1C[C@@H](OC(=O)C(O)c1ccccc1)C2,290.38300000000004,2.033,1,3,46.53,3,0.684255247270266,21,0
CARBIDOPA ANHYDROUS,CHEMBL1201236,C[C@@](Cc1ccc(O)c(O)c1)(NN)C(=O)O,226.232,-0.05310000000000015,5,5,115.81000000000002,4,0.27902660017928355,16,0
LEVOBUNOLOL,CHEMBL1201237,CC(C)(C)NC[C@H](O)COc1cccc2c1CCCC2=O,291.391,2.3334,2,4,58.559999999999995,5,0.8739705938909597,21,0
IODAMIDE,CHEMBL1201239,CC(=O)NCc1c(I)c(NC(C)=O)c(I)c(C(=O)O)c1I,627.9420000000002,2.793100000000001,3,3,95.50000000000001,4,0.4479102249993569,21,1
INDECAINIDE,CHEMBL1201242,CC(C)NCCCC1(C(N)=O)c2ccccc2-c2ccccc21,308.425,3.2166000000000015,2,2,55.12,6,0.8051213486025681,23,0
IPODATE,CHEMBL1201243,CN(C)/C=N/c1c(I)cc(I)c(CCC(=O)O)c1I,597.9600000000002,3.7390000000000025,1,2,52.900000000000006,5,0.31983219727782086,19,1
ROCURONIUM,CHEMBL1201244,C=CC[N+]1([C@H]2C[C@H]3[C@@H]4CC[C@H]5C[C@H](O)[C@@H](N6CCOCC6)C[C@]5(C)[C@H]4CC[C@]3(C)[C@H]2OC(C)=O)CCCC1,529.7860000000004,4.407500000000003,1,5,59.00000000000001,5,0.32490282166161777,38,1
BROMODIPHENHYDRAMINE,CHEMBL1201245,CN(C)CCOC(c1ccccc1)c1ccc(Br)cc1,334.257,4.116700000000003,0,2,12.47,6,0.7880221004554365,20,0
BENZQUINAMIDE,CHEMBL1201250,CCN(CC)C(=O)C1CN2CCc3cc(OC)c(OC)cc3C2CC1OC(C)=O,404.5070000000002,2.423,0,6,68.31,6,0.6786181154392725,29,0
ARBUTAMINE,CHEMBL1201251,Oc1ccc(CCCCNC[C@H](O)c2ccc(O)c(O)c2)cc1,317.38500000000005,2.449300000000001,5,5,92.95,8,0.3808434509975777,23,0
TRIMETHOBENZAMIDE,CHEMBL1201256,COc1cc(C(=O)NCc2ccc(OCCN(C)C)cc2)cc(OC)c1OC,388.46400000000017,2.5828000000000007,1,6,69.26,10,0.6747430301104641,28,0
BETHANIDINE,CHEMBL1201260,C/N=C(\NC)NCc1ccccc1,177.251,0.9813999999999995,2,1,36.42,2,0.5216669445312792,13,0
TYROPANOIC ACID,CHEMBL1201261,CCCC(=O)Nc1c(I)cc(I)c(CC(CC)C(=O)O)c1I,641.0250000000002,4.892300000000003,2,2,66.4,7,0.41747798910482176,22,1
DIPIVEFRIN,CHEMBL1201262,CNCC(O)c1ccc(OC(=O)C(C)(C)C)c(OC(=O)C(C)(C)C)c1,351.4430000000001,2.8424000000000014,2,6,84.85999999999999,5,0.6267146503427627,25,0
HYDROCORTAMATE,CHEMBL1201263,CCN(CC)CC(=O)OCC(=O)[C@@]1(O)CC[C@H]2[C@@H]3CCC4=CC(=O)CC[C@]4(C)[C@H]3[C@@H](O)C[C@@]21C,475.6260000000004,2.6742999999999997,2,7,104.14,7,0.5456854445989993,34,0
METHANTHELINE,CHEMBL1201264,CC[N+](C)(CC)CCOC(=O)C1c2ccccc2Oc2ccccc21,340.4430000000001,3.953800000000003,0,3,35.53,6,0.5898453885239513,25,0
METHYLPREDNISOLONE HEMISUCCINATE,CHEMBL1201265,C[C@H]1C[C@@H]2[C@H]([C@@H](O)C[C@@]3(C)[C@H]2CC[C@]3(O)C(=O)COC(=O)CCC(=O)O)[C@@]2(C)C=CC(=O)C=C12,474.5500000000003,2.2193000000000005,3,7,138.20000000000002,6,0.4983304096149554,34,0
LODOXAMIDE,CHEMBL1201266,N#Cc1cc(NC(=O)C(=O)O)c(Cl)c(NC(=O)C(=O)O)c1,311.63700000000006,0.25787999999999983,4,5,156.59,2,0.5701956596227559,21,0
METHENAMINE,CHEMBL1201270,C1N2CN3CN1CN(C2)C3,140.19,-1.0197999999999992,0,4,12.96,0,0.4267612580294936,10,0
BUCLIZINE,CHEMBL1201271,CC(C)(C)c1ccc(CN2CCN(C(c3ccccc3)c3ccc(Cl)cc3)CC2)cc1,433.0390000000001,6.544700000000008,0,2,6.48,5,0.450917622424228,31,1
PROTOKYLOL,CHEMBL1201273,CC(Cc1ccc2c(c1)OCO2)NCC(O)c1ccc(O)c(O)c1,331.368,2.0807,4,6,91.18,6,0.6059944000084014,24,0
LEVOBETAXOLOL,CHEMBL1201274,CC(C)NC[C@H](O)COc1ccc(CCOCC2CC2)cc1,307.434,2.3933999999999997,2,4,50.72,11,0.6164391834948149,22,0
ISOSULFAN BLUE INNER SALT,CHEMBL1201275,CCN(CC)c1ccc(C(=C2C=CC(=[N+](CC)CC)C=C2)c2cc(S(=O)(=O)[O-])ccc2S(=O)(=O)O)cc1,544.6950000000002,4.104800000000004,1,6,117.82000000000001,9,0.3729195766875122,37,1
CHLORAMPHENICOL SUCCINIC ACID,CHEMBL1201281,O=C(O)CCC(=O)OC[C@@H](NC(=O)C(Cl)Cl)[C@H](O)c1ccc([N+](=O)[O-])cc1,423.20500000000015,1.3247,3,7,156.07,10,0.22023098082609954,27,0
CINACALCET,CHEMBL1201284,C[C@@H](NCCCc1cccc(C(F)(F)F)c1)c1cccc2ccccc12,357.41900000000004,6.142000000000005,1,1,12.03,6,0.5224072222569837,26,1
OXYPHENONIUM,CHEMBL1201286,CC[N+](C)(CC)CCOC(=O)C(O)(c1ccccc1)C1CCCCC1,348.50700000000023,3.4841000000000015,1,3,46.53,8,0.5777859217395951,25,0
DEXBROMPHENIRAMINE,CHEMBL1201287,CN(C)CC[C@@H](c1ccc(Br)cc1)c1ccccn1,319.246,3.9277000000000024,0,2,16.130000000000003,5,0.8300542359520316,19,0
DANTROLENE,CHEMBL1201288,O=C1CN(/N=C/c2ccc(-c3ccc([N+](=O)[O-])cc3)o2)C(=O)N1,314.257,1.7404999999999997,1,6,118.05000000000001,4,0.3989019993697669,23,0
CLINDAMYCIN PALMITATE,CHEMBL1201289,CCCCCCCCCCCCCCCC(=O)O[C@@H]1[C@@H](O)[C@@H](O)[C@@H]([C@H](NC(=O)[C@@H]2C[C@@H](CCC)CN2C)[C@H](C)Cl)O[C@@H]1SC,663.4060000000002,6.421700000000006,3,8,108.33000000000001,22,0.06925054489589073,44,2
ACAMPROSATE,CHEMBL1201293,CC(=O)NCCCS(=O)(=O)O,181.213,-0.5995999999999997,2,3,83.47,4,0.447848265705855,11,0
DIPHENOXYLATE,CHEMBL1201294,CCOC(=O)C1(c2ccccc2)CCN(CCC(C#N)(c2ccccc2)c2ccccc2)CC1,452.5980000000001,5.483280000000006,0,4,53.33,8,0.42462078961600247,34,1
BITOLTEROL,CHEMBL1201295,Cc1ccc(C(=O)Oc2ccc(C(O)CNC(C)(C)C)cc2OC(=O)c2ccc(C)cc2)cc1,461.5580000000003,5.163340000000004,2,6,84.86000000000001,7,0.37331531004804225,34,1
IOTHALAMIC ACID,CHEMBL1201300,CNC(=O)c1c(I)c(NC(C)=O)c(I)c(C(=O)O)c1I,613.9150000000002,2.5166000000000004,3,3,95.50000000000001,3,0.45703933617160314,20,1
DEXAMETHASONE PHOSPHORIC ACID,CHEMBL1201302,C[C@@H]1C[C@H]2[C@@H]3CCC4=CC(=O)C=C[C@]4(C)[C@@]3(F)[C@@H](O)C[C@]2(C)[C@@]1(O)C(=O)COP(=O)(O)O,472.44600000000025,2.0127000000000006,4,6,141.36,4,0.4555938354562437,32,0
PYRVINIUM,CHEMBL1201303,Cc1cc(/C=C/c2ccc3cc(N(C)C)ccc3[n+]2C)c(C)n1-c1ccccc1,382.5310000000001,5.308240000000004,0,1,12.05,4,0.43579347124405743,29,1
IOFETAMINE,CHEMBL1201308,CC(C)NC(C)Cc1ccc(I)cc1,303.187,3.220200000000002,1,1,12.03,4,0.8422566341126255,14,0
CHLOPHEDIANOL,CHEMBL1201313,CN(C)CCC(O)(c1ccccc1)c1ccccc1Cl,289.80600000000004,3.5276000000000023,1,2,23.47,5,0.9101481503464451,20,0
VALGANCICLOVIR,CHEMBL1201314,CC(C)[C@H](N)C(=O)OCC(CO)OCn1cnc2c(=O)[nH]c(N)nc21,354.3670000000001,-1.4366999999999974,4,9,171.37,8,0.41429377068433665,25,0
TRICLOFOS,CHEMBL1201317,O=P(O)(O)OCC(Cl)(Cl)Cl,229.38299999999998,1.4658999999999998,2,2,66.76,2,0.5556205275417809,10,0
METARAMINOL,CHEMBL1201319,C[C@H](N)[C@H](O)c1cccc(O)c1,167.20799999999997,0.7728000000000002,3,3,66.48,2,0.6092207315266324,12,0
ESOMEPRAZOLE,CHEMBL1201320,COc1ccc2[nH]c([S@@+]([O-])Cc3ncc(C)c(OC)c3C)nc2c1,345.4240000000001,2.8997400000000013,1,5,83.09,5,0.7189882148938236,24,0
DIFENOXIN,CHEMBL1201321,N#CC(CCN1CCC(C(=O)O)(c2ccccc2)CC1)(c1ccccc1)c1ccccc1,424.54400000000015,5.004780000000005,1,3,64.33,7,0.5793753077150272,32,1
THONZONIUM,CHEMBL1201322,CCCCCCCCCCCCCCCC[N+](C)(C)CCN(Cc1ccc(OC)cc1)c1ncccn1,511.81900000000024,8.049500000000009,0,4,38.25,22,0.11835705048056228,37,2
HEXOCYCLIUM,CHEMBL1201325,C[N+]1(C)CCN(CC(O)(c2ccccc2)C2CCCCC2)CC1,317.49700000000024,2.8465000000000007,1,2,23.47,4,0.8633480387484694,23,0
ACETRIZOIC ACID,CHEMBL1201327,CC(=O)Nc1c(I)cc(I)c(C(=O)O)c1I,556.863,3.157000000000001,2,2,66.4,2,0.5503779197082813,16,1
CARPHENAZINE,CHEMBL1201328,CCC(=O)c1ccc2c(c1)N(CCCN1CCN(CCO)CC1)c1ccccc1S2,425.5980000000002,3.8820000000000032,1,6,47.02000000000001,8,0.6479013320403016,30,0
TRIMETHAPHAN,CHEMBL1201329,O=C1N(Cc2ccccc2)C2C[S+]3CCCC3C2N1Cc1ccccc1,365.52200000000005,3.6559000000000026,0,1,23.550000000000004,4,0.5991495641361972,26,0
GLYCOPYRRONIUM,CHEMBL1201335,C[N+]1(C)CCC(OC(=O)C(O)(c2ccccc2)C2CCCC2)C1,318.43700000000024,2.4562999999999997,1,3,46.53,4,0.6850778093160973,23,0
FOSPHENYTOIN,CHEMBL1201336,O=C1NC(c2ccccc2)(c2ccccc2)C(=O)N1COP(=O)(O)O,362.2780000000001,1.5488,3,4,116.17000000000002,5,0.5489342308438095,25,0
CYCLOPENTOLATE,CHEMBL1201338,CN(C)CCOC(=O)C(c1ccccc1)C1(O)CCCC1,291.39100000000013,2.1801000000000004,1,4,49.769999999999996,6,0.816248731137982,21,0
DIPHEMANIL,CHEMBL1201340,C[N+]1(C)CCC(=C(c2ccccc2)c2ccccc2)CC1,278.4190000000001,4.358700000000004,0,0,0.0,2,0.7160780584944451,21,0
ECHOTHIOPHATE,CHEMBL1201341,CCOP(=O)(OCC)SCC[N+](C)(C)C,256.328,2.6069000000000004,0,4,35.53,8,0.49378909950033995,15,0
METHIXENE,CHEMBL1201342,CN1CCCC(CC2c3ccccc3Sc3ccccc32)C1,309.47800000000007,5.015000000000005,0,2,3.24,2,0.7664689844331225,22,1
TETRADECYL SULFURIC ACID,CHEMBL1201345,CCCCC(CC)CCC(CC(C)C)OS(=O)(=O)O,294.45700000000005,4.217100000000003,1,3,63.60000000000001,11,0.5795128561790757,19,0
BALSALAZIDE,CHEMBL1201346,O=C(O)CCNC(=O)c1ccc(/N=N/c2ccc(O)c(C(=O)O)c2)cc1,357.3220000000001,2.7103,4,6,148.65,7,0.5597716953028343,26,0
ANILERIDINE,CHEMBL1201347,CCOC(=O)C1(c2ccccc2)CCN(CCc2ccc(N)cc2)CC1,352.47800000000007,3.4082000000000017,1,4,55.56,6,0.6393437724099448,26,0
MENADIOL DIPHOSPHORIC ACID,CHEMBL1201348,Cc1cc(OP(=O)(O)O)c2ccccc2c1OP(=O)(O)O,334.15700000000004,2.0912200000000016,4,4,133.52,4,0.6246212085891611,21,0
HEXAFLUORENIUM,CHEMBL1201349,C[N+](C)(CCCCCC[N+](C)(C)C1c2ccccc2-c2ccccc21)C1c2ccccc2-c2ccccc21,502.74600000000027,8.239600000000008,0,0,0.0,9,0.15965918245293767,38,2
DEXCHLORPHENIRAMINE,CHEMBL1201353,CN(C)CC[C@@H](c1ccc(Cl)cc1)c1ccccn1,274.795,3.8186000000000027,0,2,16.130000000000003,5,0.8240069237957237,19,0
TRIDIHEXETHYL,CHEMBL1201354,CC[N+](CC)(CC)CCC(O)(c1ccccc1)C1CCCCC1,318.5250000000002,4.721100000000004,1,1,20.23,8,0.6875795926365253,23,0
METHYLERGONOVINE,CHEMBL1201356,CC[C@@H](CO)NC(=O)[C@@H]1C=C2c3cccc4[nH]cc(c34)C[C@H]2N(C)C1,339.4390000000002,1.9247,3,3,68.36,4,0.7971701178185844,25,0
DESVENLAFAXINE SUCCINATE,CHEMBL1201728,CN(C)CC(c1ccc(O)cc1)C1(O)CCCCC1,263.381,2.7326000000000006,2,3,43.7,4,0.8775816874821688,19,0
DRONEDARONE HYDROCHLORIDE,CHEMBL1201729,CCCCc1oc2ccc(NS(C)(=O)=O)cc2c1C(=O)c1ccc(OCCCN(CCCC)CCCC)cc1,556.7690000000005,7.0490000000000075,1,6,88.85,18,0.13340703621721298,39,2
NEBIVOLOL HYDROCHLORIDE,CHEMBL1201731,OC(CNCC(O)C1CCc2cc(F)ccc2O1)C1CCc2cc(F)ccc2O1,405.44100000000014,2.363600000000001,3,5,70.95,6,0.68846240126238,29,0
PAZOPANIB HYDROCHLORIDE,CHEMBL1201733,Cc1ccc(Nc2nccc(N(C)c3ccc4c(C)n(C)nc4c3)n2)cc1S(N)(=O)=O,437.52900000000017,3.1390400000000005,2,7,119.03,5,0.4921501033338167,31,0
BENDAMUSTINE HYDROCHLORIDE,CHEMBL1201734,Cn1c(CCCC(=O)O)nc2cc(N(CCCl)CCCl)ccc21,358.26900000000006,3.2646000000000024,1,3,58.36000000000001,9,0.6993362755354798,23,0
BUPROPION HYDROBROMIDE,CHEMBL1201735,CC(NC(C)(C)C)C(=O)c1cccc(Cl)c1,239.746,3.2993000000000023,1,2,29.1,3,0.8204937720146613,16,0
NILOTINIB HYDROCHLORIDE MONOHYDRATE,CHEMBL1201740,Cc1cn(-c2cc(NC(=O)c3ccc(C)c(Nc4nccc(-c5cccnc5)n4)c3)cc(C(F)(F)F)c2)cn1,529.5260000000001,6.355840000000005,2,6,97.62,6,0.26585982163254196,39,2
SAXAGLIPTIN HYDROCHLORIDE,CHEMBL1201743,N#C[C@@H]1C[C@@H]2C[C@@H]2N1C(=O)[C@@H](N)C12CC3CC(CC(O)(C3)C1)C2,315.4170000000001,1.157979999999999,2,4,90.35000000000001,2,0.7998067802808753,23,0
CHOLINE FENOFIBRATE,CHEMBL1201745,CC(C)(Oc1ccc(C(=O)c2ccc(Cl)cc2)cc1)C(=O)O,318.75600000000003,3.8130000000000033,1,3,63.60000000000001,5,0.8513366731464941,22,0
PRALATREXATE,CHEMBL1201746,C#CCC(Cc1cnc2nc(N)nc(N)c2n1)c1ccc(C(=O)N[C@@H](CCC(=O)O)C(=O)O)cc1,477.4810000000002,0.9816000000000005,5,9,207.29999999999995,10,0.25993967726809375,35,0
ALCAFTADINE,CHEMBL1201747,CN1CCC(=C2c3ccccc3CCn3c(C=O)cnc32)CC1,307.39700000000005,2.7792000000000012,0,3,38.13,1,0.7604480046242431,23,0
DIFLUPREDNATE,CHEMBL1201749,CCCC(=O)O[C@]1(C(=O)COC(C)=O)CC[C@H]2[C@@H]3C[C@H](F)C4=CC(=O)C=C[C@]4(C)[C@@]3(F)[C@@H](O)C[C@@]21C,508.5580000000002,3.5195000000000025,1,7,106.97000000000001,6,0.5473104243510836,36,1
IXABEPILONE,CHEMBL1201752,C/C(=C\c1csc(C)n1)[C@@H]1C[C@@H]2O[C@]2(C)CCC[C@H](C)[C@H](O)[C@@H](C)C(=O)C(C)(C)[C@@H](O)CC(=O)N1,506.7090000000003,4.050520000000002,3,7,112.05000000000001,2,0.521911808548141,35,1
PITAVASTATIN,CHEMBL1201753,O=C(O)C[C@H](O)C[C@H](O)/C=C/c1c(C2CC2)nc2ccccc2c1-c1ccc(F)cc1,421.4680000000001,4.518100000000003,3,4,90.65,8,0.4975852641991758,31,0
RUFINAMIDE,CHEMBL1201754,NC(=O)c1cn(Cc2c(F)cccc2F)nn1,238.197,0.7035000000000001,1,3,73.80000000000001,3,0.8549954528788274,17,0
BEPOTASTINE,CHEMBL1201758,O=C(O)CCCN1CCC(O[C@@H](c2ccc(Cl)cc2)c2ccccn2)CC1,388.8950000000002,4.170200000000004,1,4,62.66,8,0.7348520845604458,27,0
BEPOTASTINE BESYLATE,CHEMBL1201759,O=C(O)CCCN1CCC(O[C@@H](c2ccc(Cl)cc2)c2ccccn2)CC1,388.8950000000002,4.170200000000004,1,4,62.66,8,0.7348520845604458,27,0
BESIFLOXACIN,CHEMBL1201760,N[C@@H]1CCCCN(c2c(F)cc3c(=O)c(C(=O)O)cn(C4CC4)c3c2Cl)C1,393.8460000000001,3.144700000000001,2,4,88.56,3,0.8358049633327453,27,0
BESIFLOXACIN HYDROCHLORIDE,CHEMBL1201761,N[C@@H]1CCCCN(c2c(F)cc3c(=O)c(C(=O)O)cn(C4CC4)c3c2Cl)C1,393.8460000000001,3.144700000000001,2,4,88.56,3,0.8358049633327453,27,0
FESOTERODINE,CHEMBL1201764,CC(C)C(=O)Oc1ccc(CO)cc1[C@H](CCN(C(C)C)C(C)C)c1ccccc1,411.58600000000007,5.381100000000005,1,4,49.77,10,0.4210996938628835,30,1
FESOTERODINE FUMARATE,CHEMBL1201765,CC(C)C(=O)Oc1ccc(CO)cc1[C@H](CCN(C(C)C)C(C)C)c1ccccc1,411.58600000000007,5.381100000000005,1,4,49.77,10,0.4210996938628835,30,1
FOSPROPOFOL,CHEMBL1201766,CC(C)c1cccc(C(C)C)c1OCOP(=O)(O)O,288.2799999999999,3.379000000000003,2,3,75.99000000000001,6,0.619628936157829,19,0
METHYLNALTREXONE BROMIDE,CHEMBL1201770,C[N+]1(CC2CC2)CC[C@]23c4c5ccc(O)c4O[C@H]2C(=O)CC[C@@]3(O)[C@H]1C5,356.44200000000023,1.6699999999999997,2,4,66.76,2,0.7913895398394191,26,0
PRASUGREL,CHEMBL1201772,CC(=O)Oc1cc2c(s1)CCN(C(C(=O)C1CC1)c1ccccc1F)C2,373.44900000000007,3.8910000000000036,0,5,46.61,5,0.7462318337051916,26,0
PRASUGREL HYDROCHLORIDE,CHEMBL1201773,CC(=O)Oc1cc2c(s1)CCN(C(C(=O)C1CC1)c1ccccc1F)C2,373.44900000000007,3.8910000000000036,0,5,46.61,5,0.7462318337051916,26,0
SAPROPTERIN,CHEMBL1201774,C[C@H](O)[C@H](O)[C@H]1CNc2nc(N)[nH]c(=O)c2N1,241.251,-1.7002000000000006,6,7,136.29,2,0.3628643483841513,17,1
SAPROPTERIN DIHYDROCHLORIDE,CHEMBL1201775,C[C@H](O)[C@H](O)[C@H]1CNc2[nH]c(N)nc(=O)c2N1,241.251,-1.7002000000000006,6,7,136.29,2,0.3628643483841513,17,1
TAPENTADOL,CHEMBL1201776,CC[C@@H](c1cccc(O)c1)[C@@H](C)CN(C)C,221.34399999999997,3.0835000000000017,1,2,23.47,5,0.825629722285547,16,0
TAPENTADOL HYDROCHLORIDE,CHEMBL1201777,CC[C@@H](c1cccc(O)c1)[C@@H](C)CN(C)C,221.34399999999997,3.0835000000000017,1,2,23.47,5,0.825629722285547,16,0
CARGLUMIC ACID,CHEMBL1201780,NC(=O)N[C@@H](CCC(=O)O)C(=O)O,190.155,-1.0273000000000003,4,3,129.72,5,0.440139170210041,13,0
FOSAPREPITANT DIMEGLUMINE,CHEMBL1201782,C[C@@H](O[C@H]1OCCN(Cc2nn(P(=O)(O)O)c(=O)[nH]2)[C@H]1c1ccc(F)cc1)c1cc(C(F)(F)F)cc(C(F)(F)F)c1,614.4110000000003,4.366300000000003,3,6,129.91,7,0.2645675860464442,41,1
HEXAMINOLEVULINATE,CHEMBL1201784,CCCCCCOC(=O)CCC(=O)CN,215.29299999999995,1.4179,1,4,69.39,9,0.46621945601390585,15,0
HEXAMINOLEVULINATE HYDROCHLORIDE,CHEMBL1201785,CCCCCCOC(=O)CCC(=O)CN,215.29299999999995,1.4179,1,4,69.39,9,0.46621945601390585,15,0
LAPYRIUM,CHEMBL1201786,CCCCCCCCCCCC(=O)OCCNC(=O)C[n+]1ccccc1,363.52200000000005,3.554400000000001,1,3,59.28,15,0.29443582790845946,26,0
LAPYRIUM CHLORIDE,CHEMBL1201787,CCCCCCCCCCCC(=O)OCCNC(=O)C[n+]1ccccc1,363.52200000000005,3.554400000000001,1,3,59.28,15,0.29443582790845946,26,0
RIBOFLAVIN 5'-PHOSPHATE,CHEMBL1201794,Cc1cc2nc3c(=O)[nH]c(=O)nc-3n(C[C@H](O)[C@H](O)[C@H](O)COP(=O)(O)O)c2cc1C,456.3480000000002,-1.6065599999999995,6,9,208.08999999999997,7,0.17602034933594105,31,1
DEXLANSOPRAZOLE,CHEMBL1201863,Cc1c(OCC(F)(F)F)ccnc1C[S@@+]([O-])c1nc2ccccc2[nH]1,369.3680000000001,3.515220000000001,1,4,73.86,5,0.6986390031308142,25,0
DIENOGEST,CHEMBL1201864,C[C@]12CCC3=C4CCC(=O)C=C4CC[C@H]3[C@@H]1CC[C@@]2(O)CC#N,311.425,3.8371800000000027,1,3,61.089999999999996,1,0.8001121130289811,23,0
DEFLAZACORT,CHEMBL1201891,CC(=O)OCC(=O)[C@@]12N=C(C)O[C@@H]1C[C@H]1[C@@H]3CCC4=CC(=O)C=C[C@]4(C)[C@H]3[C@@H](O)C[C@@]12C,441.5240000000002,2.5632,1,7,102.26,3,0.6756078663027947,32,0
GEPIRONE HYDROCHLORIDE,CHEMBL1204187,CC1(C)CC(=O)N(CCCCN2CCN(c3ncccn3)CC2)C(=O)C1,359.47400000000016,1.5539999999999996,0,6,69.64000000000001,6,0.5670068538462075,26,0
PARECOXIB,CHEMBL1206690,CCC(=O)NS(=O)(=O)c1ccc(-c2c(-c3ccccc3)noc2C)cc1,370.43000000000006,3.531920000000002,1,5,89.27,5,0.7419803073587753,26,0
ELAGOLIX,CHEMBL1208155,COc1cccc(-c2c(C)n(Cc3c(F)cccc3C(F)(F)F)c(=O)n(C[C@H](NCCCC(=O)O)c3ccccc3)c2=O)c1F,631.5980000000003,5.535020000000003,2,5,102.56,12,0.15748221918541105,45,2
THEOPHYLLINE GLYCINATE,CHEMBL1208646,Cn1c(=O)c2[nH]cnc2n(C)c1=O,180.16699999999997,-1.0397000000000005,1,3,72.68,0,0.5624722357827983,13,0
DOLUTEGRAVIR SODIUM,CHEMBL1213165,C[C@@H]1CCO[C@H]2Cn3cc(C(=O)NCc4ccc(F)cc4F)c(=O)c(O)c3C(=O)N12,419.3840000000002,1.3528,2,5,100.86999999999999,3,0.7824608276704148,30,0
CEFTOLOZANE SULFATE,CHEMBL1213250,Cn1c(N)c(NC(=O)NCCN)c[n+]1CC1=C(C(=O)O)N2C(=O)[C@@H](NC(=O)/C(=N\OC(C)(C)C(=O)[O-])c3nsc(N)n3)[C@H]2SC1,666.703,-3.9032999999999953,7,15,302.2099999999999,12,0.0493062149363051,45,3
CLORAZEPIC ACID,CHEMBL1213252,O=C(O)C1N=C(c2ccccc2)c2cc(Cl)ccc2NC1=O,314.72800000000007,2.5827,2,3,78.75999999999999,2,0.8362062788567832,22,0
GIVINOSTAT,CHEMBL1213492,CCN(CC)Cc1ccc2cc(COC(=O)Nc3ccc(C(=O)NO)cc3)ccc2c1,421.49700000000007,4.549300000000003,3,5,90.9,8,0.36667418670337965,31,0
PERAMPANEL,CHEMBL1214124,N#Cc1ccccc1-c1cc(-c2ccccn2)cn(-c2ccccc2)c1=O,349.3930000000001,4.4381800000000045,0,3,58.68,3,0.5493442133854947,27,0
DEXTROSE,CHEMBL1222250,OC[C@H]1OC(O)[C@H](O)[C@@H](O)[C@@H]1O,180.156,-3.2214000000000005,5,6,110.38000000000001,1,0.29015285452995804,12,0
DOLUTEGRAVIR,CHEMBL1229211,C[C@@H]1CCO[C@H]2Cn3cc(C(=O)NCc4ccc(F)cc4F)c(=O)c(O)c3C(=O)N12,419.3840000000002,1.3528,2,5,100.86999999999999,3,0.7824608276704148,30,0
VEMURAFENIB,CHEMBL1229517,CCCS(=O)(=O)Nc1ccc(F)c(C(=O)c2c[nH]c3ncc(-c4ccc(Cl)cc4)cc23)c1F,489.9310000000001,5.544200000000004,2,4,91.92,7,0.33309063319660087,33,1
ESTETROL ANHYDROUS,CHEMBL1230314,C[C@]12CC[C@@H]3c4ccc(O)cc4CC[C@H]3[C@@H]1[C@@H](O)[C@@H](O)[C@@H]2O,304.38599999999997,1.5507999999999988,4,4,80.92,0,0.5861178147244706,22,0
LEVOMEFOLIC ACID,CHEMBL1231574,CN1c2c([nH]c(N)nc2=O)NC[C@@H]1CNc1ccc(C(=O)N[C@@H](CCC(=O)O)C(=O)O)cc1,459.46300000000025,-0.25769999999999715,7,9,202.76999999999995,9,0.26022195119447666,33,1
DOBESILIC ACID,CHEMBL1232131,O=S(=O)(O)c1cc(O)ccc1O,190.176,0.34449999999999986,3,4,94.83000000000001,1,0.4382517397742466,12,0
TARTARIC ACID,CHEMBL1236315,O=C(O)[C@H](O)[C@@H](O)C(=O)O,150.08599999999998,-2.1226,4,4,115.06000000000002,3,0.3652291848585975,10,0
XYLOSE,CHEMBL1236821,O=C[C@H](O)[C@@H](O)[C@H](O)CO,150.12999999999997,-2.7397000000000005,4,5,97.99000000000001,4,0.3258384035161683,10,0
LURASIDONE,CHEMBL1237021,O=C1[C@@H]2[C@H]3CC[C@H](C3)[C@@H]2C(=O)N1C[C@@H]1CCCC[C@H]1CN1CCN(c2nsc3ccccc23)CC1,492.68900000000025,4.255800000000003,0,6,56.75000000000001,5,0.5841691518377902,35,0
TRAMADOL,CHEMBL1237044,COc1cccc(C2(O)CCCCC2CN(C)C)c1,263.3809999999999,2.6346000000000007,1,3,32.7,4,0.9061758690933457,19,0
HYDROMORPHONE HYDROCHLORIDE,CHEMBL1237055,CN1CC[C@]23c4c5ccc(O)c4O[C@H]2C(=O)CC[C@H]3[C@H]1C5,285.34299999999996,1.6302999999999999,1,4,49.77,0,0.7869335307088955,21,0
PITAVASTATIN CALCIUM,CHEMBL1237061,O=C(O)C[C@H](O)C[C@H](O)/C=C/c1c(C2CC2)nc2ccccc2c1-c1ccc(F)cc1,421.4680000000001,4.518100000000003,3,4,90.65,8,0.4975852641991758,31,0
TRAMADOL HYDROCHLORIDE,CHEMBL1237065,COc1cccc(C2(O)CCCCC2CN(C)C)c1,263.3809999999999,2.6346000000000007,1,3,32.7,4,0.9061758690933457,19,0
CALCIUM GLUCEPTATE,CHEMBL1237066,O=C(O)C(O)[C@H](O)[C@@H](O)[C@H](O)[C@H](O)CO,226.181,-4.132199999999999,7,7,158.68,6,0.24027637505725433,15,1
GRANISETRON HYDROCHLORIDE,CHEMBL1237080,CN1C2CCCC1CC(NC(=O)c1nn(C)c3ccccc13)C2,312.4170000000001,2.3183999999999996,1,3,50.160000000000004,2,0.9256729590726124,23,0
MECAMYLAMINE HYDROCHLORIDE,CHEMBL1237082,CNC1(C)C2CCC(C2)C1(C)C,167.296,2.4206000000000003,1,1,12.03,1,0.632181599279575,12,0
LEVOCABASTINE HYDROCHLORIDE,CHEMBL1237102,C[C@@H]1CN([C@H]2CC[C@](C#N)(c3ccc(F)cc3)CC2)CC[C@]1(C(=O)O)c1ccccc1,420.5280000000002,4.894080000000004,1,3,64.33,4,0.7645771813481719,31,0
CARBOPROST TROMETHAMINE,CHEMBL1237105,CCCCC[C@](C)(O)/C=C/[C@@H]1[C@@H](C/C=C\CCCC(=O)O)[C@@H](O)C[C@H]1O,368.51400000000007,3.433000000000002,4,4,97.99000000000001,12,0.3124406063054443,26,0
TREPROSTINIL,CHEMBL1237119,CCCCC[C@H](O)CC[C@@H]1[C@H]2Cc3cccc(OCC(=O)O)c3C[C@H]2C[C@H]1O,390.5200000000002,3.583200000000003,3,4,86.99000000000001,10,0.5316657232858427,28,0
CARBOPROST,CHEMBL1237122,CCCCC[C@](C)(O)/C=C/[C@@H]1[C@@H](C/C=C\CCCC(=O)O)[C@@H](O)C[C@H]1O,368.51400000000007,3.433000000000002,4,4,97.99000000000001,12,0.3124406063054443,26,0
CLEVIDIPINE,CHEMBL1237132,CCCC(=O)OCOC(=O)C1=C(C)NC(C)=C(C(=O)OC)C1c1cccc(Cl)c1Cl,456.3220000000001,4.245200000000003,1,7,90.92999999999999,7,0.48477331260825746,30,0
MAPROTILINE HYDROCHLORIDE,CHEMBL1237135,CNCCCC12CCC(c3ccccc31)c1ccccc12,277.41100000000006,4.211400000000004,1,1,12.03,4,0.8254375445230729,21,0
LETERMOVIR,CHEMBL1241951,COc1cccc(N2CCN(C3=Nc4c(F)cccc4[C@H](CC(=O)O)N3c3cc(C(F)(F)F)ccc3OC)CC2)c1,572.559,5.707400000000006,1,7,77.84,6,0.37956753727705383,41,2
LEVALLORPHAN,CHEMBL1254682,C=CCN1CC[C@]23CCCC[C@H]2[C@H]1Cc1ccc(O)cc13,283.415,3.6366000000000023,1,2,23.47,2,0.8377375629702639,21,0
TETRACAINE HYDROCHLORIDE,CHEMBL1255654,CCCCNc1ccc(C(=O)OCCN(C)C)cc1,264.3689999999999,2.617000000000001,1,4,41.57,8,0.5786881428918659,19,0
PIRFENIDONE,CHEMBL1256391,Cc1ccc(=O)n(-c2ccccc2)c1,185.22600000000003,2.1459200000000003,0,1,22.0,1,0.6668204072157461,14,0
XYLOMETAZOLINE HYDROCHLORIDE,CHEMBL1256400,Cc1cc(C(C)(C)C)cc(C)c1CC1=NCCN1,244.38199999999995,3.1451400000000014,1,2,24.39,2,0.8488884472652752,18,0
FORMOTEROL,CHEMBL1256786,COc1ccc(CC(C)NCC(O)c2ccc(O)c(NC=O)c2)cc1,344.41100000000006,2.2233,4,5,90.82,9,0.4136022576828499,25,0
DEXTROMETHORPHAN HYDROBROMIDE,CHEMBL1256818,COc1ccc2c(c1)[C@]13CCCC[C@@H]1[C@H](C2)N(C)CC3,271.404,3.3834000000000026,0,2,12.47,1,0.7761322150181272,20,0
EPINEPHRINE BITARTRATE,CHEMBL1256958,CNC[C@H](O)c1ccc(O)c(O)c1,183.207,0.35060000000000013,4,4,72.72,3,0.5101568892419974,13,0
FUSIDATE SODIUM,CHEMBL1256987,CC(=O)O[C@H]1C[C@@]2(C)[C@@H](C[C@@H](O)[C@H]3[C@@]4(C)CC[C@@H](O)[C@@H](C)[C@@H]4CC[C@@]32C)/C1=C(\CCC=C(C)C)C(=O)O,516.7190000000004,5.6661000000000055,3,5,104.06000000000002,5,0.24722169401317395,37,2
PICOTAMIDE,CHEMBL1257015,COc1ccc(C(=O)NCc2cccnc2)cc1C(=O)NCc1cccnc1,376.4160000000001,2.3452,2,5,93.21,7,0.660217107340261,28,0
TRIFLUOPERAZINE HYDROCHLORIDE,CHEMBL1257040,CN1CCN(CCCN2c3ccccc3Sc3ccc(C(F)(F)F)cc32)CC1,407.50500000000017,4.945600000000005,0,4,9.72,4,0.7094782580960448,28,0
TEDIZOLID,CHEMBL1257051,Cn1nnc(-c2ccc(-c3ccc(N4C[C@H](CO)OC4=O)cc3F)cn2)n1,370.34400000000005,1.3957,1,7,106.26000000000002,4,0.7396454416164582,27,0
TECOVIRIMAT,CHEMBL1257073,O=C(NN1C(=O)[C@@H]2[C@@H]3C=C[C@@H]([C@H]4C[C@@H]34)[C@@H]2C1=O)c1ccc(C(F)(F)F)cc1,376.334,2.4033000000000007,1,3,66.48,2,0.6368222948475758,27,0
SOFOSBUVIR,CHEMBL1259059,CC(C)OC(=O)[C@H](C)N[P@](=O)(OC[C@H]1O[C@@H](n2ccc(=O)[nH]c2=O)[C@](C)(F)[C@@H]1O)Oc1ccccc1,529.4580000000002,1.6565000000000003,3,9,158.17999999999995,10,0.30528322976796235,36,1
EDOXABAN,CHEMBL1269025,CN1CCc2nc(C(=O)N[C@@H]3C[C@@H](C(=O)N(C)C)CC[C@@H]3NC(=O)C(=O)Nc3ccc(Cl)cn3)sc2C1,548.0690000000001,1.2896000000000014,3,8,136.63,5,0.4796796282412841,37,1
MIFEPRISTONE,CHEMBL1276308,CC#C[C@]1(O)CC[C@H]2[C@@H]3CCC4=CC(=O)CCC4=C3[C@@H](c3ccc(N(C)C)cc3)C[C@@]21C,429.6040000000001,5.406500000000006,1,3,40.54,2,0.6395257442251707,32,1
FEDRATINIB,CHEMBL1287853,Cc1cnc(Nc2ccc(OCCN3CCCC3)cc2)nc1Nc1cccc(S(=O)(=O)NC(C)(C)C)c1,524.6910000000001,4.823620000000004,3,8,108.48000000000002,10,0.3463330582394302,37,1
TIVOZANIB,CHEMBL1289494,COc1cc2nccc(Oc3ccc(NC(=O)Nc4cc(C)on4)c(Cl)c3)c2cc1OC,454.8700000000003,5.6381200000000025,2,7,107.74000000000001,6,0.38787036915829415,32,1
LENVATINIB,CHEMBL1289601,COc1cc2nccc(Oc3ccc(NC(=O)NC4CC4)c(Cl)c3)c2cc1C(N)=O,426.8600000000003,4.071900000000002,3,5,115.57,6,0.5490365970627805,30,0
AXITINIB,CHEMBL1289926,CNC(=O)c1ccccc1Sc1ccc2c(/C=C/c3ccccn3)n[nH]c2c1,386.48,4.639100000000004,2,4,70.67,5,0.5241908173512972,28,0
PROCHLORPERAZINE MALEATE,CHEMBL1314751,CN1CCN(CCCN2c3ccccc3Sc3ccc(Cl)cc32)CC1,373.95300000000015,4.580200000000004,0,4,9.72,4,0.775124662295156,25,0
TERBUTALINE SULFATE,CHEMBL1315867,CC(C)(C)NCC(O)c1cc(O)cc(O)c1,225.288,1.5192999999999997,4,4,72.72,3,0.6290731330689312,16,0
PENTOLINIUM TARTRATE,CHEMBL1318287,C[N+]1(CCCCC[N+]2(C)CCCC2)CCCC1,240.4349999999999,2.637500000000001,0,0,0.0,6,0.49447922099971825,17,0
BROMHEXINE HYDROCHLORIDE,CHEMBL1319139,CN(Cc1cc(Br)cc(Br)c1N)C1CCCCC1,376.13600000000025,4.558300000000004,1,2,29.259999999999998,3,0.784348333258534,18,0
HOMATROPINE HYDROBROMIDE,CHEMBL1319362,CN1[C@@H]2CC[C@H]1C[C@@H](OC(=O)C(O)c1ccccc1)C2,275.34800000000007,1.8883999999999996,1,4,49.769999999999996,3,0.85588008409094,20,0
MOLSIDOMINE,CHEMBL1329455,CCOC(=O)[N-]c1c[n+](N2CCOCC2)no1,242.23499999999993,0.09200000000000008,0,6,82.78000000000002,3,0.6985325432291589,17,0
METHSCOPOLAMINE BROMIDE,CHEMBL1354199,C[N+]1(C)[C@@H]2C[C@@H](OC(=O)[C@H](CO)c3ccccc3)C[C@H]1[C@@H]1O[C@@H]12,318.3930000000001,1.0626999999999995,1,4,59.06,4,0.5123331583066539,23,0
AMODIAQUINE HYDROCHLORIDE,CHEMBL1357648,CCN(CC)Cc1cc(Nc2ccnc3cc(Cl)ccc23)ccc1O,355.8690000000001,5.179200000000004,2,4,48.39,6,0.5980257885078599,25,1
METHYLPREDNISOLONE ACETATE,CHEMBL1364144,CC(=O)OCC(=O)[C@@]1(O)CC[C@H]2[C@@H]3C[C@H](C)C4=CC(=O)C=C[C@]4(C)[C@H]3[C@@H](O)C[C@@]21C,416.5140000000002,2.3744000000000005,2,6,100.90000000000002,3,0.6853079587762,30,0
RITODRINE HYDROCHLORIDE,CHEMBL1367605,CC(NCCc1ccc(O)cc1)C(O)c1ccc(O)cc1,287.35900000000004,2.3520000000000003,4,4,72.72,6,0.6579030127323875,21,0
NICERGOLINE,CHEMBL1372950,CO[C@]12C[C@@H](COC(=O)c3cncc(Br)c3)CN(C)[C@@H]1Cc1cn(C)c3cccc2c13,484.39400000000023,3.9109000000000034,0,5,56.59,4,0.5260919891622707,31,0
BENZONATATE,CHEMBL1374379,CCCCNc1ccc(C(=O)OCCOCCOCCOCCOCCOCCOCCOCCOCCOC)cc1,603.7500000000003,2.8346000000000036,1,12,121.40000000000003,32,0.09628584931126413,42,2
ZIPRASIDONE HYDROCHLORIDE,CHEMBL1375743,O=C1Cc2cc(CCN3CCN(c4nsc5ccccc45)CC3)c(Cl)cc2N1,412.9460000000002,3.809000000000002,1,5,48.470000000000006,4,0.7074872979003035,28,0
"SULFADIAZINE, SILVER",CHEMBL1382627,Nc1ccc(S(=O)(=O)Nc2ncccn2)cc1,250.28300000000004,0.8596000000000001,2,5,97.97,3,0.7871395577774678,17,0
AMILORIDE HYDROCHLORIDE,CHEMBL1398126,N=C(N)NC(=O)c1nc(Cl)c(N)nc1N,229.63099999999997,-1.0823299999999998,5,6,156.79,1,0.3043612043102547,15,0
NEFOPAM HYDROCHLORIDE,CHEMBL1407915,CN1CCOC(c2ccccc2)c2ccccc2C1,253.345,3.238000000000002,0,2,12.47,1,0.7733298315151295,19,0
MITOXANTRONE HYDROCHLORIDE,CHEMBL1417019,O=C1c2c(O)ccc(O)c2C(=O)c2c(NCCNCCO)ccc(NCCNCCO)c21,444.4880000000002,-0.13919999999999944,8,10,163.17999999999998,12,0.13931677804751477,32,1
NOREPINEPHRINE BITARTRATE,CHEMBL1434513,NC[C@H](O)c1ccc(O)c(O)c1,169.17999999999998,0.08989999999999998,4,4,86.71000000000001,2,0.4724272074622585,12,0
ALBUTEROL SULFATE,CHEMBL1441059,CC(C)(C)NCC(O)c1ccc(O)c(CO)c1,239.315,1.3059999999999998,4,4,72.72,4,0.6389509580864461,17,0
MEBEVERINE HYDROCHLORIDE,CHEMBL1446650,CCN(CCCCOC(=O)c1ccc(OC)c(OC)c1)C(C)Cc1ccc(OC)cc1,429.5570000000002,4.6025000000000045,0,6,57.230000000000004,13,0.3425485431401951,31,0
BETAHISTINE HYDROCHLORIDE,CHEMBL1446813,CNCCc1ccccn1,136.19799999999995,0.8434999999999999,1,2,24.92,3,0.6658018289589027,10,0
FLUPHENAZINE HYDROCHLORIDE,CHEMBL1448187,OCCN1CCN(CCCN2c3ccccc3Sc3ccc(C(F)(F)F)cc32)CC1,437.5310000000002,4.308100000000003,1,5,29.950000000000003,6,0.7278115473639667,30,0
ORNIDAZOLE,CHEMBL1449676,Cc1ncc([N+](=O)[O-])n1CC(O)CCl,219.628,0.6994199999999999,1,4,81.19,4,0.45920678237514917,14,0
BISOPROLOL FUMARATE,CHEMBL1472989,CC(C)NCC(O)COc1ccc(COCCOC(C)C)cc1,325.449,2.3659,2,5,59.95,12,0.5778484804828311,23,0
NOMEGESTROL ACETATE,CHEMBL1476022,CC(=O)O[C@]1(C(C)=O)CC[C@H]2[C@@H]3C=C(C)C4=CC(=O)CC[C@@H]4[C@H]3CC[C@@]21C,370.4890000000002,4.185200000000004,0,4,60.440000000000005,2,0.6841275510138303,27,0
DOCUSATE,CHEMBL1477036,CCCCC(CC)COC(=O)CC(C(=O)OCC(CC)CCCC)S(=O)(=O)O,422.58400000000023,4.1521000000000035,1,6,106.97000000000001,16,0.2939392891905057,28,0
MEPTAZINOL HYDROCHLORIDE,CHEMBL1477274,CCC1(c2cccc(O)c2)CCCCN(C)C1,233.3549999999999,3.1557000000000013,1,2,23.47,2,0.8478904413597521,17,0
CYCLANDELATE,CHEMBL1480987,CC1CC(OC(=O)C(O)c2ccccc2)CC(C)(C)C1,276.37600000000003,3.4780000000000024,1,3,46.53,3,0.8597388448871666,20,0
DOTHIEPIN,CHEMBL1492500,CN(C)CC/C=C1\c2ccccc2CSc2ccccc21,295.451,4.675700000000004,0,2,3.24,3,0.8088707188299813,21,0
PIPERIDOLATE HYDROCHLORIDE,CHEMBL1511957,CCN1CCCC(OC(=O)C(c2ccccc2)c2ccccc2)C1,323.4360000000001,3.8460000000000027,0,3,29.54,5,0.7829507588925876,24,0
ETHAMSYLATE,CHEMBL1514715,O=S(=O)(O)c1cc(O)ccc1O,190.176,0.34449999999999986,3,4,94.83000000000001,1,0.4382517397742466,12,0
EPHEDRINE SULFATE,CHEMBL1523964,CN[C@@H](C)[C@H](O)c1ccccc1,165.236,1.3278999999999999,2,2,32.26,3,0.7078187228911748,12,0
SULFALENE,CHEMBL1525826,COc1nccnc1NS(=O)(=O)c1ccc(N)cc1,280.30899999999997,0.8681999999999999,2,6,107.2,4,0.8045216732232587,19,0
BENZYDAMINE HYDROCHLORIDE,CHEMBL1528134,CN(C)CCCOc1nn(Cc2ccccc2)c2ccccc12,309.413,3.4151000000000016,0,3,30.29,7,0.6265558693074326,23,0
DEXAMETHASONE ACETATE,CHEMBL1530428,CC(=O)OCC(=O)[C@@]1(O)[C@H](C)C[C@H]2[C@@H]3CCC4=CC(=O)C=C[C@]4(C)[C@@]3(F)[C@@H](O)C[C@@]21C,434.5040000000002,2.466500000000001,2,6,100.90000000000002,3,0.6621165611785135,31,0
PIRENZEPINE HYDROCHLORIDE,CHEMBL1531864,CN1CCN(CC(=O)N2c3ccccc3C(=O)Nc3cccnc32)CC1,351.41000000000014,1.5593999999999992,1,5,68.78,2,0.8892761172918336,26,0
XANTHINOL NIACINATE,CHEMBL1560089,CN(CCO)CC(O)Cn1cnc2c1c(=O)n(C)c(=O)n2C,311.34200000000004,-2.281299999999997,2,6,105.52000000000001,6,0.6224968110351147,22,0
MECLOFENAMATE SODIUM,CHEMBL1562610,Cc1ccc(Cl)c(Nc2ccccc2C(=O)O)c1Cl,296.153,4.743620000000003,2,2,49.33,3,0.8594044841056042,19,0
OMEPRAZOLE MAGNESIUM,CHEMBL1567328,COc1ccc2[nH]c([S+]([O-])Cc3ncc(C)c(OC)c3C)nc2c1,345.4240000000001,2.8997400000000013,1,5,83.09,5,0.7189882148938236,24,0
NAFCILLIN SODIUM,CHEMBL1568276,CCOc1ccc2ccccc2c1C(=O)N[C@@H]1C(=O)N2[C@@H]1SC(C)(C)[C@@H]2C(=O)O,414.4830000000001,2.4837999999999996,2,5,95.94000000000001,5,0.7301048006129894,29,0
GANAXOLONE,CHEMBL1568698,CC(=O)[C@H]1CC[C@H]2[C@@H]3CC[C@H]4C[C@](C)(O)CC[C@]4(C)[C@H]3CC[C@]12C,332.5280000000001,4.985300000000005,1,2,37.3,1,0.7346190222392027,24,0
ISOCONAZOLE,CHEMBL1571863,Clc1ccc(C(Cn2ccnc2)OCc2c(Cl)cccc2Cl)c(Cl)c1,416.1350000000001,6.454800000000002,0,2,27.05,6,0.4616906207935435,25,1
DEBRISOQUIN SULFATE,CHEMBL1593558,N=C(N)N1CCc2ccccc2C1,175.23499999999999,0.9381699999999995,2,1,53.11000000000001,0,0.4551591876631269,13,0
LEVOPROPOXYPHENE NAPSYLATE,CHEMBL1593906,CCC(=O)O[C@@](Cc1ccccc1)(c1ccccc1)[C@@H](C)CN(C)C,339.47900000000016,4.275500000000004,0,3,29.54,8,0.6725578996267864,25,0
PYRANTEL PAMOATE,CHEMBL1599768,O=C(O)c1cc2ccccc2c(Cc2c(O)c(C(=O)O)cc3ccccc23)c1O,388.37500000000006,4.391400000000003,4,4,115.06,4,0.412099486388785,29,0
ALFACALCIDOL,CHEMBL1601669,C=C1/C(=C\C=C2/CCC[C@]3(C)[C@@H]([C@H](C)CCCC(C)C)CC[C@@H]23)C[C@@H](O)C[C@@H]1O,400.64700000000016,6.589800000000009,2,2,40.46,6,0.5277905059697585,29,1
CETIRIZINE HYDROCHLORIDE,CHEMBL1607273,O=C(O)COCCN1CCN(C(c2ccccc2)c2ccc(Cl)cc2)CC1,388.8950000000002,3.148200000000002,1,4,53.010000000000005,8,0.7038936958101741,27,0
OXYTETRACYCLINE HYDROCHLORIDE,CHEMBL1607480,CN(C)[C@@H]1C(O)=C(C(N)=O)C(=O)[C@@]2(O)C(O)=C3C(=O)c4c(O)cccc4[C@@](C)(O)[C@H]3[C@H](O)[C@@H]12,460.43900000000014,-1.2435999999999974,7,10,201.84999999999997,2,0.26155458511612795,33,1
SELUMETINIB,CHEMBL1614701,Cn1cnc2c(F)c(Nc3ccc(Br)cc3Cl)c(C(=O)NOCCO)cc21,457.68700000000024,3.5256000000000016,3,5,88.41000000000001,6,0.38928565430938894,27,0
DABIGATRAN ETEXILATE MESYLATE,CHEMBL1615369,CCCCCCOC(=O)NC(=N)c1ccc(NCc2nc3cc(C(=O)N(CCC(=O)OCC)c4ccccn4)ccc3n2C)cc1,627.7460000000003,5.812270000000005,3,9,151.52999999999997,15,0.06462972023778543,46,2
LEVOMEFOLATE CALCIUM,CHEMBL1615371,CN1c2c([nH]c(N)nc2=O)NC[C@@H]1CNc1ccc(C(=O)N[C@@H](CCC(=O)O)C(=O)O)cc1,459.46300000000025,-0.25769999999999715,7,9,202.76999999999995,9,0.26022195119447666,33,1
LURASIDONE HYDROCHLORIDE,CHEMBL1615372,O=C1[C@@H]2[C@H]3CC[C@H](C3)[C@@H]2C(=O)N1C[C@@H]1CCCC[C@H]1CN1CCN(c2nsc3ccccc23)CC1,492.68900000000025,4.255800000000003,0,6,56.75000000000001,5,0.5841691518377902,35,0
VILAZODONE HYDROCHLORIDE,CHEMBL1615374,N#Cc1ccc2[nH]cc(CCCCN3CCN(c4ccc5oc(C(N)=O)cc5c4)CC3)c2c1,441.5350000000002,4.029580000000003,2,5,102.28999999999999,7,0.42169344518712,33,0
LEVOCABASTINE,CHEMBL1615438,C[C@@H]1CN([C@H]2CC[C@](C#N)(c3ccc(F)cc3)CC2)CC[C@]1(C(=O)O)c1ccccc1,420.5280000000002,4.894080000000004,1,3,64.33,4,0.7645771813481719,31,0
IOBENGUANE I 131,CHEMBL1615779,N=C(N)NCc1cccc([131I])c1,279.09512459999996,1.27427,3,1,61.900000000000006,2,0.433567726429014,12,0
HOMATROPINE,CHEMBL1618018,CN1[C@@H]2CC[C@H]1C[C@@H](OC(=O)C(O)c1ccccc1)C2,275.34800000000007,1.8883999999999996,1,4,49.769999999999996,3,0.85588008409094,20,0
IPRATROPIUM,CHEMBL1621597,CC(C)[N+]1(C)[C@@H]2CC[C@H]1C[C@@H](OC(=O)C(CO)c1ccccc1)C2,332.464,2.8541000000000016,1,3,46.53,5,0.6661029067869589,24,0
PIPERIDOLATE,CHEMBL1623992,CCN1CCCC(OC(=O)C(c2ccccc2)c2ccccc2)C1,323.4360000000001,3.8460000000000027,0,3,29.54,5,0.7829507588925876,24,0
XANTHINOL,CHEMBL1624126,CN(CCO)CC(O)Cn1cnc2c1c(=O)n(C)c(=O)n2C,311.34200000000004,-2.281299999999997,2,6,105.52000000000001,6,0.6224968110351147,22,0
PYRANTEL,CHEMBL1626223,CN1CCCN=C1/C=C/c1cccs1,206.31400000000002,2.4953000000000003,0,3,15.6,2,0.7256113121247147,14,0
HEXOCYCLIUM METHYLSULFATE,CHEMBL1626570,C[N+]1(C)CCN(CC(O)(c2ccccc2)C2CCCCC2)CC1,317.49700000000024,2.8465000000000007,1,2,23.47,4,0.8633480387484694,23,0
FLUOROESTRADIOL,CHEMBL1627367,C[C@]12CC[C@@H]3c4ccc(O)cc4CC[C@H]3[C@@H]1C[C@@H](F)[C@@H]2O,290.378,3.557200000000002,2,2,40.46,0,0.7667792129251269,21,0
DOXEPIN,CHEMBL1628227,CN(C)CCC=C1c2ccccc2COc2ccccc21,279.383,3.9624000000000033,0,2,12.47,3,0.8428637069733037,21,0
FLUORESCEIN SODIUM,CHEMBL1628233,O=C(O)c1ccccc1-c1c2ccc(=O)cc-2oc2cc(O)ccc12,332.31100000000004,3.9686000000000012,2,4,87.74,2,0.5423525515473746,25,0
DOXEPIN HYDROCHLORIDE,CHEMBL1628234,CN(C)CCC=C1c2ccccc2COc2ccccc21,279.383,3.9624000000000033,0,2,12.47,3,0.8428637069733037,21,0
PROCAINE BENZYLPENICILLIN,CHEMBL1628385,CC1(C)S[C@@H]2[C@H](NC(=O)Cc3ccccc3)C(=O)N2[C@H]1C(=O)O,334.39700000000005,0.8607999999999998,2,4,86.71000000000001,4,0.7977632704521287,23,0
GABAPENTIN ENACARBIL,CHEMBL1628502,CC(OC(=O)NCC1(CC(=O)O)CCCCC1)OC(=O)C(C)C,329.39300000000003,2.683,2,5,101.93,7,0.549791661112407,23,0
RILPIVIRINE HYDROCHLORIDE,CHEMBL1628504,Cc1cc(/C=C/C#N)cc(C)c1Nc1ccnc(Nc2ccc(C#N)cc2)n1,366.4280000000001,4.989100000000003,2,6,97.42,5,0.6174794624332792,28,0
FEXINIDAZOLE,CHEMBL1631694,CSc1ccc(OCc2ncc([N+](=O)[O-])n2C)cc1,279.32099999999997,2.629200000000001,0,5,70.19,5,0.4777865565414021,19,0
RAMOSETRON,CHEMBL1643895,Cn1cc(C(=O)[C@@H]2CCc3[nH]cnc3C2)c2ccccc21,279.343,2.8892000000000015,1,2,50.68,2,0.7332734493962786,21,0
TRELAGLIPTIN,CHEMBL1650443,Cn1c(=O)cc(N2CCC[C@@H](N)C2)n(Cc2cc(F)ccc2C#N)c1=O,357.38900000000007,0.5335800000000002,1,5,97.05000000000001,3,0.8644112830109949,26,0
PLAZOMICIN,CHEMBL1650559,CN[C@@H]1[C@@H](O)[C@@H](O[C@@H]2[C@@H](O)[C@H](O[C@H]3OC(CNCCO)=CC[C@H]3N)[C@@H](N)C[C@H]2NC(=O)[C@@H](O)CCN)OC[C@]1(C)O,592.6910000000003,-5.361100000000009,11,15,269.29,13,0.08911788188831485,41,3
AMDINOCILLIN PIVOXIL,CHEMBL1650818,CC(C)(C)C(=O)OCOC(=O)[C@@H]1N2C(=O)[C@@H](/N=C/N3CCCCCC3)[C@H]2SC1(C)C,439.5780000000003,2.4116,0,7,88.50999999999999,5,0.21365479686795516,30,0
FENTICONAZOLE,CHEMBL1651990,Clc1ccc(C(Cn2ccnc2)OCc2ccc(Sc3ccccc3)cc2)c(Cl)c1,455.4100000000001,7.299200000000004,0,3,27.05,8,0.2789962154102906,30,1
CEFTOBIPROLE MEDOCARIL FREE ACID,CHEMBL1652606,Cc1oc(=O)oc1COC(=O)N1CC[C@@H](N2CC/C(=C\C3=C(C(=O)O)N4C(=O)[C@@H](NC(=O)/C(=N/O)c5nsc(N)n5)[C@H]4SC3)C2=O)C1,690.6729999999999,-0.5383799999999959,4,16,264.3,8,0.08910067876215681,47,2
AVIBACTAM,CHEMBL1689063,NC(=O)[C@@H]1CC[C@@H]2CN1C(=O)N2OS(=O)(=O)O,265.247,-1.5252999999999983,2,5,130.23999999999998,3,0.5954486838383566,17,0
OMADACYCLINE,CHEMBL1689772,CN(C)c1cc(CNCC(C)(C)C)c(O)c2c1C[C@H]1C[C@H]3[C@H](N(C)C)C(O)=C(C(N)=O)C(=O)[C@@]3(O)C(O)=C1C2=O,556.6600000000003,1.3223000000000011,6,10,176.65999999999997,6,0.28021986209358013,40,2
MEZLOCILLIN SODIUM,CHEMBL1697708,CC1(C)S[C@@H]2[C@H](NC(=O)[C@H](NC(=O)N3CCN(S(C)(=O)=O)C3=O)c3ccccc3)C(=O)N2[C@H]1C(=O)O,539.5920000000003,-0.23379999999999784,3,8,173.49999999999997,6,0.4125553337107078,36,1
CARBENOXOLONE SODIUM,CHEMBL1697717,CC1(C)[C@@H](OC(=O)CCC(=O)O)CC[C@]2(C)[C@H]3C(=O)C=C4[C@@H]5C[C@@](C)(C(=O)O)CC[C@]5(C)CC[C@@]4(C)[C@]3(C)CC[C@@H]12,570.7670000000003,6.828300000000008,2,5,117.97000000000001,5,0.34792496364812736,41,2
CLOTIAZEPAM,CHEMBL1697737,CCc1cc2c(s1)N(C)C(=O)CN=C2c1ccccc1Cl,318.82899999999995,3.777700000000003,0,3,32.67,2,0.8291279321976416,21,0
ERDOSTEINE,CHEMBL1697744,O=C(O)CSCC(=O)NC1CCSC1=O,249.313,-0.047499999999999876,2,5,83.47,5,0.7106680822752744,15,0
SODIUM PICOSULFATE,CHEMBL1697768,O=S(=O)(O)Oc1ccc(C(c2ccc(OS(=O)(=O)O)cc2)c2ccccn2)cc1,437.4510000000001,2.625000000000001,2,7,140.09,7,0.5336749188726526,29,0
ISOMETHEPTENE,CHEMBL1697841,CNC(C)CCC=C(C)C,141.25799999999998,2.3407,1,1,12.03,4,0.5924784865667705,10,0
GLUCOSAMINE HYDROCHLORIDE,CHEMBL1707007,N[C@H]1C(O)O[C@H](CO)[C@@H](O)[C@@H]1O,179.17200000000003,-3.2549999999999994,5,6,116.17000000000002,1,0.28843989800463615,12,0
DOTHIEPIN HYDROCHLORIDE,CHEMBL1711280,CN(C)CC/C=C1\c2ccccc2CSc2ccccc21,295.451,4.675700000000004,0,2,3.24,3,0.8088707188299813,21,0
TERCONAZOLE,CHEMBL1714574,CC(C)N1CCN(c2ccc(OCC3COC(Cn4cncn4)(c4ccc(Cl)cc4Cl)O3)cc2)CC1,532.472,4.462700000000003,0,7,64.88000000000001,8,0.4245793739951387,36,1
TOLTERODINE TARTRATE,CHEMBL1722209,Cc1ccc(O)c([C@H](CCN(C(C)C)C(C)C)c2ccccc2)c1,325.496,5.341420000000006,1,2,23.47,7,0.742339965191979,24,1
SULFACETAMIDE SODIUM,CHEMBL1723241,CC(=O)NS(=O)(=O)c1ccc(N)cc1,214.246,0.0935999999999998,2,4,89.26,2,0.6828174314400922,14,0
ALECTINIB,CHEMBL1738797,CCc1cc2c(cc1N1CCC(N3CCOCC3)CC1)C(C)(C)c1[nH]c3cc(C#N)ccc3c1C2=O,482.62800000000027,4.773280000000004,1,5,72.36,3,0.5820901201895605,36,0
LEVOPROPOXYPHENE,CHEMBL1738990,CCC(=O)O[C@@](Cc1ccccc1)(c1ccccc1)[C@@H](C)CN(C)C,339.47900000000016,4.275500000000004,0,3,29.54,8,0.6725578996267864,25,0
PICOSULFURIC ACID,CHEMBL1741134,O=S(=O)(O)Oc1ccc(C(c2ccc(OS(=O)(=O)O)cc2)c2ccccn2)cc1,437.4510000000001,2.625000000000001,2,7,140.09,7,0.5336749188726526,29,0
BILASTINE,CHEMBL1742423,CCOCCn1c(C2CCN(CCc3ccc(C(C)(C)C(=O)O)cc3)CC2)nc2ccccc21,463.62200000000024,4.857100000000004,1,4,67.59,10,0.43518886782933736,34,0
CELIPROLOL HYDROCHLORIDE,CHEMBL1742424,CCN(CC)C(=O)Nc1ccc(OCC(O)CNC(C)(C)C)c(C(C)=O)c1,379.5010000000002,2.8907000000000007,3,5,90.9,9,0.5740604449563793,27,0
LANDIOLOL,CHEMBL1742466,CC1(C)OC[C@@H](COC(=O)CCc2ccc(OC[C@@H](O)CNCCNC(=O)N3CCOCC3)cc2)O1,509.60000000000036,0.6850000000000034,3,9,127.82000000000001,13,0.2598475664508193,36,1
ROSUVASTATIN CALCIUM,CHEMBL1744447,CC(C)c1nc(N(C)S(C)(=O)=O)nc(-c2ccc(F)cc2)c1/C=C/[C@@H](O)C[C@@H](O)CC(=O)O,481.5460000000002,2.4017,3,7,140.92,10,0.4698020340853984,33,0
ERTUGLIFLOZIN,CHEMBL1770248,CCOc1ccc(Cc2cc([C@]34OC[C@](CO)(O3)[C@@H](O)[C@H](O)[C@H]4O)ccc2Cl)cc1,436.88800000000003,1.3564999999999994,4,7,108.61000000000001,6,0.5410269555469095,30,0
NIROGACESTAT,CHEMBL1770916,CCC[C@H](N[C@H]1CCc2cc(F)cc(F)c2C1)C(=O)Nc1cn(C(C)(C)CNCC(C)(C)C)cn1,489.65500000000026,4.786400000000004,3,4,70.98,10,0.44898767005799106,35,0
FLORBETAPIR F 18,CHEMBL1774461,CNc1ccc(/C=C/c2ccc(OCCOCCOCC[18F])nc2)cc1,359.43193800000006,3.675200000000003,1,5,52.61,12,0.5861041649618527,26,0
EVOGLIPTIN,CHEMBL1779710,CC(C)(C)OC[C@@H]1C(=O)NCCN1C(=O)C[C@H](N)Cc1cc(F)c(F)cc1F,401.4290000000001,1.5058999999999998,2,4,84.66,6,0.7080058183766962,28,0
LOFEXIDINE HYDROCHLORIDE,CHEMBL1788132,CC(Oc1c(Cl)cccc1Cl)C1=NCCN1,259.13599999999997,2.7624000000000004,1,3,33.62,3,0.9050107141126126,16,0
INDACATEROL MALEATE,CHEMBL1789842,CCc1cc2c(cc1CC)CC(NC[C@H](O)c1ccc(O)c3[nH]c(=O)ccc13)C2,392.49900000000014,3.148900000000001,4,4,85.35,6,0.5191742847910432,29,0
RUXOLITINIB,CHEMBL1789941,N#CC[C@H](C1CCCC1)n1cc(-c2ncnc3[nH]ccc23)cn1,306.37300000000005,3.466380000000001,1,4,83.17999999999999,4,0.7996787783250496,23,0
RANITIDINE,CHEMBL1790041,CNC(=C[N+](=O)[O-])NCCSCc1ccc(CN(C)C)o1,314.411,1.4589999999999999,2,7,83.58,10,0.38410287831471035,21,0
RUXOLITINIB PHOSPHATE,CHEMBL1795071,N#CC[C@H](C1CCCC1)n1cc(-c2ncnc3[nH]ccc23)cn1,306.37300000000005,3.466380000000001,1,4,83.17999999999999,4,0.7996787783250496,23,0
RELUGOLIX,CHEMBL1800159,CONC(=O)Nc1ccc(-c2sc3c(c2CN(C)C)c(=O)n(-c2ccc(OC)nn2)c(=O)n3Cc2c(F)cccc2F)cc1,623.6420000000004,3.7505000000000024,2,9,132.61,9,0.23748985703029515,44,1
BEXAGLIFLOZIN,CHEMBL1808388,OC[C@H]1O[C@@H](c2ccc(Cl)c(Cc3ccc(OCCOC4CC4)cc3)c2)[C@H](O)[C@@H](O)[C@@H]1O,464.9420000000002,2.0034999999999994,4,7,108.61000000000001,9,0.42019865340951457,32,0
INFIGRATINIB PHOSPHATE,CHEMBL1834657,CCN1CCN(c2ccc(Nc3cc(N(C)C(=O)Nc4c(Cl)c(OC)cc(OC)c4Cl)ncn3)cc2)CC1,560.4860000000001,5.354400000000004,2,8,95.09,8,0.380779207837911,38,2
INFIGRATINIB,CHEMBL1852688,CCN1CCN(c2ccc(Nc3cc(N(C)C(=O)Nc4c(Cl)c(OC)cc(OC)c4Cl)ncn3)cc2)CC1,560.4860000000001,5.354400000000004,2,8,95.09,8,0.380779207837911,38,2
IBRUTINIB,CHEMBL1873475,C=CC(=O)N1CCC[C@@H](n2nc(-c3ccc(Oc4ccccc4)cc3)c3c(N)ncnc32)C1,440.5070000000002,4.2173000000000025,1,6,99.16,5,0.4667032430058404,33,0
TROSPIUM,CHEMBL1888176,O=C(O[C@H]1C[C@H]2CC[C@@H](C1)[N+]21CCCC1)C(O)(c1ccccc1)c1ccccc1,392.519,3.769700000000003,1,3,46.53,4,0.6364424954881173,29,0
ROPIVACAINE HYDROCHLORIDE,CHEMBL1889140,CCCN1CCCC[C@H]1C(=O)Nc1c(C)cccc1C,274.408,3.5064400000000013,1,2,32.34,4,0.9109962827378179,20,0
PERFLENAPENT,CHEMBL1899801,FC(F)(F)C(F)(F)C(F)(F)C(F)(F)C(F)(F)F,288.03099999999995,4.0169,0,0,0.0,2,0.6732319281386244,17,0
TIOTROPIUM,CHEMBL1900528,C[N+]1(C)[C@@H]2C[C@@H](OC(=O)C(O)(c3cccs3)c3cccs3)C[C@H]1[C@@H]1O[C@@H]12,392.5220000000001,2.3457,1,6,59.06,4,0.492985025398511,26,0
DOCUSATE SODIUM,CHEMBL1905872,CCCCC(CC)COC(=O)CC(C(=O)OCC(CC)CCCC)S(=O)(=O)O,422.58400000000023,4.1521000000000035,1,6,106.97000000000001,16,0.2939392891905057,28,0
GEMEPROST,CHEMBL1908315,CCCCC(C)(C)[C@H](O)/C=C/[C@H]1[C@H](O)CC(=O)[C@@H]1CCCC/C=C/C(=O)OC,394.55200000000025,3.9756000000000036,2,5,83.83,12,0.22638191261775992,28,0
LEVOLEUCOVORIN CALCIUM,CHEMBL1908361,Nc1nc(=O)c2c([nH]1)NC[C@H](CNc1ccc(C(=O)N[C@@H](CCC(=O)O)C(=O)O)cc1)N2C=O,473.4460000000002,-0.7310999999999974,7,9,219.83999999999997,10,0.21313148229853152,34,1
FINAFLOXACIN,CHEMBL1908370,N#Cc1c(N2C[C@@H]3NCCO[C@H]3C2)c(F)cc2c(=O)c(C(=O)O)cn(C3CC3)c12,398.3940000000002,1.2223799999999996,2,6,107.59,3,0.8004830461259081,29,0
PYRVINIUM PAMOATE,CHEMBL1908377,Cc1cc(/C=C/c2ccc3cc(N(C)C)ccc3[n+]2C)c(C)n1-c1ccccc1,382.5310000000001,5.308240000000004,0,1,12.05,4,0.43579347124405743,29,1
LEVOLEUCOVORIN,CHEMBL1908841,Nc1nc(=O)c2c([nH]1)NC[C@H](CNc1ccc(C(=O)N[C@@H](CCC(=O)O)C(=O)O)cc1)N2C=O,473.4460000000002,-0.7310999999999974,7,9,219.83999999999997,10,0.21313148229853152,34,1
FLORBETABEN,CHEMBL1908906,CNc1ccc(/C=C/c2ccc(OCCOCCOCCF)cc2)cc1,359.44100000000003,4.280200000000003,1,4,39.72,12,0.4535162810194213,26,0
FLORBETAPIR,CHEMBL1908919,CNc1ccc(/C=C/c2ccc(OCCOCCOCCF)nc2)cc1,360.42900000000003,3.675200000000003,1,5,52.61,12,0.5854024605222118,26,0
PINAVERIUM BROMIDE,CHEMBL1909298,COc1cc(Br)c(C[N+]2(CCOCCC3CCC4CC3C4(C)C)CCOCC2)cc1OC,511.52100000000047,5.292300000000005,0,4,36.92,10,0.31604044484935234,32,2
PINAVERIUM,CHEMBL1909324,COc1cc(Br)c(C[N+]2(CCOCCC3CCC4CC3C4(C)C)CCOCC2)cc1OC,511.52100000000047,5.292300000000005,0,4,36.92,10,0.31604044484935234,32,2
ANAGLIPTIN,CHEMBL1929396,Cc1cc2ncc(C(=O)NCC(C)(C)NCC(=O)N3CCC[C@H]3C#N)cn2n1,383.45600000000013,0.6503000000000008,2,6,115.42,6,0.75673864759418,28,0
IOFLUPANE,CHEMBL1945778,COC(=O)[C@H]1[C@@H](c2ccc(I)cc2)C[C@@H]2CC[C@H]1N2CCCF,431.2890000000002,3.7603000000000026,0,3,29.54,5,0.5255457705047858,23,0
REGORAFENIB,CHEMBL1946170,CNC(=O)c1cc(Oc2ccc(NC(=O)Nc3ccc(Cl)c(C(F)(F)F)c3)c(F)c2)ccn1,482.82100000000014,5.688800000000002,3,4,92.35000000000001,5,0.40735964520341955,33,1
ARFORMOTEROL TARTRATE,CHEMBL1951071,COc1ccc(C[C@@H](C)NC[C@H](O)c2ccc(O)c(NC=O)c2)cc1,344.41100000000006,2.2233,4,5,90.82,9,0.4136022576828499,25,0
ERAVACYCLINE,CHEMBL1951095,CN(C)[C@@H]1C(O)=C(C(N)=O)C(=O)[C@@]2(O)C(O)=C3C(=O)c4c(O)c(NC(=O)CN5CCCC5)cc(F)c4C[C@H]3C[C@@H]12,558.5630000000002,0.29400000000000115,6,10,193.73,5,0.21610433599038925,40,2
AVANAFIL,CHEMBL1963681,COc1ccc(CNc2nc(N3CCC[C@H]3CO)ncc2C(=O)NCc2ncccn2)cc1Cl,483.96000000000015,2.4318,3,9,125.39000000000001,9,0.42031663549016557,34,0
TAFLUPROST,CHEMBL1963683,CC(C)OC(=O)CCC/C=C\C[C@@H]1[C@@H](/C=C/C(F)(F)COc2ccccc2)[C@H](O)C[C@@H]1O,452.5380000000002,4.683000000000005,2,5,75.99000000000001,12,0.27355362246666154,32,0
STREPTOZOCIN,CHEMBL1977579,CN(N=O)C(=O)N[C@@H](C=O)[C@@H](O)[C@H](O)[C@H](O)CO,265.222,-3.048299999999999,5,8,159.76,7,0.18553336430705383,18,0
ENTRECTINIB,CHEMBL1983268,CN1CCN(c2ccc(C(=O)Nc3n[nH]c4ccc(Cc5cc(F)cc(F)c5)cc34)c(NC3CCOCC3)c2)CC1,560.6490000000001,5.026900000000005,3,6,85.52,7,0.2942436042587454,41,2
STIRIPENTOL,CHEMBL1983350,CC(C)(C)C(O)/C=C/c1ccc2c(c1)OCO2,234.29499999999996,2.8355000000000015,1,3,38.69,2,0.8547782410682304,17,0
BELUMOSUDIL,CHEMBL2005186,CC(C)NC(=O)COc1cccc(-c2nc(Nc3ccc4[nH]ncc4c3)c3ccccc3n2)c1,452.51800000000014,4.820100000000003,3,6,104.82,7,0.32700640037012135,34,0
IVACAFTOR,CHEMBL2010601,CC(C)(C)c1cc(C(C)(C)C)c(NC(=O)c2c[nH]c3ccccc3c2=O)cc1O,392.49900000000014,5.081000000000005,3,3,82.19,2,0.5686031632470885,29,1
IPRAGLIFLOZIN,CHEMBL2018096,OC[C@H]1O[C@@H](c2ccc(F)c(Cc3cc4ccccc4s3)c2)[C@H](O)[C@@H](O)[C@@H]1O,404.459,2.1461,4,6,90.15,4,0.5350799042727957,28,0
FOSPROPOFOL DISODIUM,CHEMBL2021422,CC(C)c1cccc(C(C)C)c1OCOP(=O)(O)O,288.2799999999999,3.379000000000003,2,3,75.99000000000001,6,0.619628936157829,19,0
DEXAMETHASONE SODIUM PHOSPHATE,CHEMBL2021430,C[C@@H]1C[C@H]2[C@@H]3CCC4=CC(=O)C=C[C@]4(C)[C@@]3(F)[C@@H](O)C[C@]2(C)[C@@]1(O)C(=O)COP(=O)(O)O,472.44600000000025,2.0127000000000006,4,6,141.36,4,0.4555938354562437,32,0
HYDROXYSTILBAMIDINE ISETHIONATE,CHEMBL2023895,N=C(N)c1ccc(/C=C/c2ccc(C(=N)N)cc2O)cc1,280.33099999999996,2.1307400000000003,5,3,119.97,4,0.3349438148628667,21,0
CARIPRAZINE HYDROCHLORIDE,CHEMBL2024517,CN(C)C(=O)N[C@H]1CC[C@H](CCN2CCN(c3cccc(Cl)c3Cl)CC2)CC1,427.4200000000002,4.335500000000003,1,3,38.82000000000001,5,0.7602495439352746,28,0
CARIPRAZINE,CHEMBL2028019,CN(C)C(=O)N[C@H]1CC[C@H](CCN2CCN(c3cccc(Cl)c3Cl)CC2)CC1,427.4200000000002,4.335500000000003,1,3,38.82000000000001,5,0.7602495439352746,28,0
AZILSARTAN MEDOXOMIL,CHEMBL2028661,CCOc1nc2cccc(C(=O)OCc3oc(=O)oc3C)c2n1Cc1ccc(-c2ccccc2-c2noc(=O)[nH]2)cc1,568.5420000000003,4.705220000000004,1,10,155.58999999999997,9,0.242490769835421,42,1
DABRAFENIB,CHEMBL2028663,CC(C)(C)c1nc(-c2cccc(NS(=O)(=O)c3c(F)cccc3F)c2F)c(-c2ccnc(N)n2)s1,519.5740000000002,5.364900000000003,2,7,110.86,5,0.3670492157866047,35,2
FLUDEOXYGLUCOSE F 18,CHEMBL2030434,OC[C@H]1OC(O)[C@H]([18F])[C@@H](O)[C@@H]1O,181.14993800000002,-2.2441999999999998,4,5,90.15,1,0.36688465709756146,12,0
PACRITINIB,CHEMBL2035187,C1=N/C2=N/c3ccc(OCCN4CCCC4)c(c3)COC/C=C/COCc3cccc(c3)C(=C1)N2,472.58900000000017,4.466800000000004,1,7,67.68,4,0.6655052785203615,35,0
CICLESONIDE,CHEMBL2040682,CC(C)C(=O)OCC(=O)[C@@]12O[C@H](C3CCCCC3)O[C@@H]1C[C@H]1[C@@H]3CCC4=CC(=O)C=C[C@]4(C)[C@H]3[C@@H](O)C[C@@]12C,540.6970000000002,4.703900000000005,1,7,99.13000000000001,5,0.5046539264256359,39,1
FLUTEMETAMOL F 18,CHEMBL2042122,CNc1ccc(-c2nc3ccc(O)cc3s2)cc1[18F],273.322938,3.8497000000000012,2,4,45.150000000000006,2,0.7451263884562822,19,0
GLASDEGIB,CHEMBL2043437,CN1CC[C@@H](NC(=O)Nc2ccc(C#N)cc2)C[C@@H]1c1nc2ccccc2[nH]1,374.4480000000001,3.391580000000002,3,4,96.84,3,0.6545376127478132,28,0
LIFITEGRAST,CHEMBL2048028,CS(=O)(=O)c1cccc(C[C@H](NC(=O)c2c(Cl)cc3c(c2Cl)CCN(C(=O)c2ccc4ccoc4c2)C3)C(=O)O)c1,615.4910000000003,4.767300000000004,2,6,133.99,7,0.3061280755255257,41,1
CANAGLIFLOZIN ANHYDROUS,CHEMBL2048484,Cc1ccc([C@@H]2O[C@H](CO)[C@@H](O)[C@H](O)[C@H]2O)cc1Cc1ccc(-c2ccc(F)cc2)s1,444.52400000000017,2.968320000000001,4,6,90.15,5,0.48591581732684125,31,0
PHENDIMETRAZINE TARTRATE,CHEMBL2062163,C[C@H]1[C@H](c2ccccc2)OCCN1C,191.27399999999994,2.0782,0,2,12.47,1,0.6735555473027665,14,0
METARAMINOL BITARTRATE,CHEMBL2062262,C[C@H](N)[C@H](O)c1cccc(O)c1,167.20799999999997,0.7728000000000002,3,3,66.48,2,0.6092207315266324,12,0
PHENYLEPHRINE BITARTRATE,CHEMBL2062264,CNC[C@H](O)c1cccc(O)c1,167.20799999999997,0.645,3,3,52.489999999999995,3,0.6190573678793356,12,0
DIHYDROCODEINE BITARTRATE,CHEMBL2062266,COc1ccc2c3c1O[C@H]1[C@@H](O)CC[C@H]4[C@@H](C2)N(C)CC[C@@]341,301.3860000000001,1.7251,1,4,41.93,1,0.857564110359614,22,0
LEVALLORPHAN TARTRATE,CHEMBL2062276,C=CCN1CC[C@]23CCCC[C@H]2[C@H]1Cc1ccc(O)cc13,283.415,3.6366000000000023,1,2,23.47,2,0.8377375629702639,21,0
METOPROLOL TARTRATE,CHEMBL2062335,COCCc1ccc(OCC(O)CNC(C)C)cc1,267.36899999999997,1.6132,2,4,50.72,9,0.7135696186852986,19,0
VONOPRAZAN FUMARATE,CHEMBL2064032,CNCc1cc(-c2ccccc2F)n(S(=O)(=O)c2cccnc2)c1,345.399,2.645600000000001,1,4,63.99,5,0.772079833537095,24,0
CALCIUM METRIZOATE,CHEMBL2068723,CC(=O)Nc1c(I)c(C(=O)O)c(I)c(N(C)C(C)=O)c1I,627.9420000000001,3.1397000000000013,2,3,86.71000000000001,3,0.5047465616448636,21,1
ACAMPROSATE CALCIUM,CHEMBL2068724,CC(=O)NCCCS(=O)(=O)O,181.213,-0.5995999999999997,2,3,83.47,4,0.447848265705855,11,0
IPODATE CALCIUM,CHEMBL2068725,CN(C)/C=N/c1c(I)cc(I)c(CCC(=O)O)c1I,597.9600000000002,3.7390000000000025,1,2,52.900000000000006,5,0.31983219727782086,19,1
FLUDEOXYGLUCOSE,CHEMBL2068864,OC[C@H]1OC(O)[C@H](F)[C@@H](O)[C@@H]1O,182.14700000000002,-2.2441999999999998,4,5,90.15,1,0.36778785152667176,12,0
SODIUM GLUCONATE,CHEMBL2068884,O=C(O)[C@H]1O[C@H](O)[C@H](O)[C@@H](O)[C@@H]1O,194.139,-3.1291000000000007,5,6,127.45000000000002,1,0.298357725550275,13,0
VONOPRAZAN,CHEMBL2079130,CNCc1cc(-c2ccccc2F)n(S(=O)(=O)c2cccnc2)c1,345.399,2.645600000000001,1,4,63.99,5,0.772079833537095,24,0
STANOZOLOL,CHEMBL2079587,C[C@]12Cc3c[nH]nc3C[C@@H]1CC[C@@H]1[C@@H]2CC[C@@]2(C)[C@H]1CC[C@]2(C)O,328.5000000000001,4.1181000000000045,2,2,48.91,0,0.7524910781410399,24,0
PENCICLOVIR SODIUM,CHEMBL2079793,Nc1nc(O)c2ncn(CCC(CO)CO)c2n1,253.26199999999994,-0.895,4,7,130.31,5,0.5430596720560048,18,0
BOSUTINIB MONOHYDRATE,CHEMBL2095206,COc1cc(Nc2c(C#N)cnc3cc(OCCCN4CCN(C)CC4)c(OC)cc23)c(Cl)cc1Cl,530.4560000000004,5.190380000000005,1,8,82.88,9,0.3788289261994078,36,2
ICOSAPENT ETHYL,CHEMBL2095209,CC/C=C\C/C=C\C/C=C\C/C=C\C/C=C\CCCC(=O)OCC,330.5120000000001,6.471200000000007,0,2,26.3,14,0.2071180474846085,24,1
LORCASERIN HYDROCHLORIDE,CHEMBL2095211,C[C@H]1CNCCc2ccc(Cl)cc21,195.69299999999998,2.589200000000001,1,1,12.03,0,0.6712914663019366,13,0
MIRABEGRON,CHEMBL2095212,Nc1nc(CC(=O)Nc2ccc(CCNC[C@H](O)c3ccccc3)cc2)cs1,396.516,2.7722000000000007,4,6,100.27,9,0.4168643398571851,28,0
CLORAZEPATE DIPOTASSIUM,CHEMBL2096631,O=C(O)C1N=C(c2ccccc2)c2cc(Cl)ccc2NC1=O,314.72800000000007,2.5827,2,3,78.75999999999999,2,0.8362062788567832,22,0
MAGNESIUM TRISILICATE,CHEMBL2096633,O=[Si](O)O[Si](O)(O)O[Si](=O)O,216.282,-3.7448,4,6,133.52,4,0.35217436980422645,11,0
INAMRINONE LACTATE,CHEMBL2096642,Nc1cc(-c2ccncc2)c[nH]c1=O,187.202,1.0191,2,3,71.77,1,0.6996440987416698,14,0
AMINOSALICYLATE SODIUM,CHEMBL2096646,Nc1ccc(C(=O)O)c(O)c1,153.137,0.6726000000000001,3,3,83.55000000000001,1,0.5176060263674482,11,0
FENOPROFEN CALCIUM,CHEMBL2103736,CC(C(=O)O)c1cccc(Oc2ccccc2)c1,242.274,3.6670000000000016,1,2,46.53,4,0.8893527006971172,18,0
LITHIUM CITRATE,CHEMBL2103738,O=C(O)CC(O)(CC(=O)O)C(=O)O,192.123,-1.2484999999999995,4,4,132.13,5,0.4274213512497734,13,0
EMEDASTINE DIFUMARATE,CHEMBL2103739,CCOCCn1c(N2CCCN(C)CC2)nc2ccccc21,302.422,2.2146999999999997,0,4,33.53,5,0.7931098529653791,22,0
TOFACITINIB CITRATE,CHEMBL2103743,C[C@@H]1CCN(C(=O)CC#N)C[C@@H]1N(C)c1ncnc2[nH]ccc12,312.377,1.5447799999999996,1,5,88.91,3,0.9284511020269034,23,0
MORPHINE SULFATE,CHEMBL2103744,CN1CC[C@]23c4c5ccc(O)c4O[C@H]2[C@@H](O)C=C[C@H]3[C@H]1C5,285.343,1.1981,2,4,52.93000000000001,0,0.7033474919154648,21,0
RACECADOTRIL,CHEMBL2103772,CC(=O)SCC(Cc1ccccc1)C(=O)NCC(=O)OCc1ccccc1,385.4850000000002,2.9846000000000013,1,5,72.47,9,0.6720580391598658,27,0
TIBOLONE,CHEMBL2103774,C#C[C@]1(O)CC[C@H]2[C@@H]3[C@H](C)CC4=C(CCC(=O)C4)[C@H]3CC[C@@]21C,312.45300000000003,3.8826000000000036,1,2,37.3,0,0.5442169972167846,23,0
AZILSARTAN KAMEDOXOMIL,CHEMBL2103795,CCOc1nc2cccc(C(=O)OCc3oc(=O)oc3C)c2n1Cc1ccc(-c2ccccc2-c2noc(=O)[nH]2)cc1,568.5420000000003,4.705220000000004,1,10,155.58999999999997,9,0.242490769835421,42,1
DAPAGLIFLOZIN PROPANEDIOL,CHEMBL2103802,CCOc1ccc(Cc2cc([C@@H]3O[C@H](CO)[C@@H](O)[C@H](O)[C@H]3O)ccc2Cl)cc1,408.87800000000004,1.8443999999999996,4,6,99.38000000000001,6,0.5818339767551266,28,0
TASIMELTEON,CHEMBL2103822,CCC(=O)NC[C@@H]1C[C@H]1c1cccc2c1CCO2,245.32199999999995,2.2512,1,2,38.33,4,0.8832265983704791,18,0
DROXIDOPA,CHEMBL2103827,N[C@H](C(=O)O)[C@H](O)c1ccc(O)c(O)c1,213.189,-0.4569000000000002,5,5,124.01000000000002,3,0.43276084275847376,15,0
FOSTAMATINIB,CHEMBL2103830,COc1cc(Nc2ncc(F)c(Nc3ccc4c(n3)N(COP(=O)(O)O)C(=O)C(C)(C)O4)n2)cc(OC)c1OC,580.4660000000002,3.094500000000001,4,12,186.71999999999997,10,0.2562259896707899,40,2
TAFAMIDIS,CHEMBL2103837,O=C(O)c1ccc2nc(-c3cc(Cl)cc(Cl)c3)oc2c1,308.12000000000006,4.4998000000000005,1,3,63.33,2,0.7567932345434784,20,0
PIXANTRONE DIMALEATE,CHEMBL2103844,NCCNc1ccc(NCCN)c2c1C(=O)c1ccncc1C2=O,325.372,0.5982000000000002,4,7,123.13,6,0.523017836989134,24,0
ULIPRISTAL,CHEMBL2103846,CC(=O)[C@@]1(O)CC[C@H]2[C@@H]3CCC4=CC(=O)CCC4=C3[C@@H](c3ccc(N(C)C)cc3)C[C@@]21C,433.59200000000016,4.972200000000005,1,4,57.61,3,0.7310140206327828,32,0
OMADACYCLINE TOSYLATE,CHEMBL2103854,CN(C)c1cc(CNCC(C)(C)C)c(O)c2c1C[C@H]1C[C@H]3[C@H](N(C)C)C(O)=C(C(N)=O)C(=O)[C@@]3(O)C(O)=C1C2=O,556.6600000000003,1.3223000000000011,6,10,176.65999999999997,6,0.28021986209358013,40,2
TELOTRISTAT,CHEMBL2103855,Cc1ccn(-c2cc(Cl)ccc2[C@@H](Oc2cc(-c3ccc(C[C@H](N)C(=O)O)cc3)nc(N)n2)C(F)(F)F)n1,546.9370000000002,4.510120000000002,3,7,142.17000000000002,8,0.2928755543879992,38,1
CABOZANTINIB S-MALATE,CHEMBL2103868,COc1cc2nccc(Oc3ccc(NC(=O)C4(C(=O)Nc5ccc(F)cc5)CC4)cc3)c2cc1OC,501.51400000000024,5.5408000000000035,2,6,98.78000000000002,8,0.30772239944852137,37,2
LUMACAFTOR,CHEMBL2103870,Cc1ccc(NC(=O)C2(c3ccc4c(c3)OC(F)(F)O4)CC2)nc1-c1cccc(C(=O)O)c1,452.41300000000024,4.747020000000004,2,5,97.75000000000001,5,0.5800857204161392,33,0
CEFTOLOZANE,CHEMBL2103872,Cn1c(N)c(NC(=O)NCCN)c[n+]1CC1=C(C(=O)O)N2C(=O)[C@@H](NC(=O)/C(=N\OC(C)(C)C(=O)[O-])c3nsc(N)n3)[C@H]2SC1,666.703,-3.9032999999999953,7,15,302.2099999999999,12,0.0493062149363051,45,3
MACITENTAN,CHEMBL2103873,CCCNS(=O)(=O)Nc1ncnc(OCCOc2ncc(Br)cn2)c1-c1ccc(Br)cc1,588.2820000000002,3.572700000000003,2,8,128.22000000000003,11,0.3258129796797541,32,1
TRAMETINIB,CHEMBL2103875,CC(=O)Nc1cccc(-n2c(=O)n(C3CC3)c(=O)c3c(Nc4ccc(I)cc4F)n(C)c(=O)c(C)c32)c1,615.4029999999999,3.940120000000002,2,5,107.13,5,0.33123880519002113,37,1
EFINACONAZOLE,CHEMBL2103877,C=C1CCN([C@H](C)[C@](O)(Cn2cncn2)c2ccc(F)cc2F)CC1,348.3970000000001,2.4846000000000004,1,4,54.18,5,0.8437713718747005,25,0
AVATROMBOPAG,CHEMBL2103883,O=C(Nc1nc(-c2cc(Cl)cs2)c(N2CCN(C3CCCCC3)CC2)s1)c1cnc(N2CCC(C(=O)O)CC2)c(Cl)c1,649.6700000000003,6.581400000000007,2,9,101.90000000000002,7,0.29616473665885357,42,2
LYMECYCLINE,CHEMBL2103929,CN(C)[C@@H]1C(O)=C(C(=O)NCNCCCC[C@H](N)C(=O)O)C(=O)[C@@]2(O)C(O)=C3C(=O)c4c(O)cccc4[C@@](C)(O)[C@H]3C[C@@H]12,602.6410000000002,-0.45419999999999416,9,12,242.97999999999996,10,0.09367530992313995,43,3
KETAZOLAM,CHEMBL2104356,CC1=CC(=O)N2CC(=O)N(C)c3ccc(Cl)cc3C2(c2ccccc2)O1,368.8200000000001,3.280100000000002,0,3,49.85000000000001,1,0.7757860152597906,26,0
MOXIDECTIN,CHEMBL2104415,CO/N=C1\C[C@]2(C[C@@H]3C[C@@H](C/C=C(\C)C[C@@H](C)/C=C/C=C4\CO[C@@H]5[C@H](O)C(C)=C[C@@H](C(=O)O3)[C@]45O)O2)O[C@H](/C(C)=C/C(C)C)[C@H]1C,639.8300000000002,5.7289000000000065,2,9,116.04000000000002,3,0.2286886083765042,46,2
TRITOQUALINE,CHEMBL2104445,CCOc1c(N)c2c(c(OCC)c1OCC)C(C1c3c(cc4c(c3OC)OCO4)CCN1C)OC2=O,500.5480000000004,3.6429000000000027,1,10,110.94000000000003,8,0.42591358589625844,36,1
CALCIUM GLUBIONATE,CHEMBL2104594,O=C(O)[C@H](O)[C@@H](O)[C@H](O[C@@H]1O[C@H](CO)[C@H](O)[C@H](O)[C@H]1O)[C@H](O)CO,358.29600000000005,-5.668899999999993,9,11,217.59999999999997,8,0.19819887387731525,24,2
INDORAMIN HYDROCHLORIDE,CHEMBL2104941,O=C(NC1CCN(CCc2c[nH]c3ccccc23)CC1)c1ccccc1,347.46200000000016,3.604800000000002,2,2,48.13,5,0.7406983864015039,26,0
VORTIOXETINE,CHEMBL2104993,Cc1ccc(Sc2ccccc2N2CCNCC2)c(C)c1,298.4550000000001,3.8642400000000023,1,3,15.27,3,0.9259602218919863,21,0
INDIGOTINDISULFONATE SODIUM,CHEMBL2105023,O=C1/C(=C2\Nc3ccc(S(=O)(=O)O)cc3C2=O)Nc2ccc(S(=O)(=O)O)cc21,422.3960000000001,1.3082,4,8,166.93999999999997,2,0.4090145937435253,28,0
MEFRUSIDE,CHEMBL2105131,CN(CC1(C)CCCO1)S(=O)(=O)c1ccc(Cl)c(S(N)(=O)=O)c1,382.89100000000013,1.177,1,5,106.76999999999998,5,0.8222362328309457,23,0
POTASSIUM BITARTRATE,CHEMBL2105248,O=C(O)[C@H](O)[C@@H](O)C(=O)O,150.08599999999998,-2.1226,4,4,115.06000000000002,3,0.3652291848585975,10,0
OSPEMIFENE,CHEMBL2105395,OCCOc1ccc(/C(=C(/CCCl)c2ccccc2)c2ccccc2)cc1,378.899,5.645700000000005,1,2,29.46,8,0.4053557584634295,27,1
TAUROLIDINE,CHEMBL2105420,O=S1(=O)CCN(CN2CCS(=O)(=O)NC2)CN1,284.363,-2.6710999999999965,2,6,98.82000000000001,2,0.5736486979324413,17,0
TACALCITOL,CHEMBL2105611,C=C1/C(=C\C=C2/CCC[C@]3(C)[C@@H]([C@H](C)CC[C@@H](O)C(C)C)CC[C@@H]23)C[C@@H](O)C[C@@H]1O,416.64600000000024,5.560600000000006,3,3,60.69,6,0.5310504106541726,30,1
DIVALPROEX SODIUM,CHEMBL2105613,CCCC(CCC)C(=O)O,144.214,2.2874,1,1,37.3,5,0.6423719745530849,10,0
DELAFLOXACIN,CHEMBL2105637,Nc1nc(-n2cc(C(=O)O)c(=O)c3cc(F)c(N4CC(O)C4)c(Cl)c32)c(F)cc1F,440.76500000000016,1.9177000000000002,3,6,121.68,3,0.5684562681095354,30,0
DELAFLOXACIN MEGLUMINE,CHEMBL2105638,Nc1nc(-n2cc(C(=O)O)c(=O)c3cc(F)c(N4CC(O)C4)c(Cl)c32)c(F)cc1F,440.76500000000016,1.9177000000000002,3,6,121.68,3,0.5684562681095354,30,0
PALOVAROTENE,CHEMBL2105648,CC1(C)CCC(C)(C)c2cc(Cn3cccn3)c(/C=C/c3ccc(C(=O)O)cc3)cc21,414.54900000000015,6.149000000000006,1,2,55.120000000000005,5,0.5095812218712045,31,1
LOMITAPIDE MESYLATE,CHEMBL2105662,O=C(NC1CCN(CCCCC2(C(=O)NCC(F)(F)F)c3ccccc3-c3ccccc32)CC1)c1ccccc1-c1ccc(C(F)(F)F)cc1,693.7320000000003,8.382100000000005,2,3,61.440000000000005,10,0.12968890456043358,50,2
TEDIZOLID PHOSPHATE,CHEMBL2105669,Cn1nnc(-c2ccc(-c3ccc(N4C[C@H](COP(=O)(O)O)OC4=O)cc3F)cn2)n1,450.3230000000001,1.5126999999999997,2,8,152.79000000000002,6,0.5285467732949348,31,0
TAFAMIDIS MEGLUMINE,CHEMBL2105675,CNC[C@H](O)[C@@H](O)[C@H](O)[C@H](O)CO,195.21499999999997,-3.3582999999999994,6,6,113.18,6,0.26379950587316064,13,1
RIFAMYCIN SODIUM,CHEMBL2105680,CO[C@H]1/C=C/O[C@@]2(C)Oc3c(C)c(O)c4c(O)c(cc(O)c4c3C2=O)NC(=O)/C(C)=C\C=C\[C@H](C)[C@H](O)[C@@H](C)[C@@H](O)[C@@H](C)[C@H](OC(C)=O)[C@@H]1C,697.7780000000002,4.754120000000005,6,12,201.30999999999997,2,0.14308740870723383,50,3
EDOXABAN TOSYLATE,CHEMBL2105682,CN1CCc2nc(C(=O)N[C@@H]3C[C@@H](C(=O)N(C)C)CC[C@@H]3NC(=O)C(=O)Nc3ccc(Cl)cn3)sc2C1,548.0690000000001,1.2896000000000014,3,8,136.63,5,0.4796796282412841,37,1
SELUMETINIB SULFATE,CHEMBL2105684,Cn1cnc2c(F)c(Nc3ccc(Br)cc3Cl)c(C(=O)NOCCO)cc21,457.68700000000024,3.5256000000000016,3,5,88.41000000000001,6,0.38928565430938894,27,0
LULICONAZOLE,CHEMBL2105689,N#C/C(=C1/SC[C@@H](c2ccc(Cl)cc2Cl)S1)n1ccnc1,354.28700000000003,5.060880000000003,0,4,41.61,2,0.7070685866540107,21,1
TELOTRISTAT ETHYL,CHEMBL2105695,CCOC(=O)[C@@H](N)Cc1ccc(-c2cc(O[C@H](c3ccc(Cl)cc3-n3ccc(C)n3)C(F)(F)F)nc(N)n2)cc1,574.991,4.988620000000003,2,8,131.17,9,0.26735331920192434,40,1
BEDAQUILINE FUMARATE,CHEMBL2105700,COc1nc2ccc(Br)cc2cc1[C@@H](c1ccccc1)[C@@](O)(CCN(C)C)c1cccc2ccccc12,555.5160000000003,7.1305000000000085,1,4,45.59,8,0.22135475238825777,37,2
LENVATINIB MESYLATE,CHEMBL2105704,COc1cc2nccc(Oc3ccc(NC(=O)NC4CC4)c(Cl)c3)c2cc1C(N)=O,426.8600000000003,4.071900000000002,3,5,115.57,6,0.5490365970627805,30,0
PONATINIB HYDROCHLORIDE,CHEMBL2105708,Cc1ccc(C(=O)Nc2ccc(CN3CCN(C)CC3)c(C(F)(F)F)c2)cc1C#Cc1cnc2cccnn12,532.5700000000002,4.456020000000003,1,5,65.77000000000001,4,0.3935993292770261,39,1
QUIZARTINIB DIHYDROCHLORIDE,CHEMBL2105709,CC(C)(C)c1cc(NC(=O)Nc2ccc(-c3cn4c(n3)sc3cc(OCCN5CCOCC5)ccc34)cc2)no1,560.6800000000004,5.856500000000005,2,8,106.16000000000001,7,0.25694797911853023,40,2
TOFOGLIFLOZIN,CHEMBL2105711,CCc1ccc(Cc2ccc3c(c2)[C@]2(OC3)O[C@H](CO)[C@@H](O)[C@H](O)[C@H]2O)cc1,386.44399999999996,0.9965999999999995,4,6,99.38000000000001,4,0.6257018128183677,28,0
AFATINIB DIMALEATE,CHEMBL2105712,CN(C)C/C=C/C(=O)Nc1cc2c(Nc3ccc(F)c(Cl)c3)ncnc2cc1O[C@H]1CCOC1,485.94700000000023,4.389900000000002,2,7,88.61000000000001,8,0.45729335341237065,34,0
CABOZANTINIB,CHEMBL2105717,COc1cc2nccc(Oc3ccc(NC(=O)C4(C(=O)Nc5ccc(F)cc5)CC4)cc3)c2cc1OC,501.51400000000024,5.5408000000000035,2,6,98.78000000000002,8,0.30772239944852137,37,2
DACOMITINIB,CHEMBL2105719,COc1cc2ncnc(Nc3ccc(F)c(Cl)c3)c2cc1NC(=O)/C=C/CN1CCCCC1,469.9480000000004,5.1551000000000045,2,6,79.38000000000001,7,0.46544532094051466,33,1
LESINURAD,CHEMBL2105720,O=C(O)CSc1nnc(Br)n1-c1ccc(C2CC2)c2ccccc12,404.28900000000016,4.2371000000000025,1,4,68.00999999999999,5,0.6447720583090041,24,0
NOMEGESTROL,CHEMBL2105722,CC(=O)[C@@]1(O)CC[C@H]2[C@@H]3C=C(C)C4=CC(=O)CC[C@@H]4[C@H]3CC[C@@]21C,328.45200000000006,3.6144000000000025,1,3,54.37,1,0.7997467331528958,24,0
DABRAFENIB MESYLATE,CHEMBL2105729,CC(C)(C)c1nc(-c2cccc(NS(=O)(=O)c3c(F)cccc3F)c2F)c(-c2ccnc(N)n2)s1,519.5740000000002,5.364900000000003,2,7,110.86,5,0.3670492157866047,35,2
LEVOMILNACIPRAN HYDROCHLORIDE,CHEMBL2105732,CCN(CC)C(=O)[C@@]1(c2ccccc2)C[C@H]1CN,246.35399999999998,1.7713999999999999,1,2,46.33,5,0.8603942445298217,18,0
SONIDEGIB,CHEMBL2105737,Cc1c(C(=O)Nc2ccc(N3C[C@@H](C)O[C@@H](C)C3)nc2)cccc1-c1ccc(OC(F)(F)F)cc1,485.5060000000001,5.821520000000005,1,5,63.69000000000001,5,0.49338697106079654,35,1
TRAMETINIB DIMETHYL SULFOXIDE,CHEMBL2105741,CC(=O)Nc1cccc(-n2c(=O)n(C3CC3)c(=O)c3c(Nc4ccc(I)cc4F)n(C)c(=O)c(C)c32)c1,615.4029999999999,3.940120000000002,2,5,107.13,5,0.33123880519002113,37,1
OLODATEROL HYDROCHLORIDE,CHEMBL2105743,COc1ccc(CC(C)(C)NC[C@H](O)c2cc(O)cc3c2OCC(=O)N3)cc1,386.44800000000015,2.3760000000000003,4,6,100.05000000000001,7,0.5830459262462236,28,0
GLYCEROL PHENYLBUTYRATE,CHEMBL2105745,O=C(CCCc1ccccc1)OCC(COC(=O)CCCc1ccccc1)OC(=O)CCCc1ccccc1,530.6610000000004,6.053300000000006,0,6,78.9,17,0.15609361409725997,39,2
PRUCALOPRIDE SUCCINATE,CHEMBL2105748,COCCCN1CCC(NC(=O)c2cc(Cl)c(N)c3c2OCC3)CC1,367.8770000000003,2.0877999999999997,2,5,76.82000000000001,6,0.5943769539353737,25,0
SAMIDORPHAN L-MALATE,CHEMBL2105749,NC(=O)c1ccc2c(c1O)[C@]13CCN(CC4CC4)[C@H](C2)[C@]1(O)CCC(=O)C3,370.4490000000002,1.2533999999999996,3,5,103.86000000000001,3,0.7429659635918742,27,0
TRELAGLIPTIN SUCCINATE,CHEMBL2105754,Cn1c(=O)cc(N2CCC[C@@H](N)C2)n(Cc2cc(F)ccc2C#N)c1=O,357.38900000000007,0.5335800000000002,1,5,97.05000000000001,3,0.8644112830109949,26,0
NALDEMEDINE,CHEMBL2105755,CC(C)(NC(=O)C1=C(O)[C@@H]2Oc3c(O)ccc4c3[C@@]23CCN(CC2CC2)[C@H](C4)[C@]3(O)C1)c1nc(-c2ccccc2)no1,570.6460000000004,3.4798000000000027,4,9,141.18,6,0.35052166340505786,42,1
TIVOZANIB HYDROCHLORIDE,CHEMBL2105756,COc1cc2nccc(Oc3ccc(NC(=O)Nc4cc(C)on4)c(Cl)c3)c2cc1OC,454.8700000000003,5.6381200000000025,2,7,107.74000000000001,6,0.38787036915829415,32,1
AVATROMBOPAG MALEATE,CHEMBL2105758,O=C(Nc1nc(-c2cc(Cl)cs2)c(N2CCN(C3CCCCC3)CC2)s1)c1cnc(N2CCC(C(=O)O)CC2)c(Cl)c1,649.6700000000003,6.581400000000007,2,9,101.90000000000002,7,0.29616473665885357,42,2
BARICITINIB,CHEMBL2105759,CCS(=O)(=O)N1CC(CC#N)(n2cc(-c3ncnc4[nH]ccc34)cn2)C1,371.4260000000001,1.09568,1,6,120.55999999999999,5,0.7167032115900049,26,0
BREXPIPRAZOLE,CHEMBL2105760,O=c1ccc2ccc(OCCCCN3CCN(c4cccc5sccc45)CC3)cc2[nH]1,433.5770000000001,4.724000000000004,1,5,48.57,7,0.42845507847371217,31,0
OMARIGLIPTIN,CHEMBL2105762,CS(=O)(=O)n1cc2c(n1)CN([C@H]1CO[C@H](c3cc(F)ccc3F)[C@@H](N)C1)C2,398.4350000000001,1.1421,1,6,90.45,3,0.8340518500891307,27,0
CORTIVAZOL,CHEMBL2105842,CC(=O)OCC(=O)[C@@]1(O)[C@H](C)C[C@H]2[C@@H]3C=C(C)C4=Cc5c(cnn5-c5ccccc5)C[C@]4(C)[C@H]3[C@@H](O)C[C@@]21C,530.6650000000002,4.300600000000004,2,6,101.65000000000002,4,0.5718657623662142,39,1
BARBITAL SODIUM,CHEMBL2105904,CCC1(CC)C(=O)NC(=O)NC1=O,184.195,0.15879999999999994,2,3,75.27000000000001,2,0.6000294014636102,13,0
CHLORPHENOXAMINE HYDROCHLORIDE,CHEMBL2105980,CN(C)CCOC(C)(c1ccccc1)c1ccc(Cl)cc1,303.833,4.181700000000004,0,2,12.47,6,0.7934887989018063,21,0
CEFPIROME SULFATE,CHEMBL2106076,CO/N=C(\C(=O)N[C@@H]1C(=O)N2C(C(=O)[O-])=C(C[n+]3cccc4c3CCC4)CS[C@H]12)c1csc(N)n1,514.5890000000003,-1.0438999999999956,2,10,153.92000000000002,7,0.20550364550788564,35,1
CALCIUM GLUCONATE,CHEMBL2106119,O=C(O)[C@H](O)[C@@H](O)[C@H](O)[C@H](O)CO,196.155,-3.4931000000000005,6,6,138.45000000000002,5,0.2680535124390778,13,1
EMEPRONIUM BROMIDE,CHEMBL2106122,CC[N+](C)(C)C(C)CC(c1ccccc1)c1ccccc1,282.451,4.693400000000004,0,0,0.0,6,0.6740720532374792,21,0
DEXMEDETOMIDINE HYDROCHLORIDE,CHEMBL2106195,Cc1cccc([C@H](C)c2c[nH]cn2)c1C,200.28500000000003,3.1783400000000013,1,1,28.68,2,0.7920749783499234,15,0
IOTHALAMATE SODIUM I 125,CHEMBL2106318,CNC(=O)c1c(I)c(NC(C)=O)c([125I])c(C(=O)O)c1[125I],609.9162604000002,2.5166000000000004,3,3,95.50000000000001,3,0.4594162744533277,20,1
VILOXAZINE HYDROCHLORIDE,CHEMBL2106483,CCOc1ccccc1OCC1CNCCO1,237.29899999999992,1.4525,1,4,39.72,5,0.8411561496817552,17,0
BAZEDOXIFENE ACETATE,CHEMBL2106615,Cc1c(-c2ccc(O)cc2)n(Cc2ccc(OCCN3CCCCCC3)cc2)c2ccc(O)cc12,470.6130000000003,6.331020000000006,2,4,57.86,7,0.33131053207224875,35,1
LOFEPRAMINE HYDROCHLORIDE,CHEMBL2106638,CN(CCCN1c2ccccc2CCc2ccccc21)CC(=O)c1ccc(Cl)cc1,418.9680000000002,5.7815000000000065,0,3,23.55,7,0.45406396462781595,30,1
MYCOPHENOLATE SODIUM,CHEMBL2106643,COc1c(C)c2c(c(O)c1C/C=C(\C)CCC(=O)O)C(=O)OC2,320.341,2.73322,2,5,93.06000000000002,6,0.6181996922805278,23,0
ACEFYLLINE PIPERAZINE,CHEMBL2106660,Cn1c(=O)c2c(ncn2CC(=O)O)n(C)c1=O,238.20299999999997,-1.4816999999999998,1,4,99.12,2,0.6873471058074696,17,0
NOSCAPINE HYDROCHLORIDE,CHEMBL2106732,COc1ccc2c(c1OC)C(=O)O[C@@H]2[C@H]1c2c(cc3c(c2OC)OCO3)CCN1C,413.4260000000003,2.881800000000001,0,8,75.69000000000001,4,0.7086818239336454,30,0
MEDROGESTONE,CHEMBL2106825,CC(=O)[C@@]1(C)CC[C@H]2[C@@H]3C=C(C)C4=CC(=O)CC[C@]4(C)[C@H]3CC[C@@]21C,340.5070000000001,5.279700000000005,0,2,34.14,1,0.6505953525055084,25,1
POLIHEXANIDE,CHEMBL2106939,CCCCCCNC(=N)NC(=N)N,185.275,0.5741400000000004,5,2,97.78,5,0.2459558967014168,13,0
OXYPERTINE,CHEMBL2107011,COc1cc2[nH]c(C)c(CCN3CCN(c4ccccc4)CC3)c2cc1OC,379.50400000000013,3.858220000000003,1,4,40.730000000000004,6,0.7061195500367738,28,0
TESTOSTERONE UNDECANOATE,CHEMBL2107067,CCCCCCCCCCC(=O)O[C@H]1CC[C@H]2[C@@H]3CCC4=CC(=O)CC[C@]4(C)[C@H]3CC[C@]12C,456.7110000000004,7.960900000000009,0,3,43.370000000000005,10,0.24723781358374838,33,1
PROTHIPENDYL HYDROCHLORIDE,CHEMBL2107124,CN(C)CCCN1c2ccccc2Sc2cccnc21,285.41600000000005,3.636000000000003,0,4,19.37,4,0.8536245937847351,20,0
RANELIC ACID,CHEMBL2107175,N#Cc1c(N(CC(=O)O)CC(=O)O)sc(C(=O)O)c1CC(=O)O,342.2850000000001,-0.07932000000000056,4,7,176.23,8,0.4993458276898128,23,0
DIMETHYL FUMARATE,CHEMBL2107333,COC(=O)/C=C/C(=O)OC,144.12599999999998,-0.11140000000000017,0,4,52.60000000000001,2,0.40047702269500696,10,0
MIGALASTAT HYDROCHLORIDE,CHEMBL2107355,OC[C@H]1NC[C@H](O)[C@@H](O)[C@H]1O,163.173,-2.9667999999999988,5,5,92.95,1,0.28455326707727985,11,0
PALIPERIDONE PALMITATE,CHEMBL2107360,CCCCCCCCCCCCCCCC(=O)OC1CCCn2c1nc(C)c(CCN1CCC(c3noc4cc(F)ccc34)CC1)c2=O,664.9070000000002,9.113520000000003,0,7,90.46000000000001,19,0.09325911873265398,48,2
URIDINE TRIACETATE,CHEMBL2107381,CC(=O)OC[C@H]1O[C@@H](n2ccc(=O)[nH]c2=O)[C@H](OC(C)=O)[C@@H]1OC(C)=O,370.31400000000014,-1.1394999999999988,1,9,142.99,5,0.5022752412372868,26,0
VERNAKALANT HYDROCHLORIDE,CHEMBL2107383,COc1ccc(CCO[C@@H]2CCCC[C@H]2N2CC[C@@H](O)C2)cc1OC,349.47100000000006,2.6407000000000007,1,5,51.16000000000001,7,0.8200756996105425,25,0
VORAPAXAR SULFATE,CHEMBL2107386,CCOC(=O)N[C@@H]1CC[C@@H]2[C@@H](C1)C[C@H]1C(=O)O[C@H](C)[C@H]1[C@H]2/C=C/c1ccc(-c2cccc(F)c2)cn1,492.5910000000001,5.6295000000000055,1,5,77.52,5,0.5476460146101547,36,1
VORTIOXETINE HYDROBROMIDE,CHEMBL2107387,Cc1ccc(Sc2ccccc2N2CCNCC2)c(C)c1,298.4550000000001,3.8642400000000023,1,3,15.27,3,0.9259602218919863,21,0
FLUTRIMAZOLE,CHEMBL2107430,Fc1ccc(C(c2ccccc2)(c2ccccc2F)n2ccnc2)cc1,346.38000000000005,5.001500000000004,0,1,17.82,4,0.4754963444139793,26,1
FENTICONAZOLE NITRATE,CHEMBL2107703,Clc1ccc(C(Cn2ccnc2)OCc2ccc(Sc3ccccc3)cc2)c(Cl)c1,455.4100000000001,7.299200000000004,0,3,27.05,8,0.2789962154102906,30,1
ARIMOCLOMOL,CHEMBL2107726,[O-][n+]1cccc(/C(Cl)=N/OC[C@H](O)CN2CCCCC2)c1,313.78500000000014,1.0838,1,5,72.0,6,0.36913651549346194,21,0
NORGESTREL,CHEMBL2107797,C#CC1(O)CC[C@H]2[C@@H]3CCC4=CC(=O)CC[C@@H]4[C@H]3CC[C@@]21CC,312.4530000000001,3.8826000000000036,1,2,37.3,1,0.7460501574652694,23,0
FLURPIRIDAZ F 18,CHEMBL2107799,CC(C)(C)n1ncc(OCc2ccc(COCC[18F])cc2)c(Cl)c1=O,367.83893800000004,3.7168000000000028,0,4,53.35,7,0.6997913682875158,25,0
TREPROSTINIL DIOLAMINE,CHEMBL2107815,CCCCC[C@H](O)CC[C@@H]1[C@H]2Cc3cccc(OCC(=O)O)c3C[C@H]2C[C@H]1O,390.5200000000002,3.583200000000003,3,4,86.99000000000001,10,0.5316657232858427,28,0
AVIBACTAM SODIUM,CHEMBL2107817,NC(=O)[C@@H]1CC[C@@H]2CN1C(=O)N2OS(=O)(=O)O,265.247,-1.5252999999999983,2,5,130.23999999999998,3,0.5954486838383566,17,0
TENOFOVIR ALAFENAMIDE,CHEMBL2107825,CC(C)OC(=O)[C@H](C)N[P@](=O)(CO[C@H](C)Cn1cnc2c(N)ncnc21)Oc1ccccc1,476.47400000000016,2.9729,2,9,143.48,11,0.3129977215658726,33,0
VIBEGRON,CHEMBL2107826,O=C(Nc1ccc(C[C@@H]2CC[C@H]([C@H](O)c3ccccc3)N2)cc1)[C@@H]1CCc2nccc(=O)n21,444.53500000000014,2.766000000000001,3,5,96.25,6,0.5433932096189031,33,0
EMPAGLIFLOZIN,CHEMBL2107830,OC[C@H]1O[C@@H](c2ccc(Cl)c(Cc3ccc(O[C@H]4CCOC4)cc3)c2)[C@H](O)[C@@H](O)[C@@H]1O,450.91500000000013,1.6133999999999993,4,7,108.61000000000001,6,0.5291572262506439,31,0
LUSUTROMBOPAG,CHEMBL2107831,CCCCCCO[C@@H](C)c1cccc(-c2csc(NC(=O)c3cc(Cl)c(/C=C(\C)C(=O)O)c(Cl)c3)n2)c1OC,591.5570000000001,8.523600000000004,2,6,97.75,13,0.15276933350769517,39,2
RIOCIGUAT,CHEMBL2107834,COC(=O)N(C)c1c(N)nc(-c2nn(Cc3ccccc3F)c3ncccc23)nc1N,422.42400000000015,2.4426999999999994,2,8,138.07000000000002,4,0.5113498614184088,31,0
TRISILICATE,CHEMBL2109882,O=[Si](O)O[Si](O)(O)O[Si](=O)O,216.282,-3.7448,4,6,133.52,4,0.35217436980422645,11,0
TRIMETHOPRIM SULFATE,CHEMBL2110367,COc1cc(Cc2cnc(N)nc2N)cc(OC)c1OC,290.32300000000004,1.2575999999999998,2,7,105.51,5,0.8533555071280714,21,0
BETHANIDINE SULFATE,CHEMBL2110368,C/N=C(\NC)NCc1ccccc1,177.251,0.9813999999999995,2,1,36.42,2,0.5216669445312792,13,0
RANITIDINE HYDROCHLORIDE,CHEMBL2110372,CNC(=C[N+](=O)[O-])NCCSCc1ccc(CN(C)C)o1,314.411,1.4589999999999999,2,7,83.58,10,0.38410287831471035,21,0
ELIGLUSTAT,CHEMBL2110588,CCCCCCCC(=O)N[C@H](CN1CCCC1)[C@H](O)c1ccc2c(c1)OCCO2,404.55100000000016,3.4323000000000023,2,5,71.03000000000002,11,0.5530897750136828,29,0
TOFOGLIFLOZIN ANHYDROUS,CHEMBL2110731,CCc1ccc(Cc2ccc3c(c2)[C@]2(OC3)O[C@H](CO)[C@@H](O)[C@H](O)[C@H]2O)cc1,386.44399999999996,0.9965999999999995,4,6,99.38000000000001,4,0.6257018128183677,28,0
DACOMITINIB ANHYDROUS,CHEMBL2110732,COc1cc2ncnc(Nc3ccc(F)c(Cl)c3)c2cc1NC(=O)/C=C/CN1CCCCC1,469.9480000000004,5.1551000000000045,2,6,79.38000000000001,7,0.46544532094051466,33,1
CHLORPHENOXAMINE,CHEMBL2110774,CN(C)CCOC(C)(c1ccccc1)c1ccc(Cl)cc1,303.833,4.181700000000004,0,2,12.47,6,0.7934887989018063,21,0
EMEPRONIUM,CHEMBL2110805,CC[N+](C)(C)C(C)CC(c1ccccc1)c1ccccc1,282.451,4.693400000000004,0,0,0.0,6,0.6740720532374792,21,0
BUTRIPTYLINE,CHEMBL2110816,CC(CC1c2ccccc2CCc2ccccc21)CN(C)C,293.454,4.504900000000004,0,1,3.24,4,0.8017174698650844,22,0
PROTHIPENDYL,CHEMBL2111030,CN(C)CCCN1c2ccccc2Sc2cccnc21,285.41600000000005,3.636000000000003,0,4,19.37,4,0.8536245937847351,20,0
LEVAMLODIPINE,CHEMBL2111097,CCOC(=O)C1=C(COCCN)NC(C)=C(C(=O)OC)[C@@H]1c1ccccc1Cl,408.88200000000006,2.266300000000001,2,7,99.88000000000001,8,0.5023259105130484,28,0
PIMAVANSERIN,CHEMBL2111101,CC(C)COc1ccc(CNC(=O)N(Cc2ccc(F)cc2)C2CCN(C)CC2)cc1,427.5640000000002,4.6665000000000045,1,3,44.81,8,0.6660910059272132,31,0
VERNAKALANT,CHEMBL2111112,COc1ccc(CCO[C@@H]2CCCC[C@H]2N2CC[C@@H](O)C2)cc1OC,349.47100000000006,2.6407000000000007,1,5,51.16000000000001,7,0.8200756996105425,25,0
RANITIDINE BISMUTH CITRATE,CHEMBL2111286,CNC(=C[N+](=O)[O-])NCCSCc1ccc(CN(C)C)o1,314.411,1.4589999999999999,2,7,83.58,10,0.38410287831471035,21,0
IPRATROPIUM BROMIDE,CHEMBL2134724,CC(C)[N+]1(C)[C@@H]2CC[C@H]1C[C@@H](OC(=O)C(CO)c1ccccc1)C2,332.464,2.8541000000000016,1,3,46.53,5,0.6661029067869589,24,0
FROVATRIPTAN SUCCINATE,CHEMBL2138684,CN[C@@H]1CCc2[nH]c3ccc(C(N)=O)cc3c2C1,243.30999999999997,1.3435,3,2,70.91,2,0.7446286892388262,18,0
IVABRADINE HYDROCHLORIDE,CHEMBL2145077,COc1cc2c(cc1OC)CC(=O)N(CCCN(C)C[C@H]1Cc3cc(OC)c(OC)cc31)CC2,468.59400000000034,3.3100000000000023,0,6,60.47000000000001,10,0.5333149482831275,34,0
CHLORTETRACYCLINE HYDROCHLORIDE,CHEMBL2146063,CN(C)[C@@H]1C(O)=C(C(N)=O)C(=O)[C@@]2(O)C(O)=C3C(=O)c4c(O)ccc(Cl)c4[C@@](C)(O)[C@H]3C[C@@H]12,478.8850000000002,0.4390000000000007,6,9,181.61999999999998,2,0.3283008516696476,33,1
EPHEDRINE HYDROCHLORIDE,CHEMBL2146102,CN[C@@H](C)[C@H](O)c1ccccc1,165.236,1.3278999999999999,2,2,32.26,3,0.7078187228911748,12,0
METHACYCLINE HYDROCHLORIDE,CHEMBL2146123,C=C1c2cccc(O)c2C(=O)C2=C(O)[C@]3(O)C(=O)C(C(N)=O)=C(O)[C@@H](N(C)C)[C@@H]3[C@@H](O)[C@H]12,442.42400000000015,-0.4378999999999982,6,9,181.62,2,0.3308521588911173,32,1
CEFUROXIME SODIUM,CHEMBL2146124,CO/N=C(\C(=O)N[C@@H]1C(=O)N2C(C(=O)O)=C(COC(N)=O)CS[C@H]12)c1ccco1,424.39100000000013,-0.5359999999999987,3,9,173.76,7,0.29500804859666163,29,0
ESOMEPRAZOLE STRONTIUM,CHEMBL2146140,COc1ccc2[nH]c([S@@+]([O-])Cc3ncc(C)c(OC)c3C)nc2c1,345.4240000000001,2.8997400000000013,1,5,83.09,5,0.7189882148938236,24,0
ATROPINE SULFATE,CHEMBL2146146,CN1[C@@H]2CC[C@H]1C[C@@H](OC(=O)C(CO)c1ccccc1)C2,289.37500000000006,1.9308999999999996,1,4,49.769999999999996,4,0.8605899449393155,21,0
COBIMETINIB,CHEMBL2146883,O=C(c1ccc(F)c(F)c1Nc1ccc(I)cc1F)N1CC(O)([C@@H]2CCCCN2)C1,531.3160000000003,3.781100000000002,3,4,64.60000000000001,4,0.5262225719674639,30,1
TENELIGLIPTIN,CHEMBL2147777,Cc1cc(N2CCN([C@@H]3CN[C@H](C(=O)N4CCSC4)C3)CC2)n(-c2ccccc2)n1,426.5900000000002,1.5661200000000006,1,6,56.64,4,0.8010417299824585,30,0
ELUXADOLINE,CHEMBL2159122,COc1ccc(CN(C(=O)[C@@H](N)Cc2c(C)cc(C(N)=O)cc2C)[C@@H](C)c2ncc(-c3ccccc3)[nH]2)cc1C(=O)O,569.6620000000003,4.159040000000003,4,6,164.63,11,0.21054162510411417,42,1
APROCITENTAN,CHEMBL2165326,NS(=O)(=O)Nc1ncnc(OCCOc2ncc(Br)cn2)c1-c1ccc(Br)cc1,546.201,2.5318000000000005,2,8,142.20999999999998,8,0.4109825313744394,29,1
RIMEGEPANT,CHEMBL2178422,N[C@@H]1c2cccnc2[C@H](OC(=O)N2CCC(n3c(=O)[nH]c4ncccc43)CC2)CC[C@H]1c1cccc(F)c1F,534.5670000000003,4.490000000000004,2,6,119.12999999999998,3,0.3740380384480267,39,1
FINERENONE,CHEMBL2181927,CCOc1ncc(C)c2c1[C@H](c1ccc(C#N)cc1OC)C(C(N)=O)=C(C)N2,378.4320000000002,2.9856999999999996,2,6,110.25999999999999,5,0.8274841249091268,28,0
ABAMETAPIR,CHEMBL2205807,Cc1ccc(-c2ccc(C)cn2)nc1,184.242,2.760440000000001,0,2,25.78,1,0.680654393103414,14,0
PAROMOMYCIN SULFATE,CHEMBL2206196,NC[C@@H]1O[C@H](O[C@H]2[C@@H](O)[C@H](O[C@@H]3[C@@H](O)[C@H](N)C[C@H](N)[C@H]3O[C@H]3O[C@H](CO)[C@@H](O)[C@H](O)[C@H]3N)O[C@@H]2CO)[C@H](N)[C@@H](O)[C@@H]1O,615.6340000000004,-8.861700000000015,13,19,347.32,9,0.11437508455025171,42,3
IDELALISIB,CHEMBL2216870,CC[C@H](Nc1ncnc2[nH]cnc12)c1nc2cccc(F)c2c(=O)n1-c1ccccc1,415.43200000000013,3.7543000000000015,2,6,101.38000000000002,5,0.4533184660974361,31,0
QUINAGOLIDE,CHEMBL2218861,CCCN1CC(NS(=O)(=O)N(CC)CC)CC2Cc3c(O)cccc3CC21,395.56900000000013,2.136099999999999,2,4,72.88000000000001,7,0.7418884276268264,27,0
TRIMETREXATE GLUCURONATE,CHEMBL2218878,COc1cc(NCc2ccc3nc(N)nc(N)c3c2C)cc(OC)c1OC,369.4250000000001,2.740520000000001,3,8,117.54,6,0.6069831028443925,27,0
FLUVASTATIN SODIUM,CHEMBL2218894,CC(C)n1c(/C=C/C(O)CC(O)CC(=O)O)c(-c2ccc(F)cc2)c2ccccc21,411.473,4.628100000000003,3,3,82.69,8,0.5047877346321323,30,0
NABILONE,CHEMBL2218896,CCCCCCC(C)(C)c1cc(O)c2c(c1)OC(C)(C)C1CCC(=O)CC21,372.5490000000002,6.264000000000007,1,3,46.53,6,0.5991110663803345,27,1
CEVIMELINE HYDROCHLORIDE,CHEMBL2218917,CC1OC2(CS1)CN1CCC2CC1,199.31899999999993,1.5602,0,3,12.47,0,0.5872820800253644,13,0
MOMELOTINIB DIHYDROCHLORIDE,CHEMBL2219411,N#CCNC(=O)c1ccc(-c2ccnc(Nc3ccc(N4CCOCC4)cc3)n2)cc1,414.4690000000002,2.9771800000000015,2,7,103.17,6,0.597823059764905,31,0
ERAVACYCLINE DIHYDROCHLORIDE,CHEMBL2219414,CN(C)[C@@H]1C(O)=C(C(N)=O)C(=O)[C@@]2(O)C(O)=C3C(=O)c4c(O)c(NC(=O)CN5CCCC5)cc(F)c4C[C@H]3C[C@@H]12,558.5630000000002,0.29400000000000115,6,10,193.73,5,0.21610433599038925,40,2
NALOXEGOL OXALATE,CHEMBL2219416,C=CCN1CC[C@]23c4c5ccc(O)c4O[C@H]2[C@@H](OCCOCCOCCOCCOCCOCCOCCOC)CC[C@@]3(O)[C@H]1C5,651.7940000000003,1.8635000000000028,2,12,126.77000000000004,24,0.1252158273224996,46,2
NALOXEGOL,CHEMBL2219418,C=CCN1CC[C@]23c4c5ccc(O)c4O[C@H]2[C@@H](OCCOCCOCCOCCOCCOCCOCCOC)CC[C@@]3(O)[C@H]1C5,651.7940000000003,1.8635000000000028,2,12,126.77000000000004,24,0.1252158273224996,46,2
ARIPIPRAZOLE LAUROXIL,CHEMBL2219425,CCCCCCCCCCCC(=O)OCN1C(=O)CCc2ccc(OCCCCN3CCN(c4cccc(Cl)c4Cl)CC3)cc21,660.7270000000002,8.675400000000007,0,6,62.32000000000001,19,0.11105766675976755,45,2
CALCIUM GLUBIONATE ANHYDROUS,CHEMBL2219740,O=C(O)[C@H](O)[C@@H](O)[C@H](O[C@@H]1O[C@H](CO)[C@H](O)[C@H](O)[C@H]1O)[C@H](O)CO,358.29600000000005,-5.668899999999993,9,11,217.59999999999997,8,0.19819887387731525,24,2
FLUVASTATIN,CHEMBL2220442,CC(C)n1c(/C=C/C(O)CC(O)CC(=O)O)c(-c2ccc(F)cc2)c2ccccc21,411.473,4.628100000000003,3,3,82.69,8,0.5047877346321323,30,0
CLOBETASONE BUTYRATE,CHEMBL2308885,CCCC(=O)O[C@]1(C(=O)CCl)[C@H](C)C[C@@H]2[C@@H]3CCC4=CC(=O)C=C[C@]4(C)[C@]3(F)C(=O)C[C@@]21C,478.98800000000034,4.701400000000005,0,5,77.51,5,0.4224490917261431,33,0
CAPIVASERTIB,CHEMBL2325741,NC1(C(=O)N[C@@H](CCO)c2ccc(Cl)cc2)CCN(c2nc[nH]c3nccc2-3)CC1,428.9240000000002,2.1004999999999994,4,6,120.16000000000001,6,0.47688881400359556,30,0
XANOMELINE TARTRATE,CHEMBL2336050,CCCCCCOc1nsnc1C1=CCCN(C)C1,281.425,3.2161000000000017,0,5,38.25000000000001,7,0.7193179399301258,19,0
SIPONIMOD,CHEMBL2336071,CCc1cc(/C(C)=N/OCc2ccc(C3CCCCC3)c(C(F)(F)F)c2)ccc1CN1CC(C(=O)O)C1,516.6040000000002,6.7727000000000075,1,4,62.129999999999995,9,0.2950723343208272,37,2
ROXADUSTAT,CHEMBL2338329,Cc1nc(C(=O)NCC(=O)O)c(O)c2ccc(Oc3ccccc3)cc12,352.34600000000006,2.8555200000000003,3,5,108.75000000000001,5,0.651420729014751,26,0
FOSDENOPTERIN,CHEMBL2338675,Nc1nc(=O)c2c([nH]1)N[C@@H]1O[C@@H]3COP(=O)(O)O[C@@H]3C(O)(O)[C@@H]1N2,363.223,-2.5202999999999998,7,11,201.27999999999997,0,0.18854761523882443,24,2
VAMOROLONE,CHEMBL2348780,C[C@@H]1C[C@H]2[C@@H]3CCC4=CC(=O)C=C[C@]4(C)C3=CC[C@]2(C)[C@@]1(O)C(=O)CO,356.4620000000001,2.752900000000001,2,4,74.6,2,0.7462733211519809,26,0
CLOMIPHENE,CHEMBL2355051,CCN(CC)CCOc1ccc(C(=C(Cl)c2ccccc2)c2ccccc2)cc1,405.96900000000005,6.562600000000006,0,2,12.47,9,0.3734283215865669,29,1
IBUTILIDE FUMARATE,CHEMBL2355456,CCCCCCCN(CC)CCCC(O)c1ccc(NS(C)(=O)=O)cc1,384.58600000000007,4.164000000000003,2,4,69.64,14,0.4725190328976435,26,0
ISOMETHEPTENE MUCATE,CHEMBL2355839,CNC(C)CCC=C(C)C,141.25799999999998,2.3407,1,1,12.03,4,0.5924784865667705,10,0
DIHYDROTACHYSTEROL,CHEMBL2356023,CC(C)[C@@H](C)/C=C/[C@@H](C)[C@H]1CC[C@H]2/C(=C/C=C3\C[C@@H](O)CC[C@@H]3C)CCC[C@]12C,398.67500000000024,7.720900000000009,1,1,20.23,5,0.46986275806828504,29,1
METOPROLOL SUCCINATE,CHEMBL2356097,COCCc1ccc(OCC(O)CNC(C)C)cc1,267.36899999999997,1.6132,2,4,50.72,9,0.7135696186852986,19,0
CARPHENAZINE MALEATE,CHEMBL2358147,CCC(=O)c1ccc2c(c1)N(CCCN1CCN(CCO)CC1)c1ccccc1S2,425.5980000000002,3.8820000000000032,1,6,47.02000000000001,8,0.6479013320403016,30,0
THIETHYLPERAZINE MALATE,CHEMBL2359670,CCSc1ccc2c(c1)N(CCCN1CCN(C)CC1)c1ccccc1S2,399.62900000000013,5.0388000000000055,0,5,9.72,6,0.6278219543332592,27,1
QUININE SULFATE,CHEMBL2359966,C=C[C@H]1CN2CC[C@H]1C[C@H]2[C@H](O)c1ccnc2ccc(OC)cc12,324.4240000000001,3.1732000000000014,1,4,45.59,4,0.8776016184783941,24,0
ACETOPHENAZINE MALEATE,CHEMBL2360079,CC(=O)c1ccc2c(c1)N(CCCN1CCN(CCO)CC1)c1ccccc1S2,411.5710000000001,3.491900000000002,1,6,47.02000000000001,7,0.7040504664729514,29,0
PEMETREXED DISODIUM,CHEMBL2360464,Nc1nc2[nH]cc(CCc3ccc(C(=O)N[C@@H](CCC(=O)O)C(=O)O)cc3)c2c(=O)[nH]1,427.41700000000014,0.6664000000000003,6,6,191.26,9,0.2867441070042202,31,1
BUCLIZINE HYDROCHLORIDE,CHEMBL2360580,CC(C)(C)c1ccc(CN2CCN(C(c3ccccc3)c3ccc(Cl)cc3)CC2)cc1,433.0390000000001,6.544700000000008,0,2,6.48,5,0.450917622424228,31,1
PENBUTOLOL SULFATE,CHEMBL2361370,CC(C)(C)NC[C@H](O)COc1ccccc1C1CCCC1,291.4350000000001,3.472000000000002,2,3,41.489999999999995,6,0.8429853880163447,21,0
LANDIOLOL HYDROCHLORIDE,CHEMBL2362410,CC1(C)OC[C@@H](COC(=O)CCc2ccc(OC[C@@H](O)CNCCNC(=O)N3CCOCC3)cc2)O1,509.60000000000036,0.6850000000000034,3,9,127.82000000000001,13,0.2598475664508193,36,1
DOXYCYCLINE CALCIUM,CHEMBL2364574,C[C@H]1c2cccc(O)c2C(=O)C2=C(O)[C@]3(O)C(=O)C(C(N)=O)=C(O)[C@@H](N(C)C)[C@@H]3[C@@H](O)[C@@H]21,444.44000000000017,-0.3475999999999985,6,9,181.62,2,0.3322174879037973,32,1
COBIMETINIB FUMARATE,CHEMBL2364607,O=C(c1ccc(F)c(F)c1Nc1ccc(I)cc1F)N1CC(O)([C@@H]2CCCCN2)C1,531.3160000000003,3.781100000000002,3,4,64.60000000000001,4,0.5262225719674639,30,1
DORAVIRINE,CHEMBL2364608,Cn1c(Cn2ccc(C(F)(F)F)c(Oc3cc(Cl)cc(C#N)c3)c2=O)n[nH]c1=O,425.7540000000001,2.654580000000001,1,5,105.69999999999999,4,0.6914051268589834,29,0
ESKETAMINE HYDROCHLORIDE,CHEMBL2364609,CN[C@]1(c2ccccc2Cl)CCCCC1=O,237.7299999999999,2.897800000000001,1,2,29.1,2,0.8571565291687987,16,0
LATANOPROSTENE BUNOD,CHEMBL2364612,O=C(CCC/C=C\C[C@@H]1[C@@H](CC[C@@H](O)CCc2ccccc2)[C@H](O)C[C@@H]1O)OCCCCO[N+](=O)[O-],507.6240000000003,3.7665000000000024,3,8,139.36,18,0.08970462438752819,36,1
MACIMORELIN ACETATE,CHEMBL2364617,CC(C)(N)C(=O)N[C@H](Cc1c[nH]c2ccccc12)C(=O)N[C@H](Cc1c[nH]c2ccccc12)NC=O,474.56500000000017,1.8447999999999996,6,4,144.89999999999998,10,0.15385344754641514,35,1
PLAZOMICIN SULFATE,CHEMBL2364623,CN[C@@H]1[C@@H](O)[C@@H](O[C@@H]2[C@@H](O)[C@H](O[C@H]3OC(CNCCO)=CC[C@H]3N)[C@@H](N)C[C@H]2NC(=O)[C@@H](O)CCN)OC[C@]1(C)O,592.6910000000003,-5.361100000000009,11,15,269.29,13,0.08911788188831485,41,3
RIMEGEPANT SULFATE,CHEMBL2364629,N[C@@H]1c2cccnc2[C@H](OC(=O)N2CCC(n3c(=O)[nH]c4ncccc43)CC2)CC[C@H]1c1cccc(F)c1F,534.5670000000003,4.490000000000004,2,6,119.12999999999998,3,0.3740380384480267,39,1
SARECYCLINE,CHEMBL2364632,CON(C)Cc1ccc(O)c2c1C[C@H]1C[C@H]3[C@H](N(C)C)C(O)=C(C(N)=O)C(=O)[C@@]3(O)C(O)=C1C2=O,487.5090000000003,0.11380000000000173,5,10,173.85999999999996,5,0.2832962279442589,35,0
SARECYCLINE HYDROCHLORIDE,CHEMBL2364633,CON(C)Cc1ccc(O)c2c1C[C@H]1C[C@H]3[C@H](N(C)C)C(O)=C(C(N)=O)C(=O)[C@@]3(O)C(O)=C1C2=O,487.5090000000003,0.11380000000000173,5,10,173.85999999999996,5,0.2832962279442589,35,0
TAFENOQUINE SUCCINATE,CHEMBL2364635,COc1cc(C)c2c(Oc3cccc(C(F)(F)F)c3)c(OC)cc(NC(C)CCCN)c2n1,463.5000000000003,5.910820000000005,2,6,78.63,9,0.4107301234210515,33,1
TENOFOVIR ALAFENAMIDE FUMARATE,CHEMBL2364637,CC(C)OC(=O)[C@H](C)N[P@](=O)(CO[C@H](C)Cn1cnc2c(N)ncnc21)Oc1ccccc1,476.47400000000016,2.9729,2,9,143.48,11,0.3129977215658726,33,0
UBROGEPANT,CHEMBL2364638,C[C@@H]1[C@H](c2ccccc2)C[C@H](NC(=O)c2cnc3c(c2)C[C@@]2(C3)C(=O)Nc3ncccc32)C(=O)N1CC(F)(F)F,549.5530000000003,3.5306000000000024,2,5,104.29,4,0.518443001557986,40,1
VALBENAZINE,CHEMBL2364639,COc1cc2c(cc1OC)[C@H]1C[C@@H](OC(=O)[C@@H](N)C(C)C)[C@H](CC(C)C)CN1CC2,418.57800000000026,3.5641000000000025,1,6,74.02,7,0.6826775892247292,30,0
METRIZOATE MAGNESIUM,CHEMBL2364738,CC(=O)Nc1c(I)c(C(=O)O)c(I)c(N(C)C(C)=O)c1I,627.9420000000001,3.1397000000000013,2,3,86.71000000000001,3,0.5047465616448636,21,1
ALPELISIB,CHEMBL2396661,Cc1nc(NC(=O)N2CCC[C@H]2C(N)=O)sc1-c1ccnc(C(C)(C)C(F)(F)F)c1,441.4790000000001,3.835020000000002,2,5,101.21,4,0.7528280893178394,30,0
ZAVEGEPANT,CHEMBL2397415,Cc1cc(C[C@@H](NC(=O)N2CCC(c3cc4ccccc4[nH]c3=O)CC2)C(=O)N2CCN(C3CCN(C)CC3)CC2)cc2cn[nH]c12,638.817,3.451520000000002,3,6,120.66999999999999,6,0.29776460578878866,47,1
CERITINIB,CHEMBL2403108,Cc1cc(Nc2ncc(Cl)c(Nc3ccccc3S(=O)(=O)C(C)C)n2)c(OC(C)C)cc1C1CCNCC1,558.1480000000001,6.361920000000006,3,8,105.24000000000001,9,0.2788737905378975,38,2
CABOTEGRAVIR,CHEMBL2403238,C[C@H]1CO[C@@H]2Cn3cc(C(=O)NCc4ccc(F)cc4F)c(=O)c(O)c3C(=O)N12,405.35700000000014,0.9626999999999997,2,5,100.86999999999999,3,0.7924971534172238,29,0
OLICERIDINE,CHEMBL2443262,COc1ccsc1CNCC[C@@]1(c2ccccn2)CCOC2(CCCC2)C1,386.5610000000003,4.692600000000004,1,5,43.379999999999995,7,0.7010811066938075,27,0
PIMAVANSERIN TARTRATE,CHEMBL2448613,CC(C)COc1ccc(CNC(=O)N(Cc2ccc(F)cc2)C2CCN(C)CC2)cc1,427.5640000000002,4.6665000000000045,1,3,44.81,8,0.6660910059272132,31,0
DUVELISIB,CHEMBL3039502,C[C@H](Nc1ncnc2nc[nH]c12)c1cc2cccc(Cl)c2c(=O)n1-c1ccccc1,416.8720000000002,4.483500000000002,2,5,88.49000000000001,4,0.4505068915844373,30,0
NINTEDANIB ESYLATE,CHEMBL3039504,COC(=O)c1ccc2c(c1)NC(=O)/C2=C(\Nc1ccc(N(C)C(=O)CN2CCN(C)CC2)cc1)c1ccccc1,539.6360000000004,3.6159000000000026,2,7,94.21999999999997,7,0.34997926244425176,40,1
SOTAGLIFLOZIN,CHEMBL3039507,CCOc1ccc(Cc2cc([C@@H]3O[C@H](SC)[C@@H](O)[C@H](O)[C@H]3O)ccc2Cl)cc1,424.946,3.172600000000002,3,6,79.15,6,0.6606272277437806,28,0
NALDEMEDINE TOSYLATE,CHEMBL3039508,CC(C)(NC(=O)C1=C(O)[C@@H]2Oc3c(O)ccc4c3[C@@]23CCN(CC2CC2)[C@H](C4)[C@]3(O)C1)c1nc(-c2ccccc2)no1,570.6460000000004,3.4798000000000027,4,9,141.18,6,0.35052166340505786,42,1
LASMIDITAN,CHEMBL3039520,CN1CCC(C(=O)c2cccc(NC(=O)c3c(F)cc(F)cc3F)n2)CC1,377.3660000000001,3.2757000000000014,1,4,62.300000000000004,4,0.831072974287591,27,0
LASMIDITAN SUCCINATE,CHEMBL3039526,CN1CCC(C(=O)c2cccc(NC(=O)c3c(F)cc(F)cc3F)n2)CC1,377.3660000000001,3.2757000000000014,1,4,62.300000000000004,4,0.831072974287591,27,0
FOSINOPRIL SODIUM,CHEMBL3039596,CCC(=O)O[C@@H](O[P@](=O)(CCCCc1ccccc1)CC(=O)N1C[C@H](C2CCCCC2)C[C@H]1C(=O)O)C(C)C,563.6720000000004,6.121300000000007,1,6,110.21,14,0.12563111172055988,39,2
FOSINOPRIL,CHEMBL3039598,CCC(=O)O[C@@H](O[P@](=O)(CCCCc1ccccc1)CC(=O)N1C[C@H](C2CCCCC2)C[C@H]1C(=O)O)C(C)C,563.6720000000004,6.121300000000007,1,6,110.21,14,0.12563111172055988,39,2
TROSPIUM CHLORIDE,CHEMBL3084748,O=C(O[C@H]1C[C@H]2CC[C@@H](C1)[N+]21CCCC1)C(O)(c1ccccc1)c1ccccc1,392.519,3.769700000000003,1,3,46.53,4,0.6364424954881173,29,0
OSILODROSTAT,CHEMBL3099695,N#Cc1ccc([C@H]2CCc3cncn32)c(F)c1,227.242,2.42948,0,2,41.61,1,0.75036916148326,17,0
RELEBACTAM ANHYDROUS,CHEMBL3112741,O=C(NC1CCNCC1)[C@@H]1CC[C@@H]2CN1C(=O)N2OS(=O)(=O)O,348.3810000000001,-1.142399999999997,3,6,128.28,4,0.5477029671920374,23,0
SACUBITRIL,CHEMBL3137301,CCOC(=O)[C@H](C)C[C@@H](Cc1ccc(-c2ccccc2)cc1)NC(=O)CCC(=O)O,411.49800000000016,3.8350000000000017,2,4,92.7,11,0.5482942603196118,30,0
PEFICITINIB,CHEMBL3137308,NC(=O)c1cnc2[nH]ccc2c1N[C@@H]1[C@@H]2CC3C[C@H]1C[C@@](O)(C3)C2,326.40000000000015,2.0133,4,4,104.03000000000002,3,0.6923710324400739,24,0
BENZHYDROCODONE HYDROCHLORIDE,CHEMBL3137310,COc1ccc2c3c1O[C@H]1C(OC(=O)c4ccccc4)=CC[C@@H]4[C@@H](C2)N(C)CC[C@@]341,403.47800000000024,3.7150000000000025,0,5,48.00000000000001,3,0.7314564664233757,30,0
DASABUVIR,CHEMBL3137312,COc1c(-c2ccc3cc(NS(C)(=O)=O)ccc3c2)cc(-n2ccc(=O)[nH]c2=O)cc1C(C)(C)C,493.58500000000026,4.023600000000002,2,5,110.25999999999999,5,0.4363022246167922,35,0
SONIDEGIB PHOSPHATE,CHEMBL3137317,Cc1c(C(=O)Nc2ccc(N3C[C@@H](C)O[C@@H](C)C3)nc2)cccc1-c1ccc(OC(F)(F)F)cc1,485.5060000000001,5.821520000000005,1,5,63.69000000000001,5,0.49338697106079654,35,1
TALAZOPARIB TOSYLATE,CHEMBL3137318,Cn1ncnc1[C@H]1c2n[nH]c(=O)c3cc(F)cc(c23)N[C@@H]1c1ccc(F)cc1,380.35800000000006,2.6285000000000007,2,5,88.49000000000001,2,0.5581669450324385,28,0
TALAZOPARIB,CHEMBL3137320,Cn1ncnc1[C@H]1c2n[nH]c(=O)c3cc(F)cc(c23)N[C@@H]1c1ccc(F)cc1,380.35800000000006,2.6285000000000007,2,5,88.49000000000001,2,0.5581669450324385,28,0
BENZHYDROCODONE,CHEMBL3137321,COc1ccc2c3c1O[C@H]1C(OC(=O)c4ccccc4)=CC[C@@H]4[C@@H](C2)N(C)CC[C@@]341,403.47800000000024,3.7150000000000025,0,5,48.00000000000001,3,0.7314564664233757,30,0
DEUTETRABENAZINE,CHEMBL3137326,[2H]C([2H])([2H])Oc1cc2c(cc1OC([2H])([2H])[2H])C1CC(=O)C(CC(C)C)CN1CC2,323.4656106680001,3.238100000000002,0,4,38.77,4,0.8525423810799169,23,0
PEFICITINIB HYDROBROMIDE,CHEMBL3137329,NC(=O)c1cnc2[nH]ccc2c1N[C@@H]1[C@@H]2CC3C[C@H]1C[C@@](O)(C3)C2,326.40000000000015,2.0133,4,4,104.03000000000002,3,0.6923710324400739,24,0
CABOTEGRAVIR SODIUM,CHEMBL3137330,C[C@H]1CO[C@@H]2Cn3cc(C(=O)NCc4ccc(F)cc4F)c(=O)c(O)c3C(=O)N12,405.35700000000014,0.9626999999999997,2,5,100.86999999999999,3,0.7924971534172238,29,0
ETHAMBUTOL HYDROCHLORIDE,CHEMBL3140361,CC[C@@H](CO)NCCN[C@@H](CC)CO,204.314,-0.292599999999999,4,4,64.52,9,0.3896708755641931,14,0
METHICILLIN SODIUM,CHEMBL3181832,COc1cccc(OC)c1C(=O)N[C@@H]1C(=O)N2[C@@H]1SC(C)(C)[C@@H]2C(=O)O,380.42200000000014,0.9490999999999996,2,6,105.17,5,0.7328552661597635,26,0
RAMOSETRON HYDROCHLORIDE,CHEMBL3181841,Cn1cc(C(=O)[C@@H]2CCc3[nH]cnc3C2)c2ccccc21,279.343,2.8892000000000015,1,2,50.68,2,0.7332734493962786,21,0
PIVAMPICILLIN,CHEMBL3182343,CC(C)(C)C(=O)OCOC(=O)[C@@H]1N2C(=O)[C@@H](NC(=O)[C@H](N)c3ccccc3)[C@H]2SC1(C)C,463.55600000000015,1.3235000000000015,2,8,128.03,6,0.36731370130746416,32,0
PRAMIPEXOLE DIHYDROCHLORIDE,CHEMBL3182733,CCCN[C@H]1CCc2nc(N)sc2C1,211.33399999999997,1.5822,2,4,50.94,3,0.7978726845629878,14,0
NIZATIDINE,CHEMBL3183075,CNC(=C[N+](=O)[O-])NCCSCc1csc(CN(C)C)n1,331.4670000000001,1.3224999999999998,2,8,83.33,10,0.3799534662760676,21,0
OCTINOXATE,CHEMBL3183184,CCCCC(CC)COC(=O)C=Cc1ccc(OC)cc1,290.403,4.468000000000004,0,3,35.53,9,0.49706450017145404,21,0
CEFMENOXIME HYDROCHLORIDE,CHEMBL3183193,CO/N=C(\C(=O)N[C@@H]1C(=O)N2C(C(=O)O)=C(CSc3nnnn3C)CS[C@H]12)c1csc(N)n1,511.57100000000014,-0.8697999999999984,3,13,190.81,8,0.17202664914850496,33,2
APALUTAMIDE,CHEMBL3183409,CNC(=O)c1ccc(N2C(=S)N(c3cnc(C#N)c(C(F)(F)F)c3)C(=O)C23CCC3)cc1F,477.4430000000002,3.5315800000000026,1,5,89.33000000000001,3,0.5376107076331194,33,0
GARENOXACIN MESYLATE,CHEMBL3183451,C[C@H]1NCc2cc(-c3ccc4c(=O)c(C(=O)O)cn(C5CC5)c4c3OC(F)F)ccc21,426.41900000000015,4.467200000000004,2,4,80.56000000000002,5,0.6294454740871185,31,0
GUANADREL SULFATE,CHEMBL3184143,N=C(N)NCC1COC2(CCCCC2)O1,213.28099999999992,0.5452699999999997,3,3,80.36000000000001,2,0.46190306091295014,15,0
CLINDAMYCIN PHOSPHATE,CHEMBL3184512,CCC[C@@H]1C[C@@H](C(=O)N[C@@H]([C@H]2O[C@H](SC)[C@H](OP(=O)(O)O)[C@@H](O)[C@H]2O)[C@H](C)Cl)N(C)C1,504.97000000000014,0.5064999999999993,5,8,148.79000000000002,9,0.22187621720477288,31,1
STREPTOMYCIN SULFATE,CHEMBL3184791,CN[C@@H]1[C@H](O[C@H]2[C@H](O[C@H]3[C@H](O)[C@@H](O)[C@H](N=C(N)N)[C@@H](O)[C@@H]3N=C(N)N)O[C@@H](C)[C@]2(O)C=O)O[C@@H](CO)[C@H](O)[C@H]1O,581.5800000000005,-8.161100000000008,12,15,336.43000000000006,9,0.06824479508490591,40,3
MEPHENTERMINE SULFATE,CHEMBL3184799,CNC(C)(C)Cc1ccccc1,163.264,2.2271,1,1,12.03,3,0.7201830349328019,12,0
CLOMIPHENE CITRATE,CHEMBL3185958,CCN(CC)CCOc1ccc(C(=C(Cl)c2ccccc2)c2ccccc2)cc1,405.96900000000005,6.562600000000006,0,2,12.47,9,0.3734283215865669,29,1
ONDANSETRON HYDROCHLORIDE,CHEMBL3186492,Cc1nccn1CC1CCc2c(c3ccccc3n2C)C1=O,293.37000000000006,3.1285200000000017,0,2,39.82,2,0.7280085381147323,22,0
HYDROXYZINE HYDROCHLORIDE,CHEMBL3186993,OCCOCCN1CCN(C(c2ccccc2)c2ccc(Cl)cc2)CC1,374.91200000000015,3.055900000000001,1,4,35.940000000000005,8,0.720292463198365,26,0
ASENAPINE,CHEMBL3187365,CN1CC2c3ccccc3Oc3ccc(Cl)cc3C2C1,285.77400000000006,4.258500000000003,0,2,12.47,0,0.7170507116408826,20,0
BINIMETINIB,CHEMBL3187723,Cn1cnc2c(F)c(Nc3ccc(Br)cc3F)c(C(=O)NOCCO)cc21,441.2320000000002,3.0113000000000003,3,5,88.41000000000001,6,0.40456998279113743,27,0
APOMORPHINE HYDROCHLORIDE,CHEMBL3187985,CN1CCc2cccc3c2[C@H]1Cc1ccc(O)c(O)c1-3,267.328,2.8499000000000025,2,3,43.7,0,0.7213394581196795,20,0
TRIPROLIDINE HYDROCHLORIDE,CHEMBL3188034,Cc1ccc(/C(=C\CN2CCCC2)c2ccccn2)cc1,278.399,3.917520000000003,0,2,16.130000000000003,4,0.8424584892829,21,0
CAPMATINIB,CHEMBL3188267,CNC(=O)c1ccc(-c2cnc3ncc(Cc4ccc5ncccc5c4)n3n2)cc1F,412.42800000000005,3.429000000000002,1,5,85.07000000000001,4,0.48889130178176626,31,0
QUETIAPINE FUMARATE,CHEMBL3188993,OCCOCCN1CCN(C2=Nc3ccccc3Sc3ccccc32)CC1,383.51700000000017,2.8560000000000016,1,6,48.300000000000004,5,0.8048695029648197,27,0
TIROFIBAN HYDROCHLORIDE,CHEMBL3189072,CCCCS(=O)(=O)N[C@@H](Cc1ccc(OCCCCC2CCNCC2)cc1)C(=O)O,440.6060000000003,2.9505,3,5,104.73,14,0.3843022048921749,30,0
COPANLISIB,CHEMBL3218576,COc1c(OCCCN2CCOCC2)ccc2c1N=C(NC(=O)c1cnc(N)nc1)N1CCN=C21,480.5290000000002,0.661800000000002,2,11,139.79000000000002,7,0.5470559666602671,35,1
LUMATEPERONE TOSYLATE,CHEMBL3233142,CN1CCN2c3c(cccc31)[C@@H]1CN(CCCC(=O)c3ccc(F)cc3)CC[C@@H]12,393.5060000000001,3.9165000000000036,0,4,26.79,5,0.7198069073904806,29,0
CEDAZURIDINE,CHEMBL3237547,O=C1N[C@H](O)CCN1[C@@H]1O[C@H](CO)[C@@H](O)C1(F)F,268.216,-1.5664999999999996,4,5,102.26,2,0.48460198734903326,18,0
METHOTREXATE SODIUM,CHEMBL3244648,CN(Cc1cnc2nc(N)nc(N)c2n1)c1ccc(C(=O)N[C@@H](CCC(=O)O)C(=O)O)cc1,454.44700000000023,0.2684000000000012,5,10,210.53999999999996,9,0.29472034504927447,33,0
RESMETIROM,CHEMBL3261331,CC(C)c1cc(Oc2c(Cl)cc(-n3nc(C#N)c(=O)[nH]c3=O)cc2Cl)n[nH]c1=O,435.2270000000001,2.0982800000000004,2,7,146.51999999999998,4,0.6379909002470271,29,0
LORLATINIB,CHEMBL3286830,C[C@H]1Oc2cc(cnc2N)-c2c(nn(C)c2C#N)CN(C)C(=O)c2ccc(F)cc21,406.4210000000001,2.8006800000000016,1,6,110.06,0,0.6146965066530885,30,0
LEFAMULIN,CHEMBL3291398,C=C[C@]1(C)C[C@@H](OC(=O)CS[C@@H]2CC[C@@H](N)C[C@H]2O)[C@]2(C)[C@H](C)CC[C@]3(CCC(=O)[C@H]32)[C@@H](C)[C@@H]1O,507.7370000000003,3.8668000000000036,3,7,109.85000000000001,5,0.38273499100363056,35,1
FOSTEMSAVIR,CHEMBL3301594,COc1cnc(-n2cnc(C)n2)c2c1c(C(=O)C(=O)N1CCN(C(=O)c3ccccc3)CC1)cn2COP(=O)(O)O,583.4980000000005,1.1681199999999994,2,9,182.20999999999998,8,0.17252489889225614,41,1
FOSTEMSAVIR TROMETHAMINE,CHEMBL3301598,COc1cnc(-n2cnc(C)n2)c2c1c(C(=O)C(=O)N1CCN(C(=O)c3ccccc3)CC1)cn2COP(=O)(O)O,583.4980000000005,1.1681199999999994,2,9,182.20999999999998,8,0.17252489889225614,41,1
GILTERITINIB FUMARATE,CHEMBL3301603,CCc1nc(C(N)=O)c(Nc2ccc(N3CCC(N4CCN(C)CC4)CC3)c(OC)c2)nc1NC1CCOCC1,552.7240000000003,2.6972000000000014,3,10,121.10999999999999,9,0.4281496579360725,40,1
RELEBACTAM,CHEMBL3301605,O=C(NC1CCNCC1)[C@@H]1CC[C@@H]2CN1C(=O)N2OS(=O)(=O)O,348.3810000000001,-1.142399999999997,3,6,128.28,4,0.5477029671920374,23,0
FILGOTINIB,CHEMBL3301607,O=C(Nc1nc2cccc(-c3ccc(CN4CCS(=O)(=O)CC4)cc3)n2n1)C1CC1,425.5140000000002,1.9751999999999998,1,6,96.67,5,0.6714427615145171,30,0
ABEMACICLIB,CHEMBL3301610,CCN1CCN(Cc2ccc(Nc3ncc(F)c(-c4cc(F)c5nc(C)n(C(C)C)c5c4)n3)nc2)CC1,506.6050000000003,4.936920000000004,1,7,75.0,7,0.38068830735885517,37,1
ENCORAFENIB,CHEMBL3301612,COC(=O)N[C@@H](C)CNc1nccc(-c2cn(C(C)C)nc2-c2cc(Cl)cc(NS(C)(=O)=O)c2F)n1,540.0210000000002,3.908400000000002,3,8,140.13,9,0.37159842204424726,36,1
GILTERITINIB,CHEMBL3301622,CCc1nc(C(N)=O)c(Nc2ccc(N3CCC(N4CCN(C)CC4)CC3)c(OC)c2)nc1NC1CCOCC1,552.7240000000003,2.6972000000000014,3,10,121.10999999999999,9,0.4281496579360725,40,1
LUMATEPERONE,CHEMBL3306803,CN1CCN2c3c(cccc31)[C@@H]1CN(CCCC(=O)c3ccc(F)cc3)CC[C@@H]12,393.5060000000001,3.9165000000000036,0,4,26.79,5,0.7198069073904806,29,0
OTESECONAZOLE,CHEMBL3311228,O[C@@](Cn1cnnn1)(c1ccc(F)cc1F)C(F)(F)c1ccc(-c2ccc(OCC(F)(F)F)cc2)cn1,527.4000000000002,4.6342000000000025,1,6,85.95,8,0.336518429726495,37,1
VABORBACTAM,CHEMBL3317857,O=C(O)C[C@@H]1CC[C@H](NC(=O)Cc2cccs2)B(O)O1,297.141,0.4487999999999997,3,5,95.86000000000001,5,0.6857461575224179,20,0
TOVORAFENIB,CHEMBL3348923,C[C@@H](NC(=O)c1ncnc(N)c1Cl)c1ncc(C(=O)Nc2cc(C(F)(F)F)c(Cl)cn2)s1,506.2970000000001,3.9792000000000014,3,8,135.78000000000003,5,0.476447317615037,32,1
TELOTRISTAT ETIPRATE,CHEMBL3348963,CCOC(=O)[C@@H](N)Cc1ccc(-c2cc(O[C@H](c3ccc(Cl)cc3-n3ccc(C)n3)C(F)(F)F)nc(N)n2)cc1,574.991,4.988620000000003,2,8,131.17,9,0.26735331920192434,40,1
OSIMERTINIB,CHEMBL3353410,C=CC(=O)Nc1cc(Nc2nccc(-c3cn(C)c4ccccc34)n2)c(OC)cc1N(C)CCN(C)C,499.6190000000003,4.509800000000003,2,7,87.55,10,0.3105348061023151,37,0
ETRASIMOD,CHEMBL3358920,O=C(O)C[C@H]1CCc2c1[nH]c1ccc(OCc3ccc(C4CCCC4)c(C(F)(F)F)c3)cc21,457.49200000000025,6.927800000000006,2,2,62.31999999999999,6,0.42198742672696293,33,1
FLUORODOPA F 18,CHEMBL3400972,N[C@@H](Cc1cc(O)c(O)cc1[18F])C(=O)O,214.18293799999995,0.19129999999999997,4,4,103.78000000000002,3,0.5376065802356236,15,0
TEPOTINIB,CHEMBL3402762,CN1CCC(COc2cnc(-c3cccc(Cn4nc(-c5cccc(C#N)c5)ccc4=O)c3)nc2)CC1,492.58300000000025,4.007880000000003,0,7,96.92999999999999,7,0.3845344905374436,37,0
TAZEMETOSTAT,CHEMBL3414621,CCN(c1cc(-c2ccc(CN3CCOCC3)cc2)cc(C(=O)NCc2c(C)cc(C)[nH]c2=O)c1C)C1CCOCC1,572.75,4.734660000000003,2,6,86.9,9,0.38554289103466516,42,1
BENZPHETAMINE HYDROCHLORIDE,CHEMBL3544906,C[C@@H](Cc1ccccc1)N(C)Cc1ccccc1,239.36199999999997,3.7496000000000027,0,1,3.24,5,0.7678129737095625,18,0
AZATADINE MALEATE,CHEMBL3544908,CN1CCC(=C2c3ccccc3CCc3cccnc32)CC1,290.4100000000001,3.7077000000000027,0,2,16.130000000000003,0,0.7351080643084177,22,0
CALCIFEDIOL,CHEMBL3544909,C=C1CC[C@H](O)C/C1=C/C=C1\CCC[C@]2(C)[C@@H]([C@H](C)CCCC(C)(C)O)CC[C@@H]12,400.6470000000002,6.733900000000008,2,2,40.46,6,0.5184686039927527,29,1
TEZACAFTOR,CHEMBL3544914,CC(C)(CO)c1cc2cc(NC(=O)C3(c4ccc5c(c4)OC(F)(F)O5)CC3)c(F)cc2n1C[C@@H](O)CO,520.5040000000002,3.395300000000002,4,6,113.18,8,0.3623253042445342,37,1
DEXTROAMPHETAMINE SULFATE,CHEMBL3544971,C[C@H](N)Cc1ccccc1,135.20999999999998,1.5763,1,1,26.02,2,0.6542162175383444,10,0
CEFTAROLINE FOSAMIL ACETATE,CHEMBL3544973,CCO/N=C(\C(=O)N[C@@H]1C(=O)N2C(C(=O)[O-])=C(Sc3nc(-c4cc[n+](C)cc4)cs3)CS[C@H]12)c1nsc(NP(=O)(O)O)n1,684.7000000000002,-0.11499999999999982,4,14,223.23999999999995,11,0.06802350181154992,43,2
ASENAPINE MALEATE,CHEMBL3544974,CN1CC2c3ccccc3Oc3ccc(Cl)cc3C2C1,285.77400000000006,4.258500000000003,0,2,12.47,0,0.7170507116408826,20,0
DASABUVIR SODIUM MONOHYDRATE,CHEMBL3544985,COc1c(-c2ccc3cc(NS(C)(=O)=O)ccc3c2)cc(-n2ccc(=O)[nH]c2=O)cc1C(C)(C)C,493.58500000000026,4.023600000000002,2,5,110.25999999999999,5,0.4363022246167922,35,0
PERINDOPRIL ARGININE,CHEMBL3544986,CCC[C@H](N[C@@H](C)C(=O)N1[C@H](C(=O)O)C[C@@H]2CCCC[C@@H]21)C(=O)OCC,368.47400000000016,1.940599999999999,2,5,95.94000000000001,8,0.6358209968803862,26,0
DAPRODUSTAT,CHEMBL3544988,O=C(O)CNC(=O)C1C(=O)N(C2CCCCC2)C(=O)N(C2CCCCC2)C1=O,393.4400000000002,1.2595999999999992,2,5,124.09,5,0.6778051064598919,28,0
ALISKIREN FUMARATE,CHEMBL3545059,COCCCOc1cc(C[C@@H](C[C@H](N)[C@@H](O)C[C@H](C(=O)NCC(C)(C)C(N)=O)C(C)C)C(C)C)ccc1OC,551.7690000000003,3.2935000000000043,4,7,146.13,19,0.19299410257077063,39,1
OSIMERTINIB MESYLATE,CHEMBL3545063,C=CC(=O)Nc1cc(Nc2nccc(-c3cn(C)c4ccccc34)n2)c(OC)cc1N(C)CCN(C)C,499.6190000000003,4.509800000000003,2,7,87.55,10,0.3105348061023151,37,0
COPANLISIB HYDROCHLORIDE,CHEMBL3545068,COc1c(OCCCN2CCOCC2)ccc2c1N=C(NC(=O)c1cnc(N)nc1)N1CCN=C21,480.5290000000002,0.661800000000002,2,11,139.79000000000002,7,0.5470559666602671,35,1
RIBOCICLIB,CHEMBL3545110,CN(C)C(=O)c1cc2cnc(Nc3ccc(N4CCNCC4)cn3)nc2n1C1CCCC1,434.54800000000023,2.7964,2,7,91.21000000000001,5,0.6380121763709555,32,0
TIOTROPIUM BROMIDE,CHEMBL3545181,C[N+]1(C)[C@@H]2C[C@@H](OC(=O)C(O)(c3cccs3)c3cccs3)C[C@H]1[C@@H]1O[C@@H]12,392.5220000000001,2.3457,1,6,59.06,4,0.492985025398511,26,0
SELINEXOR,CHEMBL3545185,O=C(/C=C\n1cnc(-c2cc(C(F)(F)F)cc(C(F)(F)F)c2)n1)NNc1cnccn1,443.311,3.386700000000001,2,6,97.62,5,0.35658914228699357,31,0
FLORTAUCIPIR F 18,CHEMBL3545253,[18F]c1ccc(-c2ccc3c(c2)[nH]c2ccncc23)cn1,262.277938,3.917200000000002,1,2,41.57,1,0.5281784786597152,20,0
LEFAMULIN ACETATE,CHEMBL3545309,C=C[C@]1(C)C[C@@H](OC(=O)CS[C@@H]2CC[C@@H](N)C[C@H]2O)[C@]2(C)[C@H](C)CC[C@]3(CCC(=O)[C@H]32)[C@@H](C)[C@@H]1O,507.7370000000003,3.8668000000000036,3,7,109.85000000000001,5,0.38273499100363056,35,1
BRIGATINIB,CHEMBL3545311,COc1cc(N2CCC(N3CCN(C)CC3)CC2)ccc1Nc1ncc(Cl)c(Nc2ccccc2P(C)(C)=O)n1,584.105,5.090000000000003,2,9,85.86,8,0.3521921877728202,40,2
BEMPEDOIC ACID,CHEMBL3545313,CC(C)(CCCCCC(O)CCCCCC(C)(C)C(=O)O)C(=O)O,344.492,4.469900000000003,3,3,94.83,14,0.40410515233160504,24,0
LEMBOREXANT,CHEMBL3545367,Cc1ncc(OC[C@@]2(c3cccc(F)c3)C[C@H]2C(=O)Nc2ccc(F)cn2)c(C)n1,410.4240000000001,3.742040000000002,1,5,77.0,6,0.6699507613704487,30,0
PANOBINOSTAT LACTATE,CHEMBL3545368,Cc1[nH]c2ccccc2c1CCNCc1ccc(/C=C/C(=O)NO)cc1,349.43399999999997,3.3272200000000014,4,3,77.15,7,0.22867159767800987,26,0
ERDAFITINIB,CHEMBL3545376,COc1cc(OC)cc(N(CCNC(C)C)c2ccc3ncc(-c4cnn(C)c4)nc3c2)c1,446.5550000000001,4.183600000000003,1,7,77.33,9,0.41315618125253445,33,0
IXAZOMIB CITRATE,CHEMBL3545432,CC(C)C[C@H](NC(=O)CNC(=O)c1cc(Cl)ccc1Cl)B1OC(=O)C(CC(=O)O)(CC(=O)O)O1,517.1270000000003,1.5430999999999993,4,7,168.32999999999998,11,0.31847047894792313,34,1
BENZPHETAMINE,CHEMBL3545985,C[C@@H](Cc1ccccc1)N(C)Cc1ccccc1,239.36199999999997,3.7496000000000027,0,1,3.24,5,0.7678129737095625,18,0
FLORTAUCIPIR,CHEMBL3546271,Fc1ccc(-c2ccc3c(c2)[nH]c2ccncc23)cn1,263.27500000000003,3.917200000000002,1,2,41.57,1,0.5287702296851626,20,0
FLUORODOPA,CHEMBL3547132,N[C@@H](Cc1cc(O)c(O)cc1F)C(=O)O,215.17999999999995,0.19129999999999997,4,4,103.78000000000002,3,0.5387297559919445,15,0
TRIMETAZIDINE DIHYDROCHLORIDE,CHEMBL3561076,COc1ccc(CN2CCNCC2)c(OC)c1OC,266.34099999999995,1.1176,1,5,42.96000000000001,5,0.8648076979782771,19,0
CLASCOTERONE,CHEMBL3590187,CCC(=O)O[C@]1(C(=O)CO)CC[C@H]2[C@@H]3CCC4=CC(=O)CC[C@]4(C)[C@H]3CC[C@@]21C,402.5310000000003,3.7717000000000027,1,5,80.67000000000002,4,0.724146959959367,29,0
FEZOLINETANT,CHEMBL3608680,Cc1nsc(-c2nnc3n2CCN(C(=O)c2ccc(F)cc2)[C@@H]3C)n1,358.40200000000004,2.46112,0,6,76.80000000000001,2,0.7032475119343297,25,0
UPADACITINIB,CHEMBL3622821,CC[C@@H]1CN(C(=O)NCC(F)(F)F)C[C@@H]1c1cnc2cnc3[nH]ccc3n12,380.374,2.9079000000000006,2,3,78.32,3,0.7334449348650801,27,0
LENIOLISIB,CHEMBL3643413,CCC(=O)N1CC[C@H](Nc2ncnc3c2CN(c2cnc(OC)c(C(F)(F)F)c2)CC3)C1,450.4650000000002,2.884500000000002,1,7,83.48,5,0.7500668161155857,32,0
VADADUSTAT,CHEMBL3646221,O=C(O)CNC(=O)c1ncc(-c2cccc(Cl)c2)cc1O,306.70500000000004,1.9219999999999993,3,4,99.52000000000001,4,0.8011348868798526,21,0
ABROCITINIB,CHEMBL3655081,CCCS(=O)(=O)N[C@H]1C[C@@H](N(C)c2ncnc3[nH]ccc23)C1,323.4220000000001,1.2544999999999995,2,5,90.97999999999999,6,0.8348104206667458,22,0
LINZAGOLIX,CHEMBL3668014,COc1cc(F)c(-n2c(=O)[nH]c3csc(C(=O)O)c3c2=O)cc1OCc1c(OC)ccc(F)c1F,508.4300000000003,3.452200000000002,2,7,119.85000000000002,7,0.39244659719668934,35,1
FUTIBATINIB,CHEMBL3701238,C=CC(=O)N1CC[C@H](n2nc(C#Cc3cc(OC)cc(OC)c3)c3c(N)ncnc32)C1,418.4570000000002,1.7849,1,7,108.39,4,0.5081726960704563,31,0
QUINIDINE SULFATE,CHEMBL3707183,C=C[C@H]1CN2CC[C@H]1C[C@@H]2[C@@H](O)c1ccnc2ccc(OC)cc12,324.4240000000001,3.1732000000000014,1,4,45.59,4,0.8776016184783941,24,0
SOFPIRONIUM BROMIDE,CHEMBL3707223,CCOC(=O)C[N+]1(C)CC[C@@H](OC(=O)[C@](O)(c2ccccc2)C2CCCC2)C1,390.5000000000002,2.3896000000000006,1,5,72.83,7,0.5716865560890511,28,0
SOFPIRONIUM,CHEMBL3707224,CCOC(=O)C[N+]1(C)CC[C@@H](OC(=O)[C@](O)(c2ccccc2)C2CCCC2)C1,390.5000000000002,2.3896000000000006,1,5,72.83,7,0.5716865560890511,28,0
GLYCOPYRRONIUM TOSYLATE,CHEMBL3707243,C[N+]1(C)CCC(OC(=O)C(O)(c2ccccc2)C2CCCC2)C1,318.43700000000024,2.4562999999999997,1,3,46.53,4,0.6850778093160973,23,0
OZANIMOD HYDROCHLORIDE,CHEMBL3707246,CC(C)Oc1ccc(-c2nc(-c3cccc4c3CC[C@@H]4NCCO)no2)cc1C#N,404.4700000000001,3.631680000000002,2,7,104.19999999999999,7,0.6194671591037015,30,0
OZANIMOD,CHEMBL3707247,CC(C)Oc1ccc(-c2nc(-c3cccc4c3CC[C@@H]4NCCO)no2)cc1C#N,404.4700000000001,3.631680000000002,2,7,104.19999999999999,7,0.6194671591037015,30,0
VALBENAZINE TOSYLATE,CHEMBL3707248,COc1cc2c(cc1OC)[C@H]1C[C@@H](OC(=O)[C@@H](N)C(C)C)[C@H](CC(C)C)CN1CC2,418.57800000000026,3.5641000000000025,1,6,74.02,7,0.6826775892247292,30,0
RIBOCICLIB SUCCINATE,CHEMBL3707266,CN(C)C(=O)c1cc2cnc(Nc3ccc(N4CCNCC4)cn3)nc2n1C1CCCC1,434.54800000000023,2.7964,2,7,91.21000000000001,5,0.6380121763709555,32,0
STRONTIUM RANELATE,CHEMBL3707306,N#Cc1c(N(CC(=O)O)CC(=O)O)sc(C(=O)O)c1CC(=O)O,342.2850000000001,-0.07932000000000056,4,7,176.23,8,0.4993458276898128,23,0
LOTILANER,CHEMBL3707310,Cc1cc(C2=NO[C@@](c3cc(Cl)c(Cl)c(Cl)c3)(C(F)(F)F)C2)sc1C(=O)NCC(=O)NCC(F)(F)F,596.7640000000002,6.007220000000003,2,5,79.78999999999999,6,0.3169009042809569,36,2
TRIFAROTENE,CHEMBL3707313,CC(C)(C)c1cc(-c2cc(-c3ccc(C(=O)O)cc3)ccc2OCCO)ccc1N1CCCC1,459.58600000000035,5.987600000000008,2,4,70.0,7,0.4542991925826293,34,1
ALECTINIB HYDROCHLORIDE,CHEMBL3707320,CCc1cc2c(cc1N1CCC(N3CCOCC3)CC1)C(C)(C)c1[nH]c3cc(C#N)ccc3c1C2=O,482.62800000000027,4.773280000000004,1,5,72.36,3,0.5820901201895605,36,0
ROLAPITANT HYDROCHLORIDE,CHEMBL3707330,C[C@@H](OC[C@@]1(c2ccccc2)CC[C@]2(CCC(=O)N2)CN1)c1cc(C(F)(F)F)cc(C(F)(F)F)c1,500.483,5.729500000000005,2,3,50.36,5,0.5159896304310263,35,2
ROLAPITANT,CHEMBL3707331,C[C@@H](OC[C@@]1(c2ccccc2)CC[C@]2(CCC(=O)N2)CN1)c1cc(C(F)(F)F)cc(C(F)(F)F)c1,500.483,5.729500000000005,2,3,50.36,5,0.5159896304310263,35,2
ACALABRUTINIB,CHEMBL3707348,CC#CC(=O)N1CCC[C@H]1c1nc(-c2ccc(C(=O)Nc3ccccn3)cc2)c2c(N)nccn12,465.5170000000001,3.3126000000000015,2,6,118.50999999999999,4,0.44655122021395893,35,0
SEGESTERONE ACETATE,CHEMBL3707377,C=C1C[C@H]2[C@@H]3CCC4=CC(=O)CC[C@@H]4[C@H]3CC[C@]2(C)[C@@]1(OC(C)=O)C(C)=O,370.4890000000001,4.185200000000004,0,4,60.440000000000005,2,0.5402057989764432,27,0
OSILODROSTAT PHOSPHATE,CHEMBL3707393,N#Cc1ccc([C@H]2CCc3cncn32)c(F)c1,227.242,2.42948,0,2,41.61,1,0.75036916148326,17,0
ELAFIBRANOR,CHEMBL3707395,CSc1ccc(C(=O)/C=C/c2cc(C)c(OC(C)(C)C(=O)O)c(C)c2)cc1,384.49700000000007,5.163440000000004,1,4,63.60000000000001,7,0.4055796952281363,27,1
GEFAPIXANT,CHEMBL3716057,COc1cc(C(C)C)c(Oc2cnc(N)nc2N)cc1S(N)(=O)=O,353.40400000000005,1.2127,3,8,156.44,5,0.7236287245558121,24,0
OLMUTINIB,CHEMBL3786343,C=CC(=O)Nc1cccc(Oc2nc(Nc3ccc(N4CCN(C)CC4)cc3)nc3ccsc23)c1,486.6010000000003,5.103500000000004,2,8,82.61999999999999,7,0.3516294002301692,35,1
PEXIDARTINIB,CHEMBL3813873,FC(F)(F)c1ccc(CNc2ccc(Cc3c[nH]c4ncc(Cl)cc34)cn2)cn1,417.82200000000006,5.228000000000002,2,4,66.49000000000001,5,0.46645765570769304,29,1
BARBEXACLONE,CHEMBL3833301,CNC(C)CC1CCCCC1,155.28499999999997,2.564700000000001,1,1,12.03,3,0.6602116633106369,11,0
DEXTROMORAMIDE TARTRATE,CHEMBL3833311,C[C@@H](CC(C(=O)N1CCCC1)(c1ccccc1)c1ccccc1)N1CCOCC1,392.54300000000023,3.7059000000000024,0,3,32.78,6,0.7513873408877024,29,0
REVEFENACIN,CHEMBL3833319,CN(CCN1CCC(OC(=O)Nc2ccccc2-c2ccccc2)CC1)C(=O)c1ccc(CN2CCC(C(N)=O)CC2)cc1,597.7600000000002,4.836000000000004,2,6,108.21000000000001,10,0.3465569297530122,44,1
AZTREONAM LYSINE,CHEMBL3833340,C[C@H]1[C@H](NC(=O)/C(=N\OC(C)(C)C(=O)O)c2csc(N)n2)C(=O)N1S(=O)(=O)O,435.44000000000017,-1.1724999999999979,4,10,201.57999999999998,7,0.17478822451364606,28,0
RUCAPARIB CAMSYLATE,CHEMBL3833368,CNCc1ccc(-c2[nH]c3cc(F)cc4c3c2CCNC4=O)cc1,323.371,2.979300000000001,3,2,56.92,3,0.6939222125348533,24,0
DEXTROMORAMIDE,CHEMBL3833389,C[C@@H](CC(C(=O)N1CCCC1)(c1ccccc1)c1ccccc1)N1CCOCC1,392.54300000000023,3.7059000000000024,0,3,32.78,6,0.7513873408877024,29,0
LAROTRECTINIB,CHEMBL3889654,O=C(Nc1cnn2ccc(N3CCC[C@@H]3c3cc(F)ccc3F)nc12)N1CC[C@H](O)C1,428.44300000000015,2.9475000000000016,2,5,86.00000000000001,3,0.6700804338306232,31,0
TRILACICLIB,CHEMBL3894860,CN1CCN(c2ccc(Nc3ncc4cc5n(c4n3)C3(CCCCC3)CNC5=O)nc2)CC1,446.55900000000037,2.724500000000001,2,7,91.21,3,0.6392153051534564,33,0
ZANUBRUTINIB,CHEMBL3936761,C=CC(=O)N1CCC([C@@H]2CCNc3c(C(N)=O)c(-c4ccc(Oc5ccccc5)cc4)nn32)CC1,471.5610000000002,4.222600000000003,2,5,102.48000000000002,6,0.5241842690990105,35,0
ACORAMIDIS,CHEMBL3940890,Cc1n[nH]c(C)c1CCCOc1cc(C(=O)O)ccc1F,292.31,2.875440000000001,2,3,75.21,6,0.8027227041421029,21,0
PAMIDRONATE DISODIUM,CHEMBL3989401,NCCC(O)(P(=O)(O)O)P(=O)(O)O,235.069,-1.6633000000000002,6,4,161.30999999999997,4,0.3151248095305007,13,1
PERAMIVIR,CHEMBL3989402,CCC(CC)[C@H](NC(C)=O)[C@@H]1[C@H](O)[C@@H](C(=O)O)C[C@H]1NC(=N)N,328.413,-0.1394299999999976,6,4,148.53000000000003,7,0.2829016771506782,23,1
ENALAPRILAT,CHEMBL3989406,C[C@H](N[C@@H](CCc1ccccc1)C(=O)O)C(=O)N1CCC[C@H]1C(=O)O,348.39900000000017,1.1261000000000003,3,4,106.94000000000001,8,0.6499831585979154,25,0
IBUPROFEN SODIUM,CHEMBL3989408,CC(C)Cc1ccc(C(C)C(=O)O)cc1,206.28499999999997,3.073200000000001,1,1,37.3,4,0.8215995486924976,15,0
INDOMETHACIN SODIUM,CHEMBL3989410,COc1ccc2c(c1)c(CC(=O)O)c(C)n2C(=O)c1ccc(Cl)cc1,357.793,3.9273200000000026,1,3,68.53,4,0.7678065120522066,25,0
THIETHYLPERAZINE MALEATE,CHEMBL3989478,CCSc1ccc2c(c1)N(CCCN1CCN(C)CC1)c1ccccc1S2,399.62900000000013,5.0388000000000055,0,5,9.72,6,0.6278219543332592,27,1
MAGNESIUM CITRATE,CHEMBL3989480,O=C(O)CC(O)(CC(=O)O)C(=O)O,192.123,-1.2484999999999995,4,4,132.13,5,0.4274213512497734,13,0
EDETATE DISODIUM,CHEMBL3989507,O=C(O)CN(CCN(CC(=O)O)CC(=O)O)CC(=O)O,292.244,-2.0711999999999957,4,6,155.68,11,0.333294737123963,20,0
PENTAZOCINE LACTATE,CHEMBL3989509,CC(C)=CCN1CCC2(C)c3cc(O)ccc3CC1C2C,285.43100000000004,3.8826000000000027,1,2,23.47,2,0.8335259245753123,21,0
PENTAZOCINE HYDROCHLORIDE,CHEMBL3989510,CC(C)=CCN1CCC2(C)c3cc(O)ccc3CC1C2C,285.43100000000004,3.8826000000000027,1,2,23.47,2,0.8335259245753123,21,0
IOBENGUANE SULFATE I 131,CHEMBL3989511,N=C(N)NCc1cccc([131I])c1,279.09512459999996,1.27427,3,1,61.900000000000006,2,0.433567726429014,12,0
IRINOTECAN HYDROCHLORIDE,CHEMBL3989514,CCc1c2c(nc3ccc(OC(=O)N4CCC(N5CCCCC5)CC4)cc13)-c1cc3c(c(=O)n1C2)COC(=O)[C@]3(O)CC,586.6890000000004,4.0911000000000035,1,8,114.2,4,0.35595556922918214,43,1
PENICILLIN G BENZATHINE,CHEMBL3989515,CC1(C)S[C@@H]2[C@H](NC(=O)Cc3ccccc3)C(=O)N2[C@H]1C(=O)O,334.39700000000005,0.8607999999999998,2,4,86.71000000000001,4,0.7977632704521287,23,0
FOSTAMATINIB DISODIUM,CHEMBL3989516,COc1cc(Nc2ncc(F)c(Nc3ccc4c(n3)N(COP(=O)(O)O)C(=O)C(C)(C)O4)n2)cc(OC)c1OC,580.4660000000002,3.094500000000001,4,12,186.71999999999997,10,0.2562259896707899,40,2
IOFLUPANE I 123,CHEMBL3989517,COC(=O)[C@H]1[C@@H](c2ccc([123I])cc2)C[C@@H]2CC[C@H]1N2CCCF,427.29058900000024,3.7603000000000026,0,3,29.54,5,0.5296987590333617,23,0
DOXAPRAM HYDROCHLORIDE,CHEMBL3989519,CCN1CC(CCN2CCOCC2)C(c2ccccc2)(c2ccccc2)C1=O,378.5160000000001,3.173300000000001,0,3,32.78,6,0.7740303952237003,28,0
ISOPROTERENOL SULFATE,CHEMBL3989521,CC(C)NCC(O)c1ccc(O)c(O)c1,211.261,1.1291999999999998,4,4,72.72,4,0.5632719285067509,15,0
EDETATE CALCIUM DISODIUM MONOHYDRATE,CHEMBL3989522,O=C(O)CN(CCN(CC(=O)O)CC(=O)O)CC(=O)O,292.244,-2.0711999999999957,4,6,155.68,11,0.333294737123963,20,0
IOBENGUANE SULFATE I 123,CHEMBL3989523,N=C(N)NCc1cccc([123I])c1,271.094589,1.27427,3,1,61.900000000000006,2,0.4307589022752708,12,0
ETHANOLAMINE OLEATE,CHEMBL3989529,CCCCCCCC/C=C\CCCCCCCC(=O)O,282.4679999999999,6.1085000000000065,1,1,37.3,15,0.2905169417988814,20,1
LINCOMYCIN HYDROCHLORIDE,CHEMBL3989551,CCC[C@@H]1C[C@@H](C(=O)N[C@@H]([C@H]2O[C@H](SC)[C@H](O)[C@@H](O)[C@H]2O)[C@@H](C)O)N(C)C1,406.54500000000013,-0.856999999999998,5,8,122.49000000000001,7,0.37034350763056995,27,0
MECLIZINE HYDROCHLORIDE,CHEMBL3989555,Cc1cccc(CN2CCN(C(c3ccccc3)c3ccc(Cl)cc3)CC2)c1,390.9580000000002,5.555620000000006,0,2,6.48,5,0.5626410757187412,28,1
PANTOPRAZOLE SODIUM,CHEMBL3989559,COc1ccnc(C[S+]([O-])c2nc3cc(OC(F)F)ccc3[nH]2)c1OC,383.3760000000001,2.8843000000000005,1,6,92.32000000000001,7,0.6309371659531015,26,0
TERAZOSIN HYDROCHLORIDE,CHEMBL3989562,COc1cc2nc(N3CCN(C(=O)C4CCCO4)CC3)nc(N)c2cc1OC,387.44000000000017,1.0567999999999995,1,8,103.04,4,0.8306226664509899,28,0
TOBRAMYCIN SULFATE,CHEMBL3989564,NC[C@H]1O[C@H](O[C@H]2[C@H](O)[C@@H](O[C@H]3O[C@H](CO)[C@@H](O)[C@H](N)[C@H]3O)[C@H](N)C[C@@H]2N)[C@H](N)C[C@@H]1O,467.5200000000002,-6.295800000000006,10,14,268.1700000000001,6,0.17400656822855506,32,2
METOPROLOL FUMARATE,CHEMBL3989566,COCCc1ccc(OCC(O)CNC(C)C)cc1,267.36899999999997,1.6132,2,4,50.72,9,0.7135696186852986,19,0
OXACILLIN SODIUM,CHEMBL3989567,Cc1onc(-c2ccccc2)c1C(=O)N[C@@H]1C(=O)N2[C@@H]1SC(C)(C)[C@@H]2C(=O)O,401.44400000000013,1.89532,2,6,112.74,4,0.7524509230706136,28,0
OXYTETRACYCLINE CALCIUM,CHEMBL3989568,CN(C)[C@@H]1C(O)=C(C(N)=O)C(=O)[C@@]2(O)C(O)=C3C(=O)c4c(O)cccc4[C@@](C)(O)[C@H]3[C@H](O)[C@@H]12,460.43900000000014,-1.2435999999999974,7,10,201.84999999999997,2,0.26155458511612795,33,1
IBANDRONATE SODIUM,CHEMBL3989569,CCCCCN(C)CCC(O)(P(=O)(O)O)P(=O)(O)O,319.23100000000005,0.4999999999999996,5,4,138.53,9,0.30575681014458816,19,0
SPECTINOMYCIN HYDROCHLORIDE,CHEMBL3989571,CN[C@@H]1[C@H](O)[C@H](NC)[C@H]2O[C@@]3(O)C(=O)C[C@@H](C)O[C@H]3O[C@@H]2[C@H]1O,332.353,-2.9255999999999953,5,9,129.51,2,0.3608202823251693,23,0
HYDROCODONE BITARTRATE,CHEMBL3989677,COc1ccc2c3c1O[C@H]1C(=O)CC[C@H]4[C@@H](C2)N(C)CC[C@]314,299.37000000000006,1.9333,0,4,38.77,1,0.7941668671387195,22,0
PIPERAZINE CITRATE,CHEMBL3989678,O=C(O)CC(O)(CC(=O)O)C(=O)O,192.123,-1.2484999999999995,4,4,132.13,5,0.4274213512497734,13,0
ELTROMBOPAG OLAMINE,CHEMBL3989691,CC1=NN(c2ccc(C)c(C)c2)C(=O)/C1=N\Nc1cccc(-c2cccc(C(=O)O)c2)c1O,442.47500000000014,4.564840000000005,3,6,114.59,5,0.39569275781020385,33,0
LEVALBUTEROL TARTRATE,CHEMBL3989693,CC(C)(C)NC[C@H](O)c1ccc(O)c(CO)c1,239.315,1.3059999999999998,4,4,72.72,4,0.6389509580864461,17,0
OLANZAPINE PAMOATE,CHEMBL3989694,O=C(O)c1cc2ccccc2c(Cc2c(O)c(C(=O)O)cc3ccccc23)c1O,388.37500000000006,4.391400000000003,4,4,115.06,4,0.412099486388785,29,0
REGADENOSON,CHEMBL3989695,CNC(=O)c1cnn(-c2nc(N)c3ncn([C@@H]4O[C@H](CO)[C@@H](O)[C@H]4O)c3n2)c1,390.36000000000007,-2.4346999999999985,5,10,186.45999999999998,4,0.32033113268604546,28,0
RIBOFLAVIN 5'-PHOSPHATE SODIUM,CHEMBL3989697,Cc1cc2nc3c(=O)[nH]c(=O)nc-3n(C[C@H](O)[C@H](O)[C@H](O)COP(=O)(O)O)c2cc1C,456.3480000000002,-1.6065599999999995,6,9,208.08999999999997,7,0.17602034933594105,31,1
TRANYLCYPROMINE SULFATE,CHEMBL3989698,N[C@@H]1C[C@H]1c1ccccc1,133.194,1.5011999999999999,1,1,26.02,1,0.6169364851642574,10,0
MUPIROCIN CALCIUM,CHEMBL3989715,C/C(=C\C(=O)OCCCCCCCCC(=O)O)C[C@@H]1OC[C@H](C[C@@H]2O[C@H]2[C@@H](C)[C@H](C)O)[C@@H](O)[C@H]1O,500.62900000000013,2.5925000000000016,4,8,146.05,16,0.10865568580106565,35,1
FLURAZEPAM HYDROCHLORIDE,CHEMBL3989724,CCN(CC)CCN1C(=O)CN=C(c2ccccc2F)c2cc(Cl)ccc21,387.88600000000014,4.004900000000003,0,3,35.91,6,0.7505075074463576,27,0
LODOXAMIDE TROMETHAMINE,CHEMBL3989725,N#Cc1cc(NC(=O)C(=O)O)c(Cl)c(NC(=O)C(=O)O)c1,311.63700000000006,0.25787999999999983,4,5,156.59,2,0.5701956596227559,21,0
MENADIOL SODIUM DIPHOSPHATE,CHEMBL3989728,Cc1cc(OP(=O)(O)O)c2ccccc2c1OP(=O)(O)O,334.15700000000004,2.0912200000000016,4,4,133.52,4,0.6246212085891611,21,0
DOXYCYCLINE HYCLATE,CHEMBL3989740,C[C@H]1c2cccc(O)c2C(=O)C2=C(O)[C@]3(O)C(=O)C(C(N)=O)=C(O)[C@@H](N(C)C)[C@@H]3[C@@H](O)[C@@H]21,444.44000000000017,-0.3475999999999985,6,9,181.62,2,0.3322174879037973,32,1
GLUCOSAMINE SULFATE,CHEMBL3989750,N[C@H]1C(O)O[C@H](CO)[C@@H](O)[C@@H]1O,179.17200000000003,-3.2549999999999994,5,6,116.17000000000002,1,0.28843989800463615,12,0
FLURBIPROFEN SODIUM,CHEMBL3989754,CC(C(=O)O)c1ccc(-c2ccccc2)c(F)c1,244.265,3.6808000000000023,1,1,37.3,3,0.8937504426107861,18,0
LEVORPHANOL TARTRATE,CHEMBL3989768,CN1CC[C@]23CCCC[C@H]2[C@H]1Cc1ccc(O)cc13,257.377,3.080400000000002,1,2,23.47,0,0.7718143750897628,19,0
TRIENTINE HYDROCHLORIDE,CHEMBL3989777,NCCNCCNCCN,146.238,-1.916999999999998,4,4,76.1,7,0.3159259759712412,10,0
FORMOTEROL FUMARATE,CHEMBL3989798,COc1ccc(CC(C)NCC(O)c2ccc(O)c(NC=O)c2)cc1,344.41100000000006,2.2233,4,5,90.82,9,0.4136022576828499,25,0
ZOLPIDEM TARTRATE,CHEMBL3989820,Cc1ccc(-c2nc3ccc(C)cn3c2CC(=O)N(C)C)cc1,307.39700000000005,3.2488400000000013,0,2,37.61000000000001,3,0.7446971593088008,23,0
TUBOCURARINE CHLORIDE,CHEMBL3989821,COc1cc2c3cc1Oc1cc(ccc1O)C[C@@H]1c4c(cc(OC)c(O)c4Oc4ccc(cc4)C[C@@H]3N(C)CC2)CC[N+]1(C)C,609.7429999999999,6.701000000000008,2,7,80.62,2,0.2449408495712499,45,2
POTASSIUM CITRATE,CHEMBL3989822,O=C(O)CC(O)(CC(=O)O)C(=O)O,192.123,-1.2484999999999995,4,4,132.13,5,0.4274213512497734,13,0
THIOTHIXENE HYDROCHLORIDE,CHEMBL3989824,CN1CCN(CC/C=C2/c3ccccc3Sc3ccc(S(=O)(=O)N(C)C)cc32)CC1,443.63800000000026,3.4707000000000026,0,5,43.86000000000001,5,0.6041780809786208,30,0
OXYCODONE TEREPHTHALATE,CHEMBL3989826,COc1ccc2c3c1O[C@H]1C(=O)CC[C@@]4(O)[C@@H](C2)N(C)CC[C@]314,315.3690000000001,1.0481999999999998,1,5,59.00000000000001,1,0.839282607029206,23,0
NETILMICIN SULFATE,CHEMBL3989829,CCN[C@@H]1C[C@H](N)[C@@H](O[C@H]2OC(CN)=CC[C@H]2N)[C@H](O)[C@H]1O[C@H]1OC[C@](C)(O)[C@H](NC)[C@H]1O,475.58700000000016,-3.200699999999992,8,12,199.72999999999996,8,0.17503537053091334,33,2
ZIPRASIDONE MESYLATE,CHEMBL3989833,O=C1Cc2cc(CCN3CCN(c4nsc5ccccc45)CC3)c(Cl)cc2N1,412.9460000000002,3.809000000000002,1,5,48.470000000000006,4,0.7074872979003035,28,0
TRANYLCYPROMINE,CHEMBL3989843,N[C@@H]1C[C@H]1c1ccccc1,133.194,1.5011999999999999,1,1,26.02,1,0.6169364851642574,10,0
DEXTROAMPHETAMINE SACCHARATE,CHEMBL3989844,O=C(O)[C@@H](O)[C@@H](O)[C@H](O)[C@@H](O)C(=O)O,210.138,-3.4008000000000007,6,6,155.52,5,0.27397337785783626,14,1
IMIPRAMINE PAMOATE,CHEMBL3989845,O=C(O)c1cc2ccccc2c(Cc2c(O)c(C(=O)O)cc3ccccc23)c1O,388.37500000000006,4.391400000000003,4,4,115.06,4,0.412099486388785,29,0
ECAMSULE,CHEMBL3989850,CC1(C)C2CCC1(CS(=O)(=O)O)C(=O)C2=Cc1ccc(C=C2C(=O)C3(CS(=O)(=O)O)CCC2C3(C)C)cc1,562.7060000000004,4.239600000000003,2,6,142.87999999999997,6,0.38717506463433554,38,1
PSEUDOEPHEDRINE SULFATE,CHEMBL3989855,CN[C@@H](C)[C@@H](O)c1ccccc1,165.236,1.3278999999999999,2,2,32.26,3,0.7078187228911748,12,0
TOCOPHEROL ACETATE,CHEMBL3989859,CC(=O)Oc1c(C)c(C)c2c(c1C)CCC(C)(CCC[C@H](C)CCC[C@H](C)CCCC(C)C)O2,472.7540000000004,9.059960000000002,0,3,35.53,13,0.21204366595811164,34,1
DESVENLAFAXINE FUMARATE,CHEMBL3989861,CN(C)CC(c1ccc(O)cc1)C1(O)CCCCC1,263.381,2.7326000000000006,2,3,43.7,4,0.8775816874821688,19,0
BICTEGRAVIR,CHEMBL3989866,O=C(NCc1c(F)cc(F)cc1F)c1cn2c(c(O)c1=O)C(=O)N1[C@H]3CC[C@H](C3)O[C@@H]1C2,449.3850000000003,1.6343999999999999,2,5,100.87,3,0.742207162248136,32,0
BICTEGRAVIR SODIUM,CHEMBL3989867,O=C(NCc1c(F)cc(F)cc1F)c1cn2c(c(O)c1=O)C(=O)N1[C@H]3CC[C@H](C3)O[C@@H]1C2,449.3850000000003,1.6343999999999999,2,5,100.87,3,0.742207162248136,32,0
TUCATINIB,CHEMBL3989868,Cc1cc(Nc2ncnc3ccc(NC4=NC(C)(C)CO4)cc23)ccc1Oc1ccn2ncnc2c1,480.53200000000027,5.093520000000003,2,9,110.85000000000001,5,0.3577237568173836,36,1
UMBRALISIB TOSYLATE,CHEMBL3989869,CC(C)Oc1ccc(-c2nn([C@@H](C)c3oc4ccc(F)cc4c(=O)c3-c3cccc(F)c3)c3ncnc(N)c23)cc1F,571.5590000000001,6.662700000000005,1,7,109.06,6,0.23803323201046023,42,2
AVACOPAN,CHEMBL3989871,Cc1ccc(NC(=O)[C@H]2CCCN(C(=O)c3c(C)cccc3F)[C@H]2c2ccc(NC3CCCC3)cc2)cc1C(F)(F)F,581.6540000000003,8.048040000000006,2,3,61.440000000000005,6,0.28974362152751515,42,2
TRIMEPRAZINE TARTRATE,CHEMBL3989885,CC(CN(C)C)CN1c2ccccc2Sc2ccccc21,298.45500000000004,4.487000000000004,0,3,6.48,4,0.8210774052142695,21,0
ENASIDENIB,CHEMBL3989908,CC(C)(O)CNc1nc(Nc2ccnc(C(F)(F)F)c2)nc(-c2cccc(C(F)(F)F)n2)n1,473.3810000000001,4.292600000000002,3,8,108.74,6,0.4552702646600812,33,0
LENIOLISIB PHOSPHATE,CHEMBL3989909,CCC(=O)N1CC[C@H](Nc2ncnc3c2CN(c2cnc(OC)c(C(F)(F)F)c2)CC3)C1,450.4650000000002,2.884500000000002,1,7,83.48,5,0.7500668161155857,32,0
FOSNETUPITANT,CHEMBL3989917,Cc1ccccc1-c1cc(N2CC[N+](C)(COP(=O)([O-])O)CC2)ncc1N(C)C(=O)C(C)(C)c1cc(C(F)(F)F)cc(C(F)(F)F)c1,688.6060000000004,5.736620000000006,1,6,106.03,8,0.1830334778926814,47,2
FOSNETUPITANT CHLORIDE HYDROCHLORIDE,CHEMBL3989919,Cc1ccccc1-c1cc(N2CC[N+](C)(COP(=O)(O)O)CC2)ncc1N(C)C(=O)C(C)(C)c1cc(C(F)(F)F)cc(C(F)(F)F)c1,689.6140000000005,6.368620000000008,2,5,103.19999999999999,8,0.16112918911492194,47,2
PITAVASTATIN SODIUM,CHEMBL3989920,O=C(O)C[C@H](O)C[C@H](O)/C=C/c1c(C2CC2)nc2ccccc2c1-c1ccc(F)cc1,421.4680000000001,4.518100000000003,3,4,90.65,8,0.4975852641991758,31,0
NERATINIB MALEATE,CHEMBL3989921,CCOc1cc2ncc(C#N)c(Nc3ccc(OCc4ccccn4)c(Cl)c3)c2cc1NC(=O)/C=C/CN(C)C,557.054,5.932480000000005,2,8,112.39999999999999,11,0.21847545958158987,40,2
NIRAPARIB TOSYLATE MONOHYDRATE,CHEMBL3989922,NC(=O)c1cccc2cn(-c3ccc([C@@H]4CCCNC4)cc3)nc12,320.396,2.591400000000001,2,3,72.94,3,0.7788736009496425,24,0
PITAVASTATIN MAGNESIUM,CHEMBL3989923,O=C(O)C[C@H](O)C[C@H](O)/C=C/c1c(C2CC2)nc2ccccc2c1-c1ccc(F)cc1,421.4680000000001,4.518100000000003,3,4,90.65,8,0.4975852641991758,31,0
ENASIDENIB MESYLATE,CHEMBL3989931,CC(C)(O)CNc1nc(Nc2ccnc(C(F)(F)F)c2)nc(-c2cccc(C(F)(F)F)n2)n1,473.3810000000001,4.292600000000002,3,8,108.74,6,0.4552702646600812,33,0
ETRASIMOD ARGININE,CHEMBL3989933,O=C(O)C[C@H]1CCc2c1[nH]c1ccc(OCc3ccc(C4CCCC4)c(C(F)(F)F)c3)cc21,457.49200000000025,6.927800000000006,2,2,62.31999999999999,6,0.42198742672696293,33,1
CAPMATINIB HYDROCHLORIDE,CHEMBL3989937,CNC(=O)c1ccc(-c2cnc3ncc(Cc4ccc5ncccc5c4)n3n2)cc1F,412.42800000000005,3.429000000000002,1,5,85.07000000000001,4,0.48889130178176626,31,0
LAROTRECTINIB SULFATE,CHEMBL3989939,O=C(Nc1cnn2ccc(N3CCC[C@@H]3c3cc(F)ccc3F)nc12)N1CC[C@H](O)C1,428.44300000000015,2.9475000000000016,2,5,86.00000000000001,3,0.6700804338306232,31,0
DIROXIMEL FUMARATE,CHEMBL3989944,COC(=O)/C=C/C(=O)OCCN1C(=O)CCC1=O,255.2259999999999,-0.592200000000001,0,6,89.98000000000002,5,0.3702501101980568,18,0
CENOBAMATE,CHEMBL3989949,NC(=O)O[C@@H](Cn1ncnn1)c1ccccc1Cl,267.67600000000004,1.1630999999999994,1,5,95.92000000000002,4,0.8966858117841482,18,0
IVOSIDENIB,CHEMBL3989958,N#Cc1ccnc(N2C(=O)CC[C@H]2C(=O)N(c2cncc(F)c2)[C@H](C(=O)NC2CC(F)(F)C2)c2ccccc2Cl)c1,582.9700000000001,4.324580000000004,1,6,119.28999999999999,7,0.4429869547987632,41,1
SELADELPAR LYSINE,CHEMBL3989960,CCO[C@H](COc1ccc(C(F)(F)F)cc1)CSc1ccc(OCC(=O)O)c(C)c1,444.4710000000002,5.053420000000005,1,5,64.99000000000001,11,0.489371901978273,30,1
PEMETREXED TROMETHAMINE,CHEMBL3989962,Nc1nc(=O)c2c(CCc3ccc(C(=O)N[C@@H](CCC(=O)O)C(=O)O)cc3)c[nH]c2[nH]1,427.4170000000001,0.6664000000000003,6,6,191.26,9,0.2867441070042202,31,1
PEXIDARTINIB HYDROCHLORIDE,CHEMBL3989973,FC(F)(F)c1ccc(CNc2ccc(Cc3c[nH]c4ncc(Cl)cc34)cn2)cn1,417.82200000000006,5.228000000000002,2,4,66.49000000000001,5,0.46645765570769304,29,1
OZENOXACIN,CHEMBL3990047,CNc1ncc(-c2ccc3c(=O)c(C(=O)O)cn(C4CC4)c3c2C)cc1C,363.41700000000014,3.7551400000000026,2,4,84.22,4,0.7373244990908863,27,0
PIPERAZINE CITRATE ANHYDROUS,CHEMBL3990694,O=C(O)CC(O)(CC(=O)O)C(=O)O,192.123,-1.2484999999999995,4,4,132.13,5,0.4274213512497734,13,0
ATOGEPANT,CHEMBL3991065,C[C@@H]1[C@H](c2c(F)ccc(F)c2F)C[C@H](NC(=O)c2cnc3c(c2)C[C@@]2(C3)C(=O)Nc3ncccc32)C(=O)N1CC(F)(F)F,603.5230000000003,3.9479000000000015,2,5,104.29,4,0.347500779398385,43,1
REMDESIVIR,CHEMBL4065616,CCC(CC)COC(=O)[C@H](C)N[P@](=O)(OC[C@H]1O[C@@](C#N)(c2ccc3c(N)ncnn23)[C@H](O)[C@@H]1O)Oc1ccccc1,602.5850000000002,2.3121799999999997,4,12,203.54999999999995,13,0.16400243283769092,42,2
VERICIGUAT,CHEMBL4066936,COC(=O)Nc1c(N)nc(-c2nn(Cc3ccccc3F)c3ncc(F)cc23)nc1N,426.3870000000001,2.557499999999999,3,8,146.86,4,0.45107300436695025,31,0
TIRABRUTINIB,CHEMBL4071161,CC#CC(=O)N1CC[C@@H](n2c(=O)n(-c3ccc(Oc4ccccc4)cc3)c3c(N)ncnc32)C1,454.4900000000002,2.7534,1,6,108.27,4,0.4752428318869178,34,0
RITLECITINIB,CHEMBL4085457,C=CC(=O)N1C[C@H](Nc2ncnc3[nH]ccc23)CC[C@@H]1C,285.35100000000006,1.9352999999999994,2,4,73.91,3,0.8451673485107614,21,0
ZURANOLONE,CHEMBL4105630,C[C@@]1(O)CC[C@H]2[C@H](CC[C@@H]3[C@@H]2CC[C@]2(C)[C@@H](C(=O)Cn4cc(C#N)cn4)CC[C@@H]32)C1,409.57400000000024,4.3436800000000035,1,4,78.91,3,0.805143916086387,30,0
ENSARTINIB,CHEMBL4113131,C[C@@H]1CN(C(=O)c2ccc(NC(=O)c3cc(O[C@H](C)c4c(Cl)ccc(F)c4Cl)c(N)nn3)cc2)C[C@H](C)N1,561.445,4.719400000000002,3,7,122.47,6,0.37254234692287824,38,1
PITOLISANT HYDROCHLORIDE,CHEMBL4164059,Clc1ccc(CCCOCCCN2CCCCC2)cc1,295.8539999999999,4.165200000000003,0,2,12.47,8,0.6676423821298553,20,0
AVAPRITINIB,CHEMBL4204794,Cn1cc(-c2cc3c(N4CCN(c5ncc([C@@](C)(N)c6ccc(F)cc6)cn5)CC4)ncnn3c2)cn1,498.57000000000016,2.6077000000000004,1,8,106.28999999999999,5,0.3942447654838286,37,0
ASCIMINIB,CHEMBL4208229,O=C(Nc1ccc(OC(F)(F)Cl)cc1)c1cnc(N2CC[C@@H](O)C2)c(-c2cc[nH]n2)c1,449.8450000000002,3.462900000000001,3,6,103.36999999999999,6,0.49786726723892555,31,0
AMIKACIN SULFATE,CHEMBL4208954,NCC[C@H](O)C(=O)N[C@@H]1C[C@H](N)[C@@H](O[C@H]2O[C@H](CN)[C@@H](O)[C@H](O)[C@H]2O)[C@H](O)[C@H]1O[C@H]1O[C@H](CO)[C@@H](O)[C@H](N)[C@H]1O,585.6080000000002,-8.424200000000015,13,17,331.93999999999994,10,0.11306379404457513,40,3
RIPRETINIB,CHEMBL4216467,CCn1c(=O)c(-c2cc(NC(=O)Nc3ccccc3)c(F)cc2Br)cc2cnc(NC)cc21,510.36700000000013,5.670700000000004,3,4,88.05000000000001,5,0.32297501845407367,33,2
DANICOPAN,CHEMBL4250860,CC(=O)c1nn(CC(=O)N2C[C@H](F)C[C@H]2C(=O)Nc2cccc(Br)n2)c2ccc(-c3cnc(C)nc3)cc12,580.418,3.7395200000000015,1,7,122.97000000000001,6,0.27241829671566103,38,1
VORASIDENIB,CHEMBL4279047,C[C@@H](Nc1nc(N[C@H](C)C(F)(F)F)nc(-c2cccc(Cl)n2)n1)C(F)(F)F,414.741,4.312400000000001,2,6,75.62,5,0.5606168741905612,27,0
MILNACIPRAN HYDROCHLORIDE,CHEMBL4297064,CCN(CC)C(=O)C1(c2ccccc2)CC1CN,246.35399999999998,1.7713999999999999,1,2,46.33,5,0.8603942445298217,18,0
CODEINE SULFATE,CHEMBL4297091,COc1ccc2c3c1O[C@H]1[C@@H](O)C=C[C@H]4[C@@H](C2)N(C)CC[C@@]341,299.3700000000001,1.5010999999999999,1,4,41.93,1,0.7981444096668123,22,0
CEFTOBIPROLE MEDOCARIL SODIUM,CHEMBL4297101,Cc1oc(=O)oc1COC(=O)N1CC[C@@H](N2CC/C(=C\C3=C(C(=O)O)N4C(=O)[C@@H](NC(=O)/C(=N/O)c5nsc(N)n5)[C@H]4SC3)C2=O)C1,690.6729999999999,-0.5383799999999959,4,16,264.3,8,0.08910067876215681,47,2
HALOPERIDOL LACTATE,CHEMBL4297147,O=C(CCCN1CCC(O)(c2ccc(Cl)cc2)CC1)c1ccc(F)cc1,375.87100000000015,4.425600000000004,1,3,40.540000000000006,6,0.759345285057915,26,0
CHLOROQUINE HYDROCHLORIDE,CHEMBL4297165,CCN(CC)CCCC(C)Nc1ccnc2cc(Cl)ccc12,319.88000000000005,4.810600000000004,1,3,28.16,8,0.7564117572128701,22,0
DAROLUTAMIDE,CHEMBL4297185,CC(O)c1cc(C(=O)N[C@@H](C)Cn2ccc(-c3ccc(C#N)c(Cl)c3)n2)n[nH]1,398.85400000000004,2.6700799999999996,3,5,119.62,6,0.5892234115643402,28,0
SOLRIAMFETOL HYDROCHLORIDE,CHEMBL4297212,NC(=O)OC[C@H](N)Cc1ccccc1,194.23400000000004,0.6517000000000001,2,3,78.34,4,0.7382960322356528,14,0
FEDRATINIB HYDROCHLORIDE,CHEMBL4297216,Cc1cnc(Nc2ccc(OCCN3CCCC3)cc2)nc1Nc1cccc(S(=O)(=O)NC(C)(C)C)c1,524.6910000000001,4.823620000000004,3,8,108.48000000000002,10,0.3463330582394302,37,1
ASCIMINIB HYDROCHLORIDE,CHEMBL4297220,O=C(Nc1ccc(OC(F)(F)Cl)cc1)c1cnc(N2CC[C@@H](O)C2)c(-c2cc[nH]n2)c1,449.8450000000002,3.462900000000001,3,6,103.36999999999999,6,0.49786726723892555,31,0
MITAPIVAT SULFATE,CHEMBL4297223,O=C(c1ccc(NS(=O)(=O)c2cccc3cccnc23)cc1)N1CCN(CC2CC2)CC1,450.56400000000036,3.203400000000001,1,5,82.60999999999999,6,0.6236721234606906,32,0
PIFLUFOLASTAT F18,CHEMBL4297334,O=C(O)CC[C@H](NC(=O)N[C@@H](CCCCNC(=O)c1ccc([18F])nc1)C(=O)O)C(=O)O,441.4029380000002,0.19120000000000015,6,6,195.01999999999998,13,0.1828494888807452,31,1
DURLOBACTAM SODIUM,CHEMBL4297378,CC1=C[C@@H]2CN(C(=O)N2OS(=O)(=O)O)[C@@H]1C(N)=O,277.25800000000004,-1.3591999999999989,2,5,130.24,3,0.4837242090168431,18,0
MELPHALAN FLUFENAMIDE HYDROCHLORIDE,CHEMBL4297403,CCOC(=O)[C@H](Cc1ccc(F)cc1)NC(=O)[C@@H](N)Cc1ccc(N(CCCl)CCCl)cc1,498.4260000000003,3.270100000000002,2,5,84.66,13,0.32730843977839635,33,0
BALOXAVIR MARBOXIL,CHEMBL4297503,COC(=O)OCOc1c2n(ccc1=O)N([C@@H]1c3ccccc3SCc3c1ccc(F)c3F)[C@@H]1COCCN1C2=O,571.5580000000001,3.391200000000002,0,9,99.53999999999999,4,0.3447647571414497,40,1
ELACESTRANT,CHEMBL4297509,CCNCCc1ccc(CN(CC)c2cc(OC)ccc2[C@@H]2CCc3cc(O)ccc3C2)cc1,458.6460000000002,5.851800000000007,2,4,44.730000000000004,10,0.37408197818178285,34,1
MAVACAMTEN,CHEMBL4297517,CC(C)n1c(=O)cc(N[C@@H](C)c2ccccc2)[nH]c1=O,273.33600000000007,2.2906,2,3,66.89,4,0.8978140982666175,20,0
PEMIGATINIB,CHEMBL4297522,CCN1C(=O)N(c2c(F)c(OC)cc(OC)c2F)Cc2cnc3[nH]c(CN4CCOCC4)cc3c21,487.5070000000004,3.6570000000000027,1,6,83.16,6,0.5716360700489861,35,0
REMIMAZOLAM,CHEMBL4297526,COC(=O)CC[C@@H]1N=C(c2ccccn2)c2cc(Br)ccc2-n2c(C)cnc21,439.31300000000016,4.183520000000003,0,5,69.37,4,0.5722695378751442,28,0
RISDIPLAM,CHEMBL4297528,Cc1cn2nc(-c3cc(=O)n4cc(N5CCNC6(CC6)C5)ccc4n3)cc(C)c2n1,401.47400000000016,1.9632399999999994,1,6,79.83,2,0.5532138256622311,30,0
GLASDEGIB MALEATE,CHEMBL4297534,CN1CC[C@@H](NC(=O)Nc2ccc(C#N)cc2)C[C@@H]1c1nc2ccccc2[nH]1,374.4480000000001,3.391580000000002,3,4,96.84,3,0.6545376127478132,28,0
TRIHEPTANOIN,CHEMBL4297585,CCCCCCC(=O)OCC(COC(=O)CCCCCC)OC(=O)CCCCCC,428.61000000000035,5.895800000000007,0,6,78.9,20,0.1364984176447444,30,1
DARIDOREXANT,CHEMBL4297590,COc1ccc(-n2nccn2)c(C(=O)N2CCC[C@@]2(C)c2nc3c(C)c(Cl)ccc3[nH]2)c1,450.9300000000001,4.265420000000003,1,5,88.93,4,0.5013077252659311,32,0
AMENAMEVIR,CHEMBL4297592,Cc1cccc(C)c1N(CC(=O)Nc1ccc(-c2ncon2)cc1)C(=O)C1CCS(=O)(=O)CC1,482.5620000000003,3.1499400000000017,1,7,122.47,6,0.5725094907014661,34,0
DEUTIVACAFTOR,CHEMBL4297603,[2H]C([2H])([2H])C(c1cc(C(C)(C)C)c(NC(=O)c2c[nH]c3ccccc3c2=O)cc1O)(C([2H])([2H])[2H])C([2H])([2H])[2H],401.55391600200016,5.081000000000004,3,3,82.19,2,0.5598333842694998,29,1
OLUTASIDENIB,CHEMBL4297610,C[C@H](Nc1ccc(C#N)n(C)c1=O)c1cc2cc(Cl)ccc2[nH]c1=O,354.797,2.9249800000000006,2,4,90.68,3,0.7561838271258684,25,0
SOLRIAMFETOL,CHEMBL4297620,NC(=O)OC[C@H](N)Cc1ccccc1,194.23400000000004,0.6517000000000001,2,3,78.34,4,0.7382960322356528,14,0
OMIDENEPAG ISOPROPYL,CHEMBL4297666,CC(C)OC(=O)CNc1cccc(CN(Cc2ccc(-n3cccn3)cc2)S(=O)(=O)c2cccnc2)n1,520.6150000000001,3.416900000000002,1,8,119.31,11,0.2989262390394097,37,1
ELEXACAFTOR,CHEMBL4298128,Cc1nn(C)cc1S(=O)(=O)NC(=O)c1ccc(-n2ccc(OCC(C)(C)C(F)(F)F)n2)nc1N1C[C@@H](C)CC1(C)C,597.664,4.020020000000003,1,8,124.24000000000001,8,0.4131104469248584,41,1
DURLOBACTAM,CHEMBL4298137,CC1=C[C@@H]2CN(C(=O)N2OS(=O)(=O)O)[C@@H]1C(N)=O,277.25800000000004,-1.3591999999999989,2,5,130.24,3,0.4837242090168431,18,0
REPOTRECTINIB,CHEMBL4298138,C[C@H]1CNC(=O)c2cnn3ccc(nc23)N[C@H](C)c2cc(F)ccc2O1,355.3730000000001,2.5522,2,5,80.55000000000001,0,0.6477648078196179,26,0
SERDEXMETHYLPHENIDATE CHLORIDE,CHEMBL4298139,COC(=O)[C@H](c1ccccc1)[C@H]1CCCCN1C(=O)OC[n+]1cccc(C(=O)N[C@@H](CO)C(=O)O)c1,500.5280000000002,1.0548,3,7,146.35,9,0.34215621262174156,36,1
ARIMOCLOMOL CITRATE,CHEMBL4298149,[O-][n+]1cccc(/C(Cl)=N/OC[C@H](O)CN2CCCCC2)c1,313.78500000000014,1.0838,1,5,72.0,6,0.36913651549346194,21,0
SIPONIMOD FUMARIC ACID,CHEMBL4298150,CCc1cc(/C(C)=N/OCc2ccc(C3CCCCC3)c(C(F)(F)F)c2)ccc1CN1CC(C(=O)O)C1,516.6040000000002,6.7727000000000075,1,4,62.129999999999995,9,0.2950723343208272,37,2
NIROGACESTAT HYDROBROMIDE,CHEMBL4298153,CCC[C@H](N[C@H]1CCc2cc(F)cc(F)c2C1)C(=O)Nc1cn(C(C)(C)CNCC(C)(C)C)cn1,489.65500000000026,4.786400000000004,3,4,70.98,10,0.44898767005799106,35,0
FILGOTINIB MALEATE,CHEMBL4298167,O=C(Nc1nc2cccc(-c3ccc(CN4CCS(=O)(=O)CC4)cc3)n2n1)C1CC1,425.5140000000002,1.9751999999999998,1,6,96.67,5,0.6714427615145171,30,0
LINZAGOLIX CHOLINE,CHEMBL4298171,COc1cc(F)c(-n2c(=O)[nH]c3csc(C(=O)O)c3c2=O)cc1OCc1c(OC)ccc(F)c1F,508.4300000000003,3.452200000000002,2,7,119.85000000000002,7,0.39244659719668934,35,1
PIFLUFOLASTAT,CHEMBL4299851,O=C(O)CC[C@H](NC(=O)N[C@@H](CCCCNC(=O)c1ccc(F)nc1)C(=O)O)C(=O)O,442.40000000000015,0.19120000000000015,6,6,195.01999999999998,13,0.182480561413153,31,1
MITAPIVAT,CHEMBL4299940,O=C(c1ccc(NS(=O)(=O)c2cccc3cccnc23)cc1)N1CCN(CC2CC2)CC1,450.56400000000036,3.203400000000001,1,5,82.60999999999999,6,0.6236721234606906,32,0
SERDEXMETHYLPHENIDATE,CHEMBL4301162,COC(=O)[C@H](c1ccccc1)[C@H]1CCCCN1C(=O)OC[n+]1cccc(C(=O)N[C@@H](CO)C(=O)O)c1,500.5280000000002,1.0548,3,7,146.35,9,0.34215621262174156,36,1
FRUQUINTINIB,CHEMBL4303214,CNC(=O)c1c(C)oc2cc(Oc3ncnc4cc(OC)c(OC)cc34)ccc12,393.39900000000017,3.853520000000003,1,7,95.71000000000001,5,0.5500210816153454,29,0
CEFOTIAM HYDROCHLORIDE,CHEMBL4303232,CN(C)CCn1nnnc1SCC1=C(C(=O)O)N2C(=O)[C@@H](NC(=O)Cc3csc(N)n3)[C@H]2SC1,525.6420000000002,-0.653199999999996,3,12,172.45999999999998,10,0.26456113507512835,34,2
ABACAVIR SULFATE,CHEMBL4303288,Nc1nc(NC2CC2)c2ncn([C@H]3C=C[C@@H](CO)C3)c2n1,286.33900000000006,1.0922999999999998,3,6,101.88,4,0.7272302824304794,21,0
DORIPENEM MONOHYDRATE,CHEMBL4303454,C[C@@H](O)[C@H]1C(=O)N2C(C(=O)O)=C(S[C@@H]3CN[C@H](CNS(N)(=O)=O)C3)[C@H](C)[C@H]12,420.5130000000002,-1.6030999999999969,5,7,162.06,7,0.307507906873262,27,0
OMAVELOXOLONE,CHEMBL4303525,CC1(C)CC[C@]2(NC(=O)C(C)(F)F)CC[C@]3(C)[C@H](C(=O)C=C4[C@@]5(C)C=C(C#N)C(=O)C(C)(C)[C@@H]5CC[C@]43C)[C@@H]2C1,554.7220000000002,6.729780000000008,1,4,87.03,2,0.4100424722853117,40,2
ZOLEDRONIC ACID,CHEMBL4303669,O=P(O)(O)C(O)(Cn1ccnc1)P(=O)(O)O,272.09,-1.1154000000000002,5,4,153.10999999999999,4,0.4319639935251941,16,0
DEUCRAVACITINIB,CHEMBL4435170,[2H]C([2H])([2H])NC(=O)c1nnc(NC(=O)C2CC2)cc1Nc1cccc(-c2ncn(C)n2)c1OC,425.4673053340002,1.7324,3,8,135.95,7,0.5206742897051934,31,0
ENMETAZOBACTAM,CHEMBL4458276,Cn1cc[n+](C[C@@]2(C)[C@H](C(=O)[O-])N3C(=O)C[C@H]3S2(=O)=O)n1,314.32300000000004,-3.4283999999999963,0,6,116.27999999999999,3,0.4234149806094993,21,0
SOTORASIB,CHEMBL4535757,C=CC(=O)N1CCN(c2nc(=O)n(-c3c(C)ccnc3C(C)C)c3nc(-c4c(O)cccc4F)c(F)cc23)[C@@H](C)C1,560.6050000000001,4.4814200000000035,1,7,104.45000000000002,5,0.3590679168093476,41,1
LAZERTINIB,CHEMBL4558324,C=CC(=O)Nc1cc(Nc2nccc(-n3cc(CN(C)C)c(-c4ccccc4)n3)n2)c(OC)cc1N1CCOCC1,554.6550000000002,4.104200000000003,2,9,109.67000000000002,10,0.28004920687310475,41,1
SELPERCATINIB,CHEMBL4559134,COc1ccc(CN2C3CC2CN(c2ccc(-c4cc(OCC(C)(C)O)cn5ncc(C#N)c45)cn2)C3)cn1,525.6130000000003,3.2843800000000023,1,9,112.03999999999999,8,0.37031895024634764,39,1
PRALSETINIB,CHEMBL4582651,CO[C@]1(C(=O)N[C@@H](C)c2ccc(-n3cc(F)cn3)nc2)CC[C@H](c2nc(C)cc(Nc3cc(C)[nH]n3)n2)CC1,533.6120000000002,4.200140000000003,3,8,135.53,8,0.30667835077500394,39,1
BELZUTIFAN,CHEMBL4585668,CS(=O)(=O)c1ccc(Oc2cc(F)cc(C#N)c2)c2c1[C@H](O)[C@H](F)[C@@H]2F,383.34700000000004,3.2888800000000016,1,5,87.39,3,0.8788754903467066,26,0
CANAGLIFLOZIN,CHEMBL4594217,Cc1ccc([C@@H]2O[C@H](CO)[C@@H](O)[C@H](O)[C@H]2O)cc1Cc1ccc(-c2ccc(F)cc2)s1,444.52400000000017,2.968320000000001,4,6,90.15,5,0.48591581732684125,31,0
SULOPENEM ETZADROXIL,CHEMBL4594246,CCC(CC)C(=O)OCOC(=O)C1=C(S[C@H]2CC[S+]([O-])C2)S[C@@H]2[C@@H]([C@@H](C)O)C(=O)N12,477.6260000000002,1.8019000000000003,1,9,116.2,9,0.22957272522547312,30,0
NETARSUDIL,CHEMBL4594250,Cc1ccc(C(=O)OCc2ccc([C@@H](CN)C(=O)Nc3ccc4cnccc4c3)cc2)c(C)c1,453.54200000000014,4.8896400000000035,2,5,94.31,7,0.38868510258372735,34,0
NETARSUDIL DIMESYLATE,CHEMBL4594251,Cc1ccc(C(=O)OCc2ccc([C@@H](CN)C(=O)Nc3ccc4cnccc4c3)cc2)c(C)c1,453.54200000000014,4.8896400000000035,2,5,94.31,7,0.38868510258372735,34,0
TAZEMETOSTAT HYDROBROMIDE,CHEMBL4594260,CCN(c1cc(-c2ccc(CN3CCOCC3)cc2)cc(C(=O)NCc2c(C)cc(C)[nH]c2=O)c1C)C1CCOCC1,572.75,4.734660000000003,2,6,86.9,9,0.38554289103466516,42,1
FLUOROESTRADIOL F-18,CHEMBL4594261,C[C@]12CC[C@@H]3c4ccc(O)cc4CC[C@H]3[C@@H]1C[C@@H]([18F])[C@@H]2O,289.38093799999996,3.557200000000002,2,2,40.46,0,0.7664543213568534,21,0
AMLODIPINE BENZOATE,CHEMBL4594262,CCOC(=O)C1=C(COCCN)NC(C)=C(C(=O)OC)C1c1ccccc1Cl,408.88200000000006,2.266300000000001,2,7,99.88000000000001,8,0.5023259105130484,28,0
ELACESTRANT HYDROCHLORIDE,CHEMBL4594273,CCNCCc1ccc(CN(CC)c2cc(OC)ccc2[C@@H]2CCc3cc(O)ccc3C2)cc1,458.6460000000002,5.851800000000007,2,4,44.730000000000004,10,0.37408197818178285,34,1
GEFAPIXANT CITRATE,CHEMBL4594278,COc1cc(C(C)C)c(Oc2cnc(N)nc2N)cc1S(N)(=O)=O,353.40400000000005,1.2127,3,8,156.44,5,0.7236287245558121,24,0
ENSIFENTRINE,CHEMBL4594287,COc1cc2c(cc1OC)-c1c/c(=N\c3c(C)cc(C)cc3C)n(CCNC(N)=O)c(=O)n1CC2,477.56500000000034,2.7160599999999997,2,5,112.87,6,0.5683270046034609,35,0
LEVAMLODIPINE MALEATE,CHEMBL4594288,CCOC(=O)C1=C(COCCN)NC(C)=C(C(=O)OC)[C@@H]1c1ccccc1Cl,408.88200000000006,2.266300000000001,2,7,99.88000000000001,8,0.5023259105130484,28,0
TEPOTINIB HYDROCHLORIDE,CHEMBL4594292,CN1CCC(COc2cnc(-c3cccc(Cn4nc(-c5cccc(C#N)c5)ccc4=O)c3)nc2)CC1,492.58300000000025,4.007880000000003,0,7,96.92999999999999,7,0.3845344905374436,37,0
ACALABRUTINIB MALEATE,CHEMBL4594293,CC#CC(=O)N1CCC[C@H]1c1nc(-c2ccc(C(=O)Nc3ccccn3)cc2)c2c(N)nccn12,465.5170000000001,3.3126000000000015,2,6,118.50999999999999,4,0.44655122021395893,35,0
FOSDENOPTERIN HYDROBROMIDE,CHEMBL4594300,Nc1nc(=O)c2c([nH]1)N[C@@H]1O[C@@H]3COP(=O)(O)O[C@@H]3C(O)(O)[C@@H]1N2,363.223,-2.5202999999999998,7,11,201.27999999999997,0,0.18854761523882443,24,2
REMIMAZOLAM BESYLATE,CHEMBL4594301,COC(=O)CC[C@@H]1N=C(c2ccccn2)c2cc(Br)ccc2-n2c(C)cnc21,439.31300000000016,4.183520000000003,0,5,69.37,4,0.5722695378751442,28,0
ADAGRASIB,CHEMBL4594350,C=C(F)C(=O)N1CCN(c2nc(OC[C@@H]3CCCN3C)nc3c2CCN(c2cccc4cccc(Cl)c24)C3)C[C@@H]1CC#N,604.1299999999999,4.732980000000004,0,8,88.83000000000001,7,0.35821331010446944,43,1
FOSLEVODOPA,CHEMBL4594379,N[C@@H](Cc1ccc(OP(=O)(O)O)c(O)c1)C(=O)O,277.169,-0.1819,5,5,150.31,5,0.4647633898513046,18,0
DEURUXOLITINIB PHOSPHATE,CHEMBL4594382,[2H]C1([2H])C([C@@H](CC#N)n2cc(-c3ncnc4[nH]ccc34)cn2)C([2H])([2H])C([2H])([2H])C1([2H])[2H],314.42181422400006,3.466380000000002,1,4,83.17999999999999,4,0.7989603310724154,23,0
IPTACOPAN,CHEMBL4594448,CCO[C@H]1CCN(Cc2c(OC)cc(C)c3[nH]ccc23)[C@H](c2ccc(C(=O)O)cc2)C1,422.5250000000002,4.925320000000004,2,4,74.79,7,0.5649665871250638,31,0
CRAVACITINIB,CHEMBL4596392,CNC(=O)c1nnc(NC(=O)C2CC2)cc1Nc1cccc(-c2ncn(C)n2)c1OC,422.4490000000002,1.7323999999999995,3,8,135.95,7,0.5237289112980588,31,0
INAVOLISIB,CHEMBL4650215,C[C@H](Nc1ccc2c(c1)OCCn1cc(N3C(=O)OC[C@H]3C(F)F)nc1-2)C(N)=O,407.37700000000007,1.8184999999999996,2,6,111.71000000000001,5,0.782117244605261,29,0
DARIDOREXANT HYDROCHLORIDE,CHEMBL4650216,COc1ccc(-n2nccn2)c(C(=O)N2CCC[C@@]2(C)c2nc3c(C)c(Cl)ccc3[nH]2)c1,450.9300000000001,4.265420000000003,1,5,88.93,4,0.5013077252659311,32,0
ZAVEGEPANT HYDROCHLORIDE,CHEMBL4650220,Cc1cc(C[C@@H](NC(=O)N2CCC(c3cc4ccccc4[nH]c3=O)CC2)C(=O)N2CCN(C3CCN(C)CC3)CC2)cc2cn[nH]c12,638.817,3.451520000000002,3,6,120.66999999999999,6,0.29776460578878866,47,1
ACORAMIDIS HYDROCHLORIDE,CHEMBL4650226,Cc1n[nH]c(C)c1CCCOc1cc(C(=O)O)ccc1F,292.31,2.875440000000001,2,3,75.21,6,0.8027227041421029,21,0
TRILACICLIB DIHYDROCHLORIDE,CHEMBL4650272,CN1CCN(c2ccc(Nc3ncc4cc5n(c4n3)C3(CCCCC3)CNC5=O)nc2)CC1,446.55900000000037,2.724500000000001,2,7,91.21,3,0.6392153051534564,33,0
MOBOCERTINIB,CHEMBL4650319,C=CC(=O)Nc1cc(Nc2ncc(C(=O)OC(C)C)c(-c3cn(C)c4ccccc34)n2)c(OC)cc1N(C)CCN(C)C,585.709,5.075000000000005,2,9,113.85,12,0.17365909455648496,43,2
PIRTOBRUTINIB,CHEMBL4650485,COc1ccc(F)cc1C(=O)NCc1ccc(-c2nn([C@@H](C)C(F)(F)F)c(N)c2C(N)=O)cc1,479.43400000000014,3.432200000000001,3,5,125.25999999999999,7,0.4479676256623823,34,0
REVUMENIB,CHEMBL4650827,CCN(C(=O)c1cc(F)ccc1Oc1cncnc1N1CC2(CCN(C[C@H]3CC[C@H](NS(=O)(=O)CC)CC3)CC2)C1)C(C)C,630.831,4.678800000000004,1,8,107.97,11,0.381630033224148,44,1
BELUMOSUDIL MESYLATE,CHEMBL4802130,CC(C)NC(=O)COc1cccc(-c2nc(Nc3ccc4[nH]ncc4c3)c3ccccc3n2)c1,452.51800000000014,4.820100000000003,3,6,104.82,7,0.32700640037012135,34,0
NIRMATRELVIR,CHEMBL4802135,CC(C)(C)[C@H](NC(=O)C(F)(F)F)C(=O)N1C[C@H]2[C@@H]([C@H]1C(=O)N[C@H](C#N)C[C@@H]1CCNC1=O)C2(C)C,499.5340000000003,1.0971800000000007,3,5,131.4,6,0.5037264667056947,35,0
MOBOCERTINIB SUCCINATE,CHEMBL4802239,C=CC(=O)Nc1cc(Nc2ncc(C(=O)OC(C)C)c(-c3cn(C)c4ccccc34)n2)c(OC)cc1N(C)CCN(C)C,585.709,5.075000000000005,2,9,113.85,12,0.17365909455648496,43,2
FOSCARBIDOPA,CHEMBL4802240,C[C@@](Cc1ccc(OP(=O)(O)O)c(O)c1)(NN)C(=O)O,306.21100000000007,-0.2872000000000004,6,6,162.34,6,0.23538721584949707,20,1
AMPHETAMINE ASPARTATE/DEXTROAMPHETAMINE SULFATE,CHEMBL5095048,CC(N)Cc1ccccc1,135.20999999999998,1.5763,1,1,26.02,2,0.6542162175383444,10,0
PACRITINIB CITRATE,CHEMBL5095049,C1=C/COCc2cc(ccc2OCCN2CCCC2)Nc2nccc(n2)-c2cccc(c2)COC/1,472.58900000000017,4.964800000000004,1,7,68.74000000000001,4,0.5381350943617238,35,0
FINGOLIMOD LAURYL SULFATE,CHEMBL5095050,CCCCCCCCc1ccc(CCC(N)(CO)CO)cc1,307.478,3.204300000000001,3,3,66.48,12,0.5194936783733953,22,0
VENLAFAXINE BESYLATE,CHEMBL5095051,COc1ccc(C(CN(C)C)C2(O)CCCCC2)cc1,277.4079999999999,3.0356000000000014,1,3,32.7,5,0.8976823731418612,20,0
BENZGALANTAMINE,CHEMBL5095056,COc1ccc2c3c1O[C@H]1C[C@@H](OC(=O)c4ccccc4)C=C[C@@]31CCN(C)C2,391.46700000000016,3.7150000000000025,0,5,48.00000000000001,3,0.5896396812689977,29,0
IPTACOPAN HYDROCHLORIDE,CHEMBL5095401,CCO[C@H]1CCN(Cc2c(OC)cc(C)c3[nH]ccc23)[C@H](c2ccc(C(=O)O)cc2)C1,422.5250000000002,4.925320000000004,2,4,74.79,7,0.5649665871250638,31,0
TRIENTINE TETRAHYDROCHLORIDE,CHEMBL5095420,NCCNCCNCCN,146.238,-1.916999999999998,4,4,76.1,7,0.3159259759712412,10,0
AMPHETAMINE/DEXTROAMPHETAMINE,CHEMBL5095505,CC(N)Cc1ccccc1,135.20999999999998,1.5763,1,1,26.02,2,0.6542162175383444,10,0
BEROTRALSTAT,CHEMBL5189739,N#Cc1cccc([C@@H](NCC2CC2)c2ccc(F)c(NC(=O)c3cc(C(F)(F)F)nn3-c3cccc(CN)c3)c2)c1,562.571,5.7018800000000045,3,5,108.76,9,0.2268705766731385,41,2
ENTECAVIR,CHEMBL5314362,C=C1[C@H](CO)[C@@H](O)C[C@@H]1n1cnc2c(=O)[nH]c(N)nc21,277.284,-0.8278000000000001,4,6,130.04999999999998,2,0.5301148369563783,20,0
MONENSIN SODIUM,CHEMBL5314365,CC[C@@]1([C@H]2O[C@H]([C@H]3O[C@@](O)(CO)[C@H](C)C[C@@H]3C)C[C@H]2C)CC[C@H]([C@@]2(C)CC[C@]3(C[C@H](O)[C@@H](C)[C@@H]([C@H](C)[C@H](OC)[C@@H](C)C(=O)O)O3)O2)O1,670.8810000000005,4.272900000000003,4,10,153.37,10,0.26360699198358767,47,1
ESOMEPRAZOLE MAGNESIUM,CHEMBL5314366,COc1ccc2[nH]c([S@@+]([O-])Cc3ncc(C)c(OC)c3C)nc2c1,345.4240000000001,2.8997400000000013,1,5,83.09,5,0.7189882148938236,24,0
"CEFPROZIL, (E)-",CHEMBL5314373,C/C=C/C1=C(C(=O)O)N2C(=O)[C@@H](NC(=O)[C@H](N)c3ccc(O)cc3)[C@H]2SC1,389.4330000000001,0.7067000000000008,4,6,132.96,5,0.5450750848987173,27,0
CIDOFOVIR,CHEMBL5314375,Nc1ccn(C[C@@H](CO)OCP(=O)(O)O)c(=O)n1,279.18899999999996,-1.6618000000000002,4,6,147.89999999999998,6,0.45197128428898714,18,0
PERFLUOROHEXYLOCTANE,CHEMBL5314588,CCCCCCCCC(F)(F)C(F)(F)C(F)(F)C(F)(F)C(F)(F)C(F)(F)F,432.26399999999995,7.475800000000005,0,0,0.0,11,0.23466203137848088,27,1
TIRABRUTINIB HYDROCHLORIDE,CHEMBL5314600,CC#CC(=O)N1CC[C@@H](n2c(=O)n(-c3ccc(Oc4ccccc4)cc3)c3c(N)ncnc32)C1,454.4900000000002,2.7534,1,6,108.27,4,0.4752428318869178,34,0
RITLECITINIB TOSYLATE,CHEMBL5314649,C=CC(=O)N1C[C@H](Nc2ncnc3[nH]ccc23)CC[C@@H]1C,285.35100000000006,1.9352999999999994,2,4,73.91,3,0.8451673485107614,21,0
VANZACAFTOR,CHEMBL5314934,CC1(C)C[C@@H]2CCCNc3cccc(n3)S(=O)(=O)NC(=O)c3ccc(-n4ccc(OCCC5C6(CC6)C56CC6)n4)nc3N1C2,617.776,4.5507000000000035,2,9,131.34000000000003,5,0.42333159010907695,44,1
SITAGLIPTIN FUMARATE,CHEMBL5315049,N[C@@H](CC(=O)N1CCn2c(nnc2C(F)(F)F)C1)Cc1cc(F)c(F)cc1F,407.31800000000015,2.0164999999999997,1,4,77.04,4,0.6216377742511342,28,0
PEMETREXED MONOHYDRATE,CHEMBL5315053,Nc1nc2[nH]cc(CCc3ccc(C(=O)N[C@@H](CCC(=O)O)C(=O)O)cc3)c2c(=O)[nH]1,427.41700000000014,0.6664000000000003,6,6,191.26,9,0.2867441070042202,31,1
ERTUGLIFLOZIN PIDOLATE,CHEMBL5315054,CCOc1ccc(Cc2cc([C@]34OC[C@](CO)(O3)[C@@H](O)[C@H](O)[C@H]4O)ccc2Cl)cc1,436.88800000000003,1.3564999999999994,4,7,108.61000000000001,6,0.5410269555469095,30,0
NALMEFENE HYDROCHLORIDE DIHYDRATE,CHEMBL5315055,C=C1CC[C@@]2(O)[C@H]3Cc4ccc(O)c5c4[C@@]2(CCN3CC2CC2)[C@H]1O5,339.4350000000001,2.512500000000001,2,4,52.93000000000001,2,0.813193738638947,25,0
NALOXONE HYDROCHLORIDE DIHYDRATE,CHEMBL5315056,C=CCN1CC[C@]23c4c5ccc(O)c4O[C@H]2C(=O)CC[C@@]3(O)[C@H]1C5,327.3800000000001,1.3014,2,5,70.0,2,0.8015195132508509,24,0
ZANAMIVIR HYDRATE,CHEMBL5315117,CC(=O)N[C@H]1[C@H]([C@H](O)[C@H](O)CO)OC(C(=O)O)=C[C@@H]1NC(=N)N,332.313,-3.5758299999999963,8,7,198.22,6,0.17886938514586126,23,1
ILOPROST TROMETHAMINE,CHEMBL5315118,CC#CCC(C)[C@H](O)/C=C/[C@@H]1[C@H]2C/C(=C/CCCC(=O)O)C[C@H]2C[C@H]1O,360.4940000000001,3.541300000000003,3,3,77.76,8,0.3514175873049406,26,0
UPADACITINIB HEMIHYDRATE,CHEMBL5315119,CC[C@@H]1CN(C(=O)NCC(F)(F)F)C[C@@H]1c1cnc2cnc3[nH]ccc3n12,380.374,2.9079000000000006,2,3,78.32,3,0.7334449348650801,27,0
TECOVIRIMAT MONOHYDRATE,CHEMBL5315121,O=C(NN1C(=O)[C@@H]2[C@@H]3C=C[C@@H]([C@H]4C[C@@H]34)[C@@H]2C1=O)c1ccc(C(F)(F)F)cc1,376.334,2.4033000000000007,1,3,66.48,2,0.6368222948475758,27,0
BORTEZOMIB D-MANNITOL,CHEMBL5315122,CC(C)C[C@H](NC(=O)[C@H](Cc1ccccc1)NC(=O)c1cnccn1)B1O[C@H]([C@H](O)CO)[C@@H]([C@H](O)CO)O1,530.3870000000003,-1.1335999999999966,6,10,183.35999999999999,13,0.17329433916904888,38,2
LEVOFLOXACIN,CHEMBL5315124,C[C@H]1COc2c(N3CCN(C)CC3)c(F)cc3c(=O)c(C(=O)O)cn1c23,361.37300000000005,1.5439999999999998,1,5,75.00999999999999,2,0.8747398264671755,26,0
DUVELISIB MONOHYDRATE,CHEMBL5315125,C[C@H](Nc1ncnc2nc[nH]c12)c1cc2cccc(Cl)c2c(=O)n1-c1ccccc1,416.8720000000002,4.483500000000002,2,5,88.49000000000001,4,0.4505068915844373,30,0
DASATINIB,CHEMBL5416410,Cc1nc(Nc2ncc(C(=O)Nc3c(C)cccc3Cl)s2)cc(N2CCN(CCO)CC2)n1,488.01700000000034,3.3135400000000015,3,9,106.50999999999999,7,0.4657173060978848,33,0
ELIGLUSTAT TARTRATE,CHEMBL5723563,CCCCCCCC(=O)N[C@H](CN1CCCC1)[C@H](O)c1ccc2c(c1)OCCO2,404.55100000000016,3.4323000000000023,2,5,71.03000000000002,11,0.5530897750136828,29,0
CODEINE PHOSPHATE,CHEMBL6067642,COc1ccc2c3c1O[C@H]1[C@@H](O)C=C[C@H]4[C@@H](C2)N(C)CC[C@@]341,299.3700000000001,1.5010999999999999,1,4,41.93,1,0.7981444096668123,22,0
PAROXETINE HYDROCHLORIDE,CHEMBL6067650,Fc1ccc([C@@H]2CCNC[C@H]2COc2ccc3c(c2)OCO3)cc1,329.3710000000001,3.326500000000002,1,4,39.72,4,0.9339413767145557,24,0
CEFTRIAXONE SODIUM,CHEMBL6067656,CO/N=C(\C(=O)N[C@@H]1C(=O)N2C(C(=O)O)=C(CSc3nc(=O)c(O)nn3C)CS[C@H]12)c1csc(N)n1,554.592,-1.198999999999999,4,14,215.22000000000003,8,0.13068027340154376,36,2
VARENICLINE TARTRATE,CHEMBL6067972,c1cnc2cc3c(cc2n1)[C@@H]1CNC[C@H]3C1,211.26799999999994,1.8038999999999998,1,3,37.81,0,0.721762960406491,16,0
RASAGILINE TARTRATE,CHEMBL6067988,C#CCN[C@@H]1CCc2ccccc21,171.243,1.8967,1,1,12.03,2,0.6700261204475028,13,0
BEROTRALSTAT HYDROCHLORIDE,CHEMBL6067995,N#Cc1cccc([C@@H](NCC2CC2)c2ccc(F)c(NC(=O)c3cc(C(F)(F)F)nn3-c3cccc(CN)c3)c2)c1,562.571,5.7018800000000045,3,5,108.76,9,0.2268705766731385,41,2
LASOFOXIFENE TARTRATE,CHEMBL6067998,Oc1ccc2c(c1)CC[C@H](c1ccccc1)[C@@H]2c1ccc(OCCN2CCCC2)cc1,413.5610000000004,5.728700000000006,1,3,32.7,6,0.5602116243394663,31,1
ACETYLCYSTEINE LYSINE,CHEMBL6068327,NCCCC[C@H](N)C(=O)O,146.19,-0.4726999999999995,3,3,89.34,5,0.45717715849655716,10,0
ELTROMBOPAG CHOLINE,CHEMBL6068328,CC1=NN(c2ccc(C)c(C)c2)C(=O)/C1=N\Nc1cccc(-c2cccc(C(=O)O)c2)c1O,442.47500000000014,4.564840000000005,3,6,114.59,5,0.39569275781020385,33,0
PEMETREXED DIPOTASSIUM,CHEMBL6068329,Nc1nc2[nH]cc(CCc3ccc(C(=O)N[C@@H](CCC(=O)O)C(=O)O)cc3)c2c(=O)[nH]1,427.41700000000014,0.6664000000000003,6,6,191.26,9,0.2867441070042202,31,1
TENOFOVIR DISOPROXIL MALEATE,CHEMBL6068332,CC(C)OC(=O)OCOP(=O)(CO[C@H](C)Cn1cnc2c(N)ncnc21)OCOC(=O)OC(C)C,519.4480000000002,3.0356000000000014,1,14,185.43999999999997,13,0.2310328956549481,35,2
CLOPIDOGREL BESILATE,CHEMBL6068333,COC(=O)[C@H](c1ccccc1Cl)N1CCc2sccc2C1,321.829,3.6739000000000024,0,4,29.54,3,0.807761185070717,21,0
SITAGLIPTIN HYDROCHLORIDE MONOHYDRATE,CHEMBL6068334,N[C@@H](CC(=O)N1CCn2c(nnc2C(F)(F)F)C1)Cc1cc(F)c(F)cc1F,407.31800000000015,2.0164999999999997,1,4,77.04,4,0.6216377742511342,28,0
PEMETREXED DISODIUM HEMIPENTAHYDRATE,CHEMBL6068335,Nc1nc2[nH]cc(CCc3ccc(C(=O)N[C@@H](CCC(=O)O)C(=O)O)cc3)c2c(=O)[nH]1,427.41700000000014,0.6664000000000003,6,6,191.26,9,0.2867441070042202,31,1
MOMELOTINIB DIHYDROCHLORIDE MONOHYDRATE,CHEMBL6068336,N#CCNC(=O)c1ccc(-c2ccnc(Nc3ccc(N4CCOCC4)cc3)n2)cc1,414.4690000000002,2.9771800000000015,2,7,103.17,6,0.597823059764905,31,0
LENALIDOMIDE HYDROCHLORIDE MONOHYDRATE,CHEMBL6068337,Nc1cccc2c1CN(C1CCC(=O)NC1=O)C2=O,259.265,0.029799999999999882,2,4,92.5,1,0.5494349129687401,19,0
CLOPIDOGREL HYDROCHLORIDE,CHEMBL6068338,COC(=O)[C@H](c1ccccc1Cl)N1CCc2sccc2C1,321.829,3.6739000000000024,0,4,29.54,3,0.807761185070717,21,0
IRBESARTAN HYDROCHLORIDE,CHEMBL6068339,CCCCC1=NC2(CCCC2)C(=O)N1Cc1ccc(-c2ccccc2-c2nnn[nH]2)cc1,428.5400000000001,4.777400000000004,1,5,87.13,7,0.5867441988589208,32,0
PRASUGREL BESYLATE,CHEMBL6068340,CC(=O)Oc1cc2c(s1)CCN(C(C(=O)C1CC1)c1ccccc1F)C2,373.44900000000007,3.8910000000000036,0,5,46.61,5,0.7462318337051916,26,0
TENOFOVIR DISOPROXIL PHOSPHATE,CHEMBL6068341,CC(C)OC(=O)OCOP(=O)(CO[C@H](C)Cn1cnc2c(N)ncnc21)OCOC(=O)OC(C)C,519.4480000000002,3.0356000000000014,1,14,185.43999999999997,13,0.2310328956549481,35,2
CLOPIDOGREL HYDROBROMIDE,CHEMBL6068343,COC(=O)[C@H](c1ccccc1Cl)N1CCc2sccc2C1,321.829,3.6739000000000024,0,4,29.54,3,0.807761185070717,21,0
REVUMENIB CITRATE,CHEMBL6068395,CCN(C(=O)c1cc(F)ccc1Oc1cncnc1N1CC2(CCN(C[C@H]3CC[C@H](NS(=O)(=O)CC)CC3)CC2)C1)C(C)C,630.831,4.678800000000004,1,8,107.97,11,0.381630033224148,44,1
GIVINOSTAT HYDROCHLORIDE,CHEMBL6068400,CCN(CC)Cc1ccc2cc(COC(=O)Nc3ccc(C(=O)NO)cc3)ccc2c1,421.49700000000007,4.549300000000003,3,5,90.9,8,0.36667418670337965,31,0
ESTETROL,CHEMBL6068423,C[C@]12CC[C@@H]3c4ccc(O)cc4CC[C@H]3[C@@H]1[C@@H](O)[C@@H](O)[C@@H]2O,304.38599999999997,1.5507999999999988,4,4,80.92,0,0.5861178147244706,22,0
BENZGALANTAMINE GLUCONATE,CHEMBL6068431,COc1ccc2c3c1O[C@H]1C[C@@H](OC(=O)c4ccccc4)C=C[C@@]31CCN(C)C2,391.46700000000016,3.7150000000000025,0,5,48.00000000000001,3,0.5896396812689977,29,0
LAZERTINIB MESYLATE,CHEMBL6068478,C=CC(=O)Nc1cc(Nc2nccc(-n3cc(CN(C)C)c(-c4ccccc4)n3)n2)c(OC)cc1N1CCOCC1,554.6550000000002,4.104200000000003,2,9,109.67000000000002,10,0.28004920687310475,41,1
