term,overlap,set_size,query_size,p,genes,FDR,fold,direction,library
Defense Response To Symbiont (GO:0140546),16,96,264,1.8511777004075624e-10,DDIT4;DDX60;DDX60L;IFI6;IFIT1;IFIT2;IFIT3;IFITM1;IFITM3;IRF1;IRF7;ISG15;NLRC5;OASL;RSAD2;STAT1,2.612011735275071e-07,7.761363636363637,Up,GO_BP
Defense Response To Virus (GO:0051607),16,128,264,1.4116202188423808e-08,DDIT4;DDX60;DDX60L;IFI6;IFIT1;IFIT2;IFIT3;IFITM1;IFITM3;IRF1;IRF7;ISG15;NLRC5;OASL;RSAD2;STAT1,9.958980643932996e-06,5.821022727272727,Up,GO_BP
Neuron Projection Development (GO:0031175),12,129,264,2.109091224482822e-05,BMP7;DCLK1;L1CAM;LAMB1;MICALL2;NBL1;NMNAT2;PLXNA3;SHANK3;TNIK;ULK1;UNC5A,0.009919759059150874,4.331923890063425,Up,GO_BP
Negative Regulation Of Viral Process (GO:0048525),7,47,264,5.868056684477948e-05,IFIT1;IFITM1;IFITM3;ISG15;OASL;RSAD2;STAT1,0.020699569954495962,6.935686653771761,Up,GO_BP
Cellular Response To Type I Interferon (GO:0071357),5,22,264,8.580934027815716e-05,IFIT1;IFITM1;IFITM3;SP100;STAT1,0.02163879482281569,10.583677685950414,Up,GO_BP
Positive Regulation Of Response To External Stimulus (GO:0032103),9,86,264,9.201471930325595e-05,ADAM8;CASP4;IL18;LGALS1;OPTN;PLAT;S100A9;SERPINF2;WNT5A,0.02163879482281569,4.873414376321353,Up,GO_BP
Negative Regulation Of Viral Genome Replication (GO:0045071),6,38,264,0.00014356918033462489,IFIT1;IFITM1;IFITM3;ISG15;OASL;RSAD2,0.028939444778879386,7.3528708133971294,Up,GO_BP
Positive Regulation Of Inflammatory Response (GO:0050729),7,57,264,0.00020550072729827633,ADAM8;CASP4;IL18;LGALS1;OSMR;S100A9;WNT5A,0.034490701292630835,5.7188995215311005,Up,GO_BP
Interferon-Mediated Signaling Pathway (GO:0140888),5,27,264,0.00024094336235986791,IFITM1;IFITM3;IRF1;SP100;STAT1,0.034490701292630835,8.623737373737374,Up,GO_BP
Regulation Of Anatomical Structure Morphogenesis (GO:0022603),9,98,264,0.0002518036647748425,KIF1A;KNDC1;LFNG;PHLDB2;PID1;SHANK3;SP100;TNFAIP3;TNIK,0.034490701292630835,4.2766697588126155,Up,GO_BP
Neuron Projection Morphogenesis (GO:0048812),9,100,264,0.00029326021579744875,ADGRB1;APLP1;BMP7;DCLK1;MAPK8IP2;NBL1;PLXNA3;SHANK3;TNIK,0.034490701292630835,4.191136363636364,Up,GO_BP
Inflammatory Response (GO:0006954),9,102,264,0.00034021211895648307,ADAM8;APOL2;BDKRB2;F2R;IL18;PARP4;PLA2G4C;S100A9;WNT5A,0.034490701292630835,4.108957219251336,Up,GO_BP
Negative Regulation Of Endopeptidase Activity (GO:0010951),5,29,264,0.00034221815598641506,BIN1;CST3;SERPINA1;SERPINB6;SERPINF2,0.034490701292630835,8.02899686520376,Up,GO_BP
Negative Regulation Of Peptidase Activity (GO:0010466),5,29,264,0.00034221815598641506,CST3;ECM1;SERPINA1;SERPINB6;SERPINF2,0.034490701292630835,8.02899686520376,Up,GO_BP
Positive Regulation Of Cytokine Production (GO:0001819),12,174,264,0.00037491693373720066,F2R;HLA-A;IL18;IRF1;IRF5;IRF7;ISG15;NOX5;RFTN1;SERPINF2;TICAM1;WNT5A,0.03526718623354601,3.2115987460815045,Up,GO_BP
Blood Vessel Morphogenesis (GO:0048514),5,31,264,0.00047277983644922135,EGFL7;ID1;SERPINF2;SLC1A1;STRA6,0.03783396912575514,7.510997067448681,Up,GO_BP
Negative Regulation Of DNA-binding Transcription Factor Activity (GO:0043433),9,107,264,0.00048531114934957013,BMP7;ID1;ID3;KLF4;NLRC5;PKD1;PTCH1;SP100;TNFAIP3,0.03783396912575514,3.9169498725573484,Up,GO_BP
Negative Regulation Of Signaling (GO:0023057),4,18,264,0.0005015673712567999,IGFBP3;KIF26A;LIF;OPTN,0.03783396912575514,10.348484848484848,Up,GO_BP
Regulation Of I-kappaB kinase/NF-kappaB Signaling (GO:0043122),12,180,264,0.0005094581243014511,APOL2;CASP8;ECM1;F2R;LGALS1;OPTN;STAT1;TICAM1;TNFAIP3;TNFRSF25;TRAF1;WNT5A,0.03783396912575514,3.1045454545454545,Up,GO_BP
Central Nervous System Development (GO:0007417),12,184,264,0.0006200890304456014,APLP1;DCLK1;DDIT4;DNER;MARCKS;MDGA1;MFSD2A;NES;NFASC;PKD1;PTCH1;SOX8,0.04197167205250444,3.0370553359683794,Up,GO_BP
Response To Interferon-Beta (GO:0035456),4,19,264,0.0006246669830634962,IFITM1;IFITM3;IRF1;STAT1,0.04197167205250444,9.803827751196174,Up,GO_BP
Response To Type II Interferon (GO:0034341),5,34,264,0.0007346664387543952,IFITM1;IFITM3;SP100;STAT1;WNT5A,0.04361756636198575,6.848262032085562,Up,GO_BP
Defense Response To Bacterium (GO:0042742),7,70,264,0.0007354069355518461,ADGRB1;CASP4;HLA-A;IL18;ISG15;OPTN;S100A9,0.04361756636198575,4.656818181818182,Up,GO_BP
Positive Regulation Of Type I Interferon Production (GO:0032481),6,51,264,0.0007419004909196726,IRF1;IRF5;IRF7;ISG15;STAT1;TICAM1,0.04361756636198575,5.478609625668449,Up,GO_BP
Positive Regulation Of Defense Response (GO:0031349),7,71,264,0.0008011541042295429,ADAM8;CASP4;IL18;LGALS1;OPTN;S100A9;WNT5A,0.043859540309008,4.59122919334187,Up,GO_BP
Regulation Of Smooth Muscle Cell Proliferation (GO:0048660),5,35,264,0.000842262494428932,IGFBP3;IL18;SERPINF2;STAT1;TNFAIP3,0.043859540309008,6.6525974025974035,Up,GO_BP
Response To Cytokine (GO:0034097),8,93,264,0.0008570676734903002,CASP8;IFITM1;IFITM3;ISG15;OSMR;PID1;SP100;STAT1,0.043859540309008,4.005865102639296,Up,GO_BP
Regulation Of Viral Genome Replication (GO:0045069),6,53,264,0.0009125242458257443,IFIT1;IFITM1;IFITM3;ISG15;OASL;RSAD2,0.043859540309008,5.2718696397941684,Up,GO_BP
Extracellular Matrix Organization (GO:0030198),8,94,264,0.0009197384104172001,ADAM8;ADAMTS15;ADAMTS17;ADAMTS9;APLP1;COL5A1;CREB3L1;SERPINF2,0.043859540309008,3.963249516441006,Up,GO_BP
Type I Interferon-Mediated Signaling Pathway (GO:0060337),4,21,264,0.0009325203467542454,IFITM1;IFITM3;SP100;STAT1,0.043859540309008,8.87012987012987,Up,GO_BP
Development Of Primary Male Sexual Characteristics (GO:0046546),4,22,264,0.0011206783481933764,BIK;MAMLD1;SOX8;WNT5A,0.04941491091565169,8.466942148760332,Up,GO_BP
Male Gonad Development (GO:0008584),4,22,264,0.0011206783481933764,BIK;MAMLD1;SOX8;WNT5A,0.04941491091565169,8.466942148760332,Up,GO_BP
Negative Regulation Of Viral Entry Into Host Cell (GO:0046597),3,11,264,0.0014216528201997617,IFITM1;IFITM3;LY6E,0.060786428160662535,12.700413223140497,Up,GO_BP
Axon Guidance (GO:0007411),8,102,264,0.001564478528442361,KIF5C;L1CAM;NFASC;PLXNA3;SEMA3B;TUBB3;UNC5A;WNT5A,0.06317380961459909,3.6524064171122994,Up,GO_BP
Axonogenesis (GO:0007409),9,126,264,0.0015670328394833228,APLP1;KIF5C;L1CAM;NFASC;PLXNA3;SEMA3B;TUBB3;ULK1;WNT5A,0.06317380961459909,3.326298701298701,Up,GO_BP
Cellular Response To Type II Interferon (GO:0071346),4,25,264,0.0018424941201957328,IRF1;SP100;STAT1;WNT5A,0.06966247790357712,7.450909090909091,Up,GO_BP
Regulation Of Heterotypic Cell-Cell Adhesion (GO:0034114),3,12,264,0.0018655967085097766,BMP7;KLF4;MYADM,0.06966247790357712,11.642045454545455,Up,GO_BP
Neuron Projection Guidance (GO:0097485),7,82,264,0.0018760979166094474,KIF5C;L1CAM;NFASC;PLXNA3;SEMA3B;TUBB3;WNT5A,0.06966247790357712,3.9753325942350335,Up,GO_BP
Gonad Development (GO:0008406),4,26,264,0.0021411659050846166,BIK;MAMLD1;SOX8;WNT5A,0.07662906775765235,7.164335664335664,Up,GO_BP
Chordate Embryonic Development (GO:0043009),5,43,264,0.002172333600500421,BMP7;PKD1;PTCH1;SOX8;WNT5A,0.07662906775765235,5.414904862579282,Up,GO_BP
Response To Exogenous dsRNA (GO:0043330),3,13,264,0.00238700848001683,IFIT1;RFTN1;TICAM1,0.07832718523962202,10.746503496503495,Up,GO_BP
Negative Regulation Of Viral Life Cycle (GO:1903901),3,13,264,0.00238700848001683,IFITM1;IFITM3;LY6E,0.07832718523962202,10.746503496503495,Up,GO_BP
Negative Regulation Of Cell Communication (GO:0010648),3,13,264,0.00238700848001683,IGFBP3;KIF26A;LIF,0.07832718523962202,10.746503496503495,Up,GO_BP
ERBB Signaling Pathway (GO:0038127),5,45,264,0.0026629526548382575,AREG;BTC;FAM83A;MVP;STUB1,0.08225154105298685,5.174242424242424,Up,GO_BP
Regulation Of Viral Entry Into Host Cell (GO:0046596),4,28,264,0.0028355421001206096,IFITM1;IFITM3;LGALS1;LY6E,0.08225154105298685,6.652597402597403,Up,GO_BP
Regulation Of Dendrite Development (GO:0050773),4,28,264,0.0028355421001206096,BMP7;KNDC1;MFSD2A;TNIK,0.08225154105298685,6.652597402597403,Up,GO_BP
Positive Regulation Of Interferon-Alpha Production (GO:0032727),3,14,264,0.002990126403606795,IRF5;IRF7;STAT1,0.08225154105298685,9.978896103896105,Up,GO_BP
Positive Regulation Of T Cell Cytokine Production (GO:0002726),3,14,264,0.002990126403606795,HLA-A;IL18;RSAD2,0.08225154105298685,9.978896103896105,Up,GO_BP
Positive Regulation Of Blood Coagulation (GO:0030194),3,14,264,0.002990126403606795,F2R;PLAT;SERPINF2,0.08225154105298685,9.978896103896105,Up,GO_BP
Positive Regulation Of Collagen Biosynthetic Process (GO:0032967),3,14,264,0.002990126403606795,CREB3L1;F2R;SERPINF2,0.08225154105298685,9.978896103896105,Up,GO_BP
Positive Regulation Of Collagen Metabolic Process (GO:0010714),3,14,264,0.002990126403606795,CREB3L1;F2R;SERPINF2,0.08225154105298685,9.978896103896105,Up,GO_BP
Nervous System Development (GO:0007399),14,281,264,0.003031240350641613,ADGRB1;APBA2;APLP1;DCLK1;DNER;L1CAM;MARCKS;MDGA1;NBL1;NES;NFASC;PKD1;SHANK3;SOX8,0.08225154105298685,2.3201229375606602,Up,GO_BP
Positive Regulation Of Interferon-Beta Production (GO:0032728),4,29,264,0.003234473931182083,IRF1;IRF5;IRF7;ISG15,0.08611023994147017,6.423197492163009,Up,GO_BP
Positive Regulation Of Cell Population Proliferation (GO:0008284),15,317,264,0.003552855178752908,AREG;BTC;F2R;IL18;LAMB1;LIF;NES;OSMR;PID1;PTHLH;SERPINF2;SLC35F6;SOX8;STAT1;WNT5A,0.09283478994852505,2.203541726412389,Up,GO_BP
Antigen Processing And Presentation Of Peptide Antigen Via MHC Class I (GO:0002474),3,15,264,0.003678808817632237,B2M;HLA-A;MFSD6,0.09335515990996926,9.313636363636364,Up,GO_BP
Regulation Of Signal Transduction (GO:0009966),9,143,264,0.0037050949361858813,CD63;GNG4;IGFBP3;KIF26A;LFNG;MAPK8IP2;PTCH1;RGS11;SP100,0.09335515990996926,2.9308645899554993,Up,GO_BP
Endothelial Cell Migration (GO:0043542),4,31,264,0.004143666618263219,ID1;S100A9;STAT1;TNFRSF25,0.10080540686843797,6.008797653958944,Up,GO_BP
Apoptotic Mitochondrial Changes (GO:0008637),4,31,264,0.004143666618263219,BBC3;BIK;IFI6;IFIT2,0.10080540686843797,6.008797653958944,Up,GO_BP
Metanephros Development (GO:0001656),3,16,264,0.004456551798308227,BMP7;PKD1;PTCH1,0.10308515717070342,8.73153409090909,Up,GO_BP
Regulation Of Collagen Biosynthetic Process (GO:0032965),3,16,264,0.004456551798308227,CREB3L1;F2R;SERPINF2,0.10308515717070342,8.73153409090909,Up,GO_BP
Regulation Of Interferon-Alpha Production (GO:0032647),3,16,264,0.004456551798308227,IRF5;IRF7;STAT1,0.10308515717070342,8.73153409090909,Up,GO_BP
External Encapsulating Structure Organization (GO:0045229),5,51,264,0.004613804271794172,ADAMTS15;ADAMTS17;ADAMTS9;APLP1;COL5A1,0.10386592266968431,4.565508021390374,Up,GO_BP
Negative Regulation Of Intracellular Signal Transduction (GO:1902532),10,176,264,0.004711140362055135,BMP7;CASP8;DDIT4;MAP2K3;MYADM;NUAK1;NUAK2;PDE10A;STAT1;TNFAIP3,0.10386592266968431,2.6459194214876036,Up,GO_BP
Apoptotic Process (GO:0006915),10,176,264,0.004711140362055135,BBC3;BIK;CASP4;CASP8;DDIT4;IFI6;IFIT2;IRF1;NOX5;TNFRSF25,0.10386592266968431,2.6459194214876036,Up,GO_BP
Extracellular Structure Organization (GO:0043062),5,52,264,0.005016995108677078,ADAMTS15;ADAMTS17;ADAMTS9;APLP1;COL5A1,0.10890738612835936,4.47770979020979,Up,GO_BP
Negative Regulation Of Cell Population Proliferation (GO:0008285),13,271,264,0.005776125886127952,ADGRB1;B2M;F2R;IFIT3;IFITM1;IGFBP3;IRF1;NACC2;PTHLH;TNFAIP3;ULK1;WNK2;WNT5A,0.12231968044704032,2.23389802079839,Up,GO_BP
Plasma Membrane Bounded Cell Projection Morphogenesis (GO:0120039),4,34,264,0.005808234294792134,BMP7;DCLK1;NBL1;TNIK,0.12231968044704032,5.478609625668449,Up,GO_BP
Negative Regulation Of Angiogenesis (GO:0016525),5,54,264,0.0058972104437785946,ADAMTS9;ADGRB1;CREB3L1;KLF4;STAT1,0.12236711670840583,4.311868686868687,Up,GO_BP
Regulation Of Postsynapse Organization (GO:0099175),3,18,264,0.006291493940371764,KIF1A;SHANK3;WNT5A,0.12816261750556673,7.761363636363637,Up,GO_BP
Regulation Of Interleukin-1 Beta Production (GO:0032651),4,35,264,0.0064490048496777036,CASP8;F2R;TNFAIP3;WNT5A,0.12816261750556673,5.322077922077923,Up,GO_BP
Regulation Of Tumor Necrosis Factor-Mediated Signaling Pathway (GO:0010803),4,35,264,0.0064490048496777036,CASP4;CASP8;TNFAIP3;ULK1,0.12816261750556673,5.322077922077923,Up,GO_BP
Regulation Of Cell Adhesion (GO:0030155),7,103,264,0.0066944079040397115,ADAM8;ARHGDIG;IL18;LAMB1;MYADM;NUAK1;PLXNA3,0.1311917993416671,3.164827890556046,Up,GO_BP
Negative Regulation Of Signal Transduction (GO:0009968),10,187,264,0.007155573250862807,CREB3L1;EGFL7;GRINA;IGFBP3;KIF26A;MAPK8IP2;PID1;PTCH1;SPRY4;TNFAIP3,0.1383084089995537,2.490277102576568,Up,GO_BP
Defense Response To Gram-positive Bacterium (GO:0050830),3,19,264,0.007354023994867065,CASP4;HLA-A;IL18,0.14022334941564094,7.3528708133971294,Up,GO_BP
Blood Circulation (GO:0008015),3,20,264,0.008516307380128473,BDKRB2;GUCY1B1;STAT1,0.15811196991264836,6.985227272727273,Up,GO_BP
Triglyceride Metabolic Process (GO:0006641),3,20,264,0.008516307380128473,DGAT1;LMF1;LPIN2,0.15811196991264836,6.985227272727273,Up,GO_BP
Endodermal Cell Differentiation (GO:0035987),3,21,264,0.009780271885690844,ITGA5;LAMA3;LAMB1,0.1769226106501254,6.652597402597403,Up,GO_BP
Muscle Tissue Development (GO:0060537),3,21,264,0.009780271885690844,PTCH1;STRA6;SVIL,0.1769226106501254,6.652597402597403,Up,GO_BP
Cellular Response To Organic Substance (GO:0071310),4,40,264,0.010355860147514448,IL18;PID1;RAMP1;SLC1A1,0.18496352744484668,4.656818181818182,Up,GO_BP
Positive Regulation Of Intracellular Signal Transduction (GO:1902533),15,359,264,0.010785967100387941,ADAM8;APOL2;BBC3;BMP7;CASP8;ECM1;F2R;IL18;JCAD;LGALS1;LIF;S100A9;TICAM1;TNFRSF25;WNT5A,0.19023749473309232,1.945745758419853,Up,GO_BP
Endoderm Formation (GO:0001706),3,22,264,0.011147576128453603,ITGA5;LAMA3;LAMB1,0.19181987703961018,6.350206611570249,Up,GO_BP
Positive Regulation Of Cytokine Production Involved In Immune Response (GO:0002720),3,22,264,0.011147576128453603,HLA-A;IRF5;WNT5A,0.19181987703961018,6.350206611570249,Up,GO_BP
Regulation Of Proteolysis (GO:0030162),4,41,264,0.01128610320588428,CASP8;CST3;PLAT;STUB1,0.1918637545000328,4.543237250554324,Up,GO_BP
Brain Development (GO:0007420),7,115,264,0.011936891017985408,DDIT4;MDGA1;MFSD2A;NES;NFASC;PTCH1;SHANK3,0.2005113479330644,2.834584980237154,Up,GO_BP
Regulation Of Interferon-Beta Production (GO:0032648),4,42,264,0.012268489055451106,IRF1;IRF5;IRF7;ISG15,0.20365691832048838,4.435064935064935,Up,GO_BP
Negative Regulation Of Protein Secretion (GO:0050709),3,23,264,0.012619623096006236,F2R;RAB11FIP5;RSAD2,0.2066526924835232,6.074110671936759,Up,GO_BP
Negative Regulation Of Phosphorylation (GO:0042326),5,65,264,0.012741874022726092,BMP7;IGFBP3;MYADM;PID1;PRR5L,0.2066526924835232,3.5821678321678325,Up,GO_BP
Regulation Of Neuron Projection Development (GO:0010975),7,117,264,0.013036999801914485,KIF1A;KIF26A;KNDC1;MFSD2A;S100A9;SHANK3;WNT5A,0.20903644000569702,2.786130536130536,Up,GO_BP
Negative Regulation Of Proteolysis (GO:0045861),3,24,264,0.014197573175159404,CST3;ECM1;PLAT,0.22014039285879033,5.8210227272727275,Up,GO_BP
Cardiac Conduction (GO:0061337),3,24,264,0.014197573175159404,BIN1;KCNH2;SLC4A3,0.22014039285879033,5.8210227272727275,Up,GO_BP
Regulation Of Potassium Ion Transmembrane Transport (GO:1901379),3,24,264,0.014197573175159404,BIN1;CD63;KCNH2,0.22014039285879033,5.8210227272727275,Up,GO_BP
Cytokine-Mediated Signaling Pathway (GO:0019221),7,120,264,0.014821191163061641,IL18;IL4R;IRF5;OASL;OSMR;STAT1;TRAF1,0.2273119644682606,2.7164772727272726,Up,GO_BP
Regulation Of Immune Response (GO:0050776),4,45,264,0.01553798050833545,CASP8;IRF1;IRF7;RSAD2,0.2286735232574024,4.13939393939394,Up,GO_BP
Response To Molecule Of Bacterial Origin (GO:0002237),4,45,264,0.01553798050833545,F2R;IRF5;S100A9;TNFAIP3,0.2286735232574024,4.13939393939394,Up,GO_BP
Positive Regulation Of Signaling Receptor Activity (GO:2000273),3,25,264,0.015882356682654454,AREG;BTC;SHANK3,0.2286735232574024,5.588181818181819,Up,GO_BP
Negative Regulation Of Endothelial Cell Migration (GO:0010596),3,25,264,0.015882356682654454,ADAMTS9;ADGRB1;SP100,0.2286735232574024,5.588181818181819,Up,GO_BP
Secondary Alcohol Metabolic Process (GO:1902652),3,25,264,0.015882356682654454,ABCG1;APOL2;OSBPL5,0.2286735232574024,5.588181818181819,Up,GO_BP
Negative Regulation Of Epithelial Cell Migration (GO:0010633),3,25,264,0.015882356682654454,ADAMTS9;ADGRB1;SP100,0.2286735232574024,5.588181818181819,Up,GO_BP
Proteolysis (GO:0006508),9,181,264,0.016248815181278943,ADAM8;ADAMTS15;ADAMTS17;ADAMTS9;CAPN15;CASP4;CASP8;PLAT;PTCH1,0.2315866486947938,2.3155449522852836,Up,GO_BP
Cell-Matrix Adhesion (GO:0007160),5,70,264,0.01713538318511949,ADAMTS9;CD63;ITGA5;L1CAM;PKD1,0.23453535264327532,3.3262987012987018,Up,GO_BP
Regulation Of Protein Binding (GO:0043393),6,96,264,0.017209205316342034,B2M;DTX3L;IFIT1;IFIT2;NES;PKD1,0.23453535264327532,2.9105113636363638,Up,GO_BP
Regulation Of Sprouting Angiogenesis (GO:1903670),3,26,264,0.017674685914511396,CREB3L1;ITGA5;KLF4,0.23453535264327532,5.3732517482517475,Up,GO_BP
Regulation Of Defense Response To Virus By Host (GO:0050691),3,26,264,0.017674685914511396,DTX3L;STAT1;TNFAIP3,0.23453535264327532,5.3732517482517475,Up,GO_BP
Positive Regulation Of Type II Interferon Production (GO:0032729),3,26,264,0.017674685914511396,HLA-A;IL18;ISG15,0.23453535264327532,5.3732517482517475,Up,GO_BP
Regulation Of Type I Interferon Production (GO:0032479),4,47,264,0.01799478982568103,IRF1;IRF5;IRF7;TICAM1,0.23453535264327532,3.963249516441006,Up,GO_BP
Lipopolysaccharide-Mediated Signaling Pathway (GO:0031663),2,10,264,0.01845033603359572,IL18;TICAM1,0.23453535264327532,9.313636363636364,Up,GO_BP
Regulation Of Fibrinolysis (GO:0051917),2,10,264,0.01845033603359572,PLAT;SERPINF2,0.23453535264327532,9.313636363636364,Up,GO_BP
Positive Regulation Of Myeloid Leukocyte Cytokine Production Involved In Immune Response (GO:0061081),2,10,264,0.01845033603359572,TICAM1;WNT5A,0.23453535264327532,9.313636363636364,Up,GO_BP
Negative Regulation Of Protein Processing (GO:0010955),2,10,264,0.01845033603359572,PLAT;SERPINF2,0.23453535264327532,9.313636363636364,Up,GO_BP
Regulation Of Mesenchymal Cell Proliferation (GO:0010464),2,10,264,0.01845033603359572,STAT1;WNT5A,0.23453535264327532,9.313636363636364,Up,GO_BP
Mesonephric Tubule Development (GO:0072164),2,10,264,0.01845033603359572,BMP7;PKD1,0.23453535264327532,9.313636363636364,Up,GO_BP
Neuron Development (GO:0048666),6,98,264,0.01886708944036773,L1CAM;LAMB1;MICALL2;ULK1;UNC5A;WNT5A,0.23588618322375557,2.851113172541744,Up,GO_BP
Learning (GO:0007612),3,27,264,0.019575066729978323,MAPK8IP2;SHANK3;STRA6,0.23588618322375557,5.174242424242424,Up,GO_BP
Cognition (GO:0050890),3,27,264,0.019575066729978323,GPR155;MFSD2A;STRA6,0.23588618322375557,5.174242424242424,Up,GO_BP
Regulation Of Angiogenesis (GO:0045765),7,127,264,0.019649647959765346,ADGRB1;ECM1;KLF4;SP100;STAT1;TNFAIP3;WNT5A,0.23588618322375557,2.5667501789549036,Up,GO_BP
Negative Regulation Of Cellular Response To Growth Factor Stimulus (GO:0090288),4,49,264,0.020680277770496212,CREB3L1;GPR155;NBL1;SPRY4,0.23588618322375557,3.8014842300556584,Up,GO_BP
Negative Regulation Of Protein Ubiquitination (GO:0031397),4,49,264,0.020680277770496212,ADGRB1;DTX3L;ISG15;TNFAIP3,0.23588618322375557,3.8014842300556584,Up,GO_BP
Embryonic Organ Development (GO:0048568),4,49,264,0.020680277770496212,MFSD2A;NES;PKD1;STRA6,0.23588618322375557,3.8014842300556584,Up,GO_BP
Regulation Of Inflammatory Response (GO:0050727),7,129,264,0.021210109657846515,CASP4;IL18;KLF4;LGALS1;S100A9;TNFAIP3;WNT5A,0.23588618322375557,2.5269556025369977,Up,GO_BP
Cellular Response To Cytokine Stimulus (GO:0071345),8,159,264,0.02142915497388941,IFIT1;IL4R;IRF1;IRF5;OSMR;PID1;STAT1;WNT5A,0.23588618322375557,2.3430531732418527,Up,GO_BP
Positive Regulation Of Pattern Recognition Receptor Signaling Pathway (GO:0062208),3,28,264,0.02158380968556126,DDX60;OASL;RSAD2,0.23588618322375557,4.989448051948052,Up,GO_BP
Pharyngeal System Development (GO:0060037),2,11,264,0.02223448785879482,BMP7;PTCH1,0.23588618322375557,8.466942148760332,Up,GO_BP
Potassium Ion Homeostasis (GO:0055075),2,11,264,0.02223448785879482,KCNH2;KCNMA1,0.23588618322375557,8.466942148760332,Up,GO_BP
Regulation Of Multicellular Organism Growth (GO:0040014),2,11,264,0.02223448785879482,MFSD2A;PTCH1,0.23588618322375557,8.466942148760332,Up,GO_BP
Triglyceride Biosynthetic Process (GO:0019432),2,11,264,0.02223448785879482,DGAT1;LPIN2,0.23588618322375557,8.466942148760332,Up,GO_BP
Regulation Of Neuron Projection Arborization (GO:0150011),2,11,264,0.02223448785879482,MFSD2A;WNT5A,0.23588618322375557,8.466942148760332,Up,GO_BP
Cell Junction Maintenance (GO:0034331),2,11,264,0.02223448785879482,F2R;MYADM,0.23588618322375557,8.466942148760332,Up,GO_BP
Regulation Of Cytokine Production Involved In Immune Response (GO:0002718),2,11,264,0.02223448785879482,IRF5;WNT5A,0.23588618322375557,8.466942148760332,Up,GO_BP
Negative Regulation Of Cation Transmembrane Transport (GO:1904063),2,11,264,0.02223448785879482,BIN1;KCNH2,0.23588618322375557,8.466942148760332,Up,GO_BP
Regulation Of Macrophage Differentiation (GO:0045649),2,11,264,0.02223448785879482,CASP8;LIF,0.23588618322375557,8.466942148760332,Up,GO_BP
Bicarbonate Transport (GO:0015701),2,11,264,0.02223448785879482,SLC4A2;SLC4A3,0.23588618322375557,8.466942148760332,Up,GO_BP
Lysosomal Microautophagy (GO:0016237),2,11,264,0.02223448785879482,SNX7;ULK1,0.23588618322375557,8.466942148760332,Up,GO_BP
Positive Regulation Of Natural Killer Cell Activation (GO:0032816),2,11,264,0.02223448785879482,IL18;TICAM1,0.23588618322375557,8.466942148760332,Up,GO_BP
Positive Regulation Of Cytoskeleton Organization (GO:0051495),4,51,264,0.02359944048701512,BIN1;CDC42EP3;NES;PLXNA3,0.23949008678303185,3.6524064171122994,Up,GO_BP
Positive Regulation Of Ossification (GO:0045778),3,29,264,0.023701040734143468,BMP7;ISG15;WNT5A,0.23949008678303185,4.817398119122257,Up,GO_BP
Positive Regulation Of Endothelial Cell Proliferation (GO:0001938),4,52,264,0.025147977601876627,ECM1;EGFL7;JCAD;WNT5A,0.23949008678303185,3.582167832167832,Up,GO_BP
Positive Regulation Of I-kappaB kinase/NF-kappaB Signaling (GO:0043123),7,134,264,0.025483858377195048,APOL2;CASP8;ECM1;F2R;LGALS1;TICAM1;TNFRSF25,0.23949008678303185,2.4326662143826328,Up,GO_BP
Positive Regulation Of Programmed Cell Death (GO:0043068),9,196,264,0.025710731807012093,BIN1;CASP8;IFIT2;IGFBP3;IRF5;KCNMA1;LGALS1;PLEKHN1;RASSF2,0.23949008678303185,2.1383348794063077,Up,GO_BP
Positive Regulation Of Cytokine-Mediated Signaling Pathway (GO:0001961),3,30,264,0.025926711503747563,CASP4;NLRC5;WNT5A,0.23949008678303185,4.656818181818182,Up,GO_BP
Regulation Of Response To External Stimulus (GO:0032101),5,78,264,0.026069489397945865,CASP4;CASP8;F2R;IRF1;WNT5A,0.23949008678303185,2.98513986013986,Up,GO_BP
Membrane Raft Organization (GO:0031579),2,12,264,0.026308266088851832,MYADM;RFTN1,0.23949008678303185,7.761363636363637,Up,GO_BP
Regulation Of Adaptive Immune Response (GO:0002819),2,12,264,0.026308266088851832,IRF1;IRF7,0.23949008678303185,7.761363636363637,Up,GO_BP
Negative Regulation Of Fibroblast Growth Factor Receptor Signaling Pathway (GO:0040037),2,12,264,0.026308266088851832,CREB3L1;SPRY4,0.23949008678303185,7.761363636363637,Up,GO_BP
Positive Regulation Of Alpha-Beta T Cell Proliferation (GO:0046641),2,12,264,0.026308266088851832,HLA-A;IL18,0.23949008678303185,7.761363636363637,Up,GO_BP
Negative Regulation Of Extrinsic Apoptotic Signaling Pathway In Absence Of Ligand (GO:2001240),2,12,264,0.026308266088851832,EYA2;IFI6,0.23949008678303185,7.761363636363637,Up,GO_BP
Negative Regulation Of Signal Transduction In Absence Of Ligand (GO:1901099),2,12,264,0.026308266088851832,EYA2;IFI6,0.23949008678303185,7.761363636363637,Up,GO_BP
Positive Regulation Of Sprouting Angiogenesis (GO:1903672),2,12,264,0.026308266088851832,ITGA5;KLF4,0.23949008678303185,7.761363636363637,Up,GO_BP
Dorsal/Ventral Pattern Formation (GO:0009953),2,12,264,0.026308266088851832,NBL1;PTCH1,0.23949008678303185,7.761363636363637,Up,GO_BP
Energy Reserve Metabolic Process (GO:0006112),2,12,264,0.026308266088851832,PID1;PYGL,0.23949008678303185,7.761363636363637,Up,GO_BP
Positive Regulation Of Type I Interferon-Mediated Signaling Pathway (GO:0060340),2,12,264,0.026308266088851832,NLRC5;WNT5A,0.23949008678303185,7.761363636363637,Up,GO_BP
Neural Tube Development (GO:0021915),2,12,264,0.026308266088851832,PKD1;PTCH1,0.23949008678303185,7.761363636363637,Up,GO_BP
Regulation Of Tissue Remodeling (GO:0034103),2,12,264,0.026308266088851832,CST3;IL18,0.23949008678303185,7.761363636363637,Up,GO_BP
Positive Regulation Of Interleukin-17 Production (GO:0032740),2,12,264,0.026308266088851832,IL18;RFTN1,0.23949008678303185,7.761363636363637,Up,GO_BP
Regulation Of Vasoconstriction (GO:0019229),2,12,264,0.026308266088851832,BDKRB2;F2R,0.23949008678303185,7.761363636363637,Up,GO_BP
Insulin Secretion (GO:0030073),2,12,264,0.026308266088851832,PTPRN2;RAB11FIP5,0.23949008678303185,7.761363636363637,Up,GO_BP
Positive Regulation Of Neurogenesis (GO:0050769),4,53,264,0.026756421148406068,METRN;PLXNA3;SHANK3;SOX8,0.24046694420637557,3.514579759862779,Up,GO_BP
Cell Morphogenesis Involved In Neuron Differentiation (GO:0048667),4,53,264,0.026756421148406068,ADGRB1;APLP1;MAPK8IP2;MFSD2A,0.24046694420637557,3.514579759862779,Up,GO_BP
Inorganic Anion Transmembrane Transport (GO:0098661),3,31,264,0.02826060917004946,APOL1;SLC1A1;SLC37A3,0.24475162901780778,4.506598240469208,Up,GO_BP
Positive Regulation Of Axonogenesis (GO:0050772),3,31,264,0.02826060917004946,L1CAM;METRN;PLXNA3,0.24475162901780778,4.506598240469208,Up,GO_BP
Regulation Of Type I Interferon-Mediated Signaling Pathway (GO:0060338),3,31,264,0.02826060917004946,ISG15;NLRC5;WNT5A,0.24475162901780778,4.506598240469208,Up,GO_BP
Positive Regulation Of Smooth Muscle Cell Proliferation (GO:0048661),3,31,264,0.02826060917004946,IL18;SERPINF2;STAT1,0.24475162901780778,4.506598240469208,Up,GO_BP
Activation Of Cysteine-Type Endopeptidase Activity Involved In Apoptotic Process (GO:0006919),4,54,264,0.028425158004776272,BBC3;CASP8;F2R;S100A9,0.24475162901780778,3.4494949494949494,Up,GO_BP
Positive Regulation Of Epithelial Cell Proliferation (GO:0050679),5,80,264,0.028691832422427413,AREG;ECM1;EGFL7;LAMB1;WNT5A,0.24475162901780778,2.9105113636363638,Up,GO_BP
Negative Regulation Of Protein Binding (GO:0032091),4,55,264,0.030154523708869275,B2M;IFIT1;IFIT2;NES,0.24475162901780778,3.386776859504132,Up,GO_BP
One-Carbon Compound Transport (GO:0019755),2,13,264,0.030657585654094547,SLC4A2;SLC4A3,0.24475162901780778,7.164335664335664,Up,GO_BP
Regulation Of AMPA Receptor Activity (GO:2000311),2,13,264,0.030657585654094547,MAPK8IP2;SHANK3,0.24475162901780778,7.164335664335664,Up,GO_BP
Pulmonary Valve Morphogenesis (GO:0003184),2,13,264,0.030657585654094547,NFATC1;STRA6,0.24475162901780778,7.164335664335664,Up,GO_BP
Macrophage Differentiation (GO:0030225),2,13,264,0.030657585654094547,CASP8;LIF,0.24475162901780778,7.164335664335664,Up,GO_BP
Regulation Of Steroid Metabolic Process (GO:0019218),2,13,264,0.030657585654094547,ABCG1;STUB1,0.24475162901780778,7.164335664335664,Up,GO_BP
Regulation Of Response To Cytokine Stimulus (GO:0060759),2,13,264,0.030657585654094547,KLF4;WNT5A,0.24475162901780778,7.164335664335664,Up,GO_BP
Negative Regulation Of Blood Coagulation (GO:0030195),2,13,264,0.030657585654094547,PLAT;SERPINF2,0.24475162901780778,7.164335664335664,Up,GO_BP
Negative Regulation Of Cell Development (GO:0010721),2,13,264,0.030657585654094547,B2M;PTHLH,0.24475162901780778,7.164335664335664,Up,GO_BP
Regulation Of Bone Resorption (GO:0045124),2,13,264,0.030657585654094547,SLC4A2;TNFAIP3,0.24475162901780778,7.164335664335664,Up,GO_BP
Regulation Of Vascular Endothelial Growth Factor Signaling Pathway (GO:1900746),2,13,264,0.030657585654094547,CD63;JCAD,0.24475162901780778,7.164335664335664,Up,GO_BP
Sterol Metabolic Process (GO:0016125),3,32,264,0.03070236593632316,ABCG1;APOL2;OSBPL5,0.24475162901780778,4.365767045454545,Up,GO_BP
Positive Regulation Of Intrinsic Apoptotic Signaling Pathway (GO:2001244),3,32,264,0.03070236593632316,BBC3;NACC2;S100A9,0.24475162901780778,4.365767045454545,Up,GO_BP
Negative Regulation Of Cysteine-Type Endopeptidase Activity (GO:2000117),3,32,264,0.03070236593632316,CST3;IFI6;KLF4,0.24475162901780778,4.365767045454545,Up,GO_BP
Synapse Organization (GO:0050808),5,82,264,0.031475548941068965,DNER;F2R;L1CAM;SHANK3;SNCG,0.24950561548229389,2.8395232815964526,Up,GO_BP
Negative Regulation Of NF-kappaB Transcription Factor Activity (GO:0032088),4,56,264,0.03194480312352913,BMP7;KLF4;NLRC5;TNFAIP3,0.2518107106553051,3.3262987012987013,Up,GO_BP
Positive Regulation Of JNK Cascade (GO:0046330),4,57,264,0.03379623115686259,RASSF2;SERPINF2;TNIK;TRAF1,0.25886610270828886,3.2679425837320575,Up,GO_BP
Adenylate Cyclase-Modulating G Protein-Coupled Receptor Signaling Pathway (GO:0007188),4,57,264,0.03379623115686259,ADGRB1;OPRL1;PTHLH;RAMP1,0.25886610270828886,3.2679425837320575,Up,GO_BP
Positive Regulation Of Cellular Catabolic Process (GO:0031331),6,113,264,0.03485436971670589,ADAM8;DTX3L;OPTN;PRR5L;TICAM1;ULK1,0.25886610270828886,2.4726468222043443,Up,GO_BP
Regulation Of Macrophage Derived Foam Cell Differentiation (GO:0010743),2,14,264,0.035268828862509184,ABCG1;IL18,0.25886610270828886,6.652597402597403,Up,GO_BP
Regulation Of Fibroblast Growth Factor Receptor Signaling Pathway (GO:0040036),2,14,264,0.035268828862509184,CREB3L1;SPRY4,0.25886610270828886,6.652597402597403,Up,GO_BP
Cellular Response To Interferon-Beta (GO:0035458),2,14,264,0.035268828862509184,IRF1;STAT1,0.25886610270828886,6.652597402597403,Up,GO_BP
Peripheral Nervous System Development (GO:0007422),2,14,264,0.035268828862509184,NFASC;SOX8,0.25886610270828886,6.652597402597403,Up,GO_BP
Acylglycerol Biosynthetic Process (GO:0046463),2,14,264,0.035268828862509184,DGAT1;LPIN2,0.25886610270828886,6.652597402597403,Up,GO_BP
Central Nervous System Neuron Differentiation (GO:0021953),2,14,264,0.035268828862509184,KNDC1;MDGA1,0.25886610270828886,6.652597402597403,Up,GO_BP
Response To Interferon-Alpha (GO:0035455),2,14,264,0.035268828862509184,IFITM1;IFITM3,0.25886610270828886,6.652597402597403,Up,GO_BP
Regulation Of Toll-Like Receptor Signaling Pathway (GO:0034121),2,14,264,0.035268828862509184,IRF1;IRF7,0.25886610270828886,6.652597402597403,Up,GO_BP
Regulation Of Plasminogen Activation (GO:0010755),2,14,264,0.035268828862509184,PLAT;SERPINF2,0.25886610270828886,6.652597402597403,Up,GO_BP
Regulation Of Integrin-Mediated Signaling Pathway (GO:2001044),2,14,264,0.035268828862509184,CD63;LAMB1,0.25886610270828886,6.652597402597403,Up,GO_BP
Positive Regulation Of Biosynthetic Process (GO:0009891),3,34,264,0.035907264957233266,CREB3L1;F2R;SERPINF2,0.25886610270828886,4.108957219251337,Up,GO_BP
Antiviral Innate Immune Response (GO:0140374),3,34,264,0.035907264957233266,IFIT1;IFIT2;IFIT3,0.25886610270828886,4.108957219251337,Up,GO_BP
Protein Maturation (GO:0051604),5,85,264,0.035958721566849476,CASP4;CASP8;LMF1;PTCH1;STUB1,0.25886610270828886,2.739304812834225,Up,GO_BP
Regulation Of JNK Cascade (GO:0046328),5,85,264,0.035958721566849476,MAPK8IP2;RASSF2;SERPINF2;TNIK;TRAF1,0.25886610270828886,2.739304812834225,Up,GO_BP
Regulation Of Cytokine-Mediated Signaling Pathway (GO:0001959),3,35,264,0.038668976842316606,CASP8;TNFAIP3;ULK1,0.27091761663292185,3.9915584415584417,Up,GO_BP
Chloride Transport (GO:0006821),3,35,264,0.038668976842316606,APOL1;SLC1A1;TTYH3,0.27091761663292185,3.9915584415584417,Up,GO_BP
Epithelial Cell Migration (GO:0010631),3,35,264,0.038668976842316606,S100A9;STAT1;TNFRSF25,0.27091761663292185,3.9915584415584417,Up,GO_BP
Negative Regulation Of I-kappaB kinase/NF-kappaB Signaling (GO:0043124),3,35,264,0.038668976842316606,CASP8;STAT1;TNFAIP3,0.27091761663292185,3.9915584415584417,Up,GO_BP
Renal System Development (GO:0072001),3,35,264,0.038668976842316606,PKD1;STAT1;STRA6,0.27091761663292185,3.9915584415584417,Up,GO_BP
Regulation Of Endothelial Cell Migration (GO:0010594),4,60,264,0.03971902323457195,ADAMTS9;ADGRB1;SP100;WNT5A,0.27091761663292185,3.1045454545454545,Up,GO_BP
Negative Regulation Of Type I Interferon-Mediated Signaling Pathway (GO:0060339),2,15,264,0.04012883194633641,ISG15;NLRC5,0.27091761663292185,6.209090909090909,Up,GO_BP
Regulation Of Synapse Organization (GO:0050807),2,15,264,0.04012883194633641,MDGA1;WNT5A,0.27091761663292185,6.209090909090909,Up,GO_BP
Eye Morphogenesis (GO:0048592),2,15,264,0.04012883194633641,ALDH1A3;COL5A1,0.27091761663292185,6.209090909090909,Up,GO_BP
Reticulophagy (GO:0061709),2,15,264,0.04012883194633641,SNX7;ULK1,0.27091761663292185,6.209090909090909,Up,GO_BP
Camera-Type Eye Development (GO:0043010),2,15,264,0.04012883194633641,NES;STRA6,0.27091761663292185,6.209090909090909,Up,GO_BP
Regulation Of Dendritic Spine Development (GO:0060998),2,15,264,0.04012883194633641,KIF1A;SHANK3,0.27091761663292185,6.209090909090909,Up,GO_BP
Positive Regulation Of Morphogenesis Of An Epithelium (GO:1905332),2,15,264,0.04012883194633641,LIF;SOX8,0.27091761663292185,6.209090909090909,Up,GO_BP
Epithelium Development (GO:0060429),5,88,264,0.04081662896525931,MFSD2A;PKD1;PTCH1;SOX8;STAT1,0.27424887366657563,2.6459194214876036,Up,GO_BP
Regulation Of Apoptotic Signaling Pathway (GO:2001233),3,36,264,0.04153570350671663,GRINA;MAPK8IP2;TRAF1,0.27775771397145577,3.8806818181818183,Up,GO_BP
Regulation Of Defense Response (GO:0031347),4,61,264,0.04181642364740499,CASP4;CASP8;IRF1;WNT5A,0.27831591399287,3.0536512667660207,Up,GO_BP
Negative Regulation Of Cellular Process (GO:0048523),14,390,264,0.04211294733535405,ADGRB1;ARHGDIG;BMP7;F2R;GNG4;IFIT3;IFITM1;IGFBP3;IRF1;NACC2;PLXNA3;PTHLH;ULK1;WNK2,0.27865630718829226,1.6716783216783218,Up,GO_BP
Cytoskeleton Organization (GO:0007010),5,89,264,0.04252007575744928,BIN1;MICAL1;STRIP2;TNFAIP3;TNIK,0.27865630718829226,2.6161899897854957,Up,GO_BP
Positive Regulation Of Cell Differentiation (GO:0045597),8,182,264,0.042752294706688704,ADAM8;BMP7;IFITM1;IGFBP3;IL18;LAMB1;NBL1;SERPINF2,0.27865630718829226,2.046953046953047,Up,GO_BP
Regulation Of Endothelial Cell Proliferation (GO:0001936),4,62,264,0.043975426406637125,ECM1;EGFL7;STAT1;WNT5A,0.27865630718829226,3.004398826979472,Up,GO_BP
Regulation Of Innate Immune Response (GO:0045088),4,62,264,0.043975426406637125,ADAM8;CASP8;IRF1;TNFAIP3,0.27865630718829226,3.004398826979472,Up,GO_BP
Cellular Response To Lipopolysaccharide (GO:0071222),4,62,264,0.043975426406637125,IL18;TICAM1;TNFAIP3;WNT5A,0.27865630718829226,3.004398826979472,Up,GO_BP
Response To Lipopolysaccharide (GO:0032496),5,90,264,0.04426583512200643,F2R;S100A9;TICAM1;TNFAIP3;WNT5A,0.27865630718829226,2.587121212121212,Up,GO_BP
Negative Regulation Of Cell Differentiation (GO:0045596),7,151,264,0.04431933596955549,ABCG1;BMP7;COL5A1;PTCH1;PTHLH;SOX8;WNT5A,0.27865630718829226,2.158789885611078,Up,GO_BP
Action Potential (GO:0001508),2,16,264,0.045224871967483295,KCNH2;SLC4A3,0.27865630718829226,5.821022727272727,Up,GO_BP
Negative Regulation Of Neuron Differentiation (GO:0045665),2,16,264,0.045224871967483295,B2M;BMP7,0.27865630718829226,5.821022727272727,Up,GO_BP
Regulation Of Interleukin-17 Production (GO:0032660),2,16,264,0.045224871967483295,IL18;RFTN1,0.27865630718829226,5.821022727272727,Up,GO_BP
Pulmonary Valve Development (GO:0003177),2,16,264,0.045224871967483295,NFATC1;STRA6,0.27865630718829226,5.821022727272727,Up,GO_BP
Antigen Processing And Presentation Of Exogenous Peptide Antigen (GO:0002478),2,16,264,0.045224871967483295,HLA-A;MFSD6,0.27865630718829226,5.821022727272727,Up,GO_BP
Regulation Of RIG-I Signaling Pathway (GO:0039535),2,16,264,0.045224871967483295,DDX60;OASL,0.27865630718829226,5.821022727272727,Up,GO_BP
Cardiac Muscle Cell Action Potential (GO:0086001),2,16,264,0.045224871967483295,KCNH2;SLC4A3,0.27865630718829226,5.821022727272727,Up,GO_BP
Protein Heterooligomerization (GO:0051291),2,16,264,0.045224871967483295,PKD1;ZNF746,0.27865630718829226,5.821022727272727,Up,GO_BP
Regulation Of Potassium Ion Transport (GO:0043266),2,16,264,0.045224871967483295,CD63;KCNH2,0.27865630718829226,5.821022727272727,Up,GO_BP
Neuron Migration (GO:0001764),3,38,264,0.047580042376779104,DDIT4;DNER;MDGA1,0.2893768956622212,3.6764354066985647,Up,GO_BP
Regulation Of Bone Mineralization (GO:0030500),3,38,264,0.047580042376779104,BMP7;ECM1;ISG15,0.2893768956622212,3.6764354066985647,Up,GO_BP
Adenylate Cyclase-Activating G Protein-Coupled Receptor Signaling Pathway (GO:0007189),3,38,264,0.047580042376779104,ADGRB1;PTHLH;RAMP1,0.2893768956622212,3.6764354066985647,Up,GO_BP
Negative Regulation Of Binding (GO:0051100),4,64,264,0.04847800660507105,IFIT1;IFIT2;NES;SP100,0.29198318871139406,2.9105113636363633,Up,GO_BP
Plasma Membrane Bounded Cell Projection Organization (GO:0120036),5,93,264,0.04975801331635086,L1CAM;LAMB1;MICALL2;ULK1;UNC5A,0.29198318871139406,2.5036656891495603,Up,GO_BP
Positive Regulation Of Apoptotic Process (GO:0043065),9,222,264,0.05035552042829764,BIN1;CASP8;IFIT2;IGFBP3;IRF5;KCNMA1;LGALS1;PLEKHN1;RASSF2,0.29198318871139406,1.8878992628992628,Up,GO_BP
Skeletal Muscle Organ Development (GO:0060538),2,17,264,0.05054465407263408,STRA6;SVIL,0.29198318871139406,5.478609625668449,Up,GO_BP
Regulation Of Extrinsic Apoptotic Signaling Pathway In Absence Of Ligand (GO:2001239),2,17,264,0.05054465407263408,EYA2;IFI6,0.29198318871139406,5.478609625668449,Up,GO_BP
Chondroitin Sulfate Proteoglycan Biosynthetic Process (GO:0050650),2,17,264,0.05054465407263408,CHPF;CHPF2,0.29198318871139406,5.478609625668449,Up,GO_BP
Activation Of Protein Kinase B Activity (GO:0032148),2,17,264,0.05054465407263408,IL18;WNT5A,0.29198318871139406,5.478609625668449,Up,GO_BP
Pyroptosis (GO:0070269),2,17,264,0.05054465407263408,CASP4;CASP8,0.29198318871139406,5.478609625668449,Up,GO_BP
Negative Regulation Of Actin Filament Polymerization (GO:0030837),2,17,264,0.05054465407263408,MYADM;TMSB10,0.29198318871139406,5.478609625668449,Up,GO_BP
Release Of Cytochrome C From Mitochondria (GO:0001836),2,17,264,0.05054465407263408,BBC3;IFI6,0.29198318871139406,5.478609625668449,Up,GO_BP
Negative Regulation Of Response To Stimulus (GO:0048585),3,39,264,0.050755318210614575,IGFBP3;KIF26A;KLF4,0.29198318871139406,3.582167832167832,Up,GO_BP
Epidermal Growth Factor Receptor Signaling Pathway (GO:0007173),3,39,264,0.050755318210614575,AREG;BTC;FAM83A,0.29198318871139406,3.582167832167832,Up,GO_BP
Actin Cytoskeleton Reorganization (GO:0031532),3,39,264,0.050755318210614575,MICALL2;PLEK2;TNIK,0.29198318871139406,3.582167832167832,Up,GO_BP
Negative Regulation Of Protein Phosphorylation (GO:0001933),6,124,264,0.050905644523744104,IGFBP3;MVP;MYADM;PID1;PRR5L;RASSF2,0.29198318871139406,2.253299120234604,Up,GO_BP
Regulation Of Protein Phosphorylation (GO:0001932),8,190,264,0.05263280509326567,BMP7;IGFBP3;KNDC1;MOB3A;MYADM;PID1;PRR5L;TNIK,0.30066756269877676,1.9607655502392345,Up,GO_BP
Protein K48-linked Ubiquitination (GO:0070936),4,66,264,0.05322586794781254,DTX3L;TNFAIP3;UBE2E2;UBE2H,0.30282943417082053,2.822314049586777,Up,GO_BP
Regulation Of Endopeptidase Activity (GO:0052548),3,40,264,0.05403094994546057,SERPINA1;SERPINB6;SERPINF2,0.30495068149217947,3.4926136363636364,Up,GO_BP
Calcium Ion Transmembrane Import Into Cytosol (GO:0097553),3,40,264,0.05403094994546057,F2R;JPH3;PLCH2,0.30495068149217947,3.4926136363636364,Up,GO_BP
Proteolysis Involved In Protein Catabolic Process (GO:0051603),4,67,264,0.055691315866475924,CASP8;ISG15;STUB1;TNFAIP3,0.3054967490919475,2.7801899592944372,Up,GO_BP
Negative Regulation Of Catalytic Activity (GO:0043086),2,18,264,0.05607629908916684,IFIT1;NES,0.3054967490919475,5.174242424242424,Up,GO_BP
Regulation Of Cytosolic Calcium Ion Concentration (GO:0051480),2,18,264,0.05607629908916684,TMEM178A;WNT5A,0.3054967490919475,5.174242424242424,Up,GO_BP
Digestive Tract Development (GO:0048565),2,18,264,0.05607629908916684,PKD1;STRA6,0.3054967490919475,5.174242424242424,Up,GO_BP
Maintenance Of Blood-Brain Barrier (GO:0035633),2,18,264,0.05607629908916684,MFSD2A;SLC1A1,0.3054967490919475,5.174242424242424,Up,GO_BP
Regulation Of Transferase Activity (GO:0051338),2,18,264,0.05607629908916684,NLRC5;PARP4,0.3054967490919475,5.174242424242424,Up,GO_BP
Positive Regulation Of Defense Response To Virus By Host (GO:0002230),2,18,264,0.05607629908916684,DTX3L;STAT1,0.3054967490919475,5.174242424242424,Up,GO_BP
Chloride Transmembrane Transport (GO:1902476),2,18,264,0.05607629908916684,APOL1;SLC1A1,0.3054967490919475,5.174242424242424,Up,GO_BP
Autophagy Of Nucleus (GO:0044804),2,18,264,0.05607629908916684,SNX7;ULK1,0.3054967490919475,5.174242424242424,Up,GO_BP
Regulation Of Cellular Metabolic Process (GO:0031323),3,41,264,0.05740554310911129,NUAK1;PID1;STUB1,0.3103418441645825,3.407427937915743,Up,GO_BP
Regulation Of Type II Interferon Production (GO:0032649),3,41,264,0.05740554310911129,HLA-A;IL18;ISG15,0.3103418441645825,3.407427937915743,Up,GO_BP
Negative Regulation Of Protein Modification Process (GO:0031400),4,68,264,0.058217447865915095,IGFBP3;MYADM;PID1;PRR5L,0.31352984327788624,2.7393048128342246,Up,GO_BP
Negative Regulation Of Apoptotic Process (GO:0043066),12,336,264,0.058971508458937234,ADAM8;F2R;GRINA;IFI6;IFIT3;ITGA5;KLF4;MAPK8IP2;NRBP2;NUAK2;SOX8;WNT5A,0.3163832640135378,1.6631493506493507,Up,GO_BP
Myeloid Leukocyte Differentiation (GO:0002573),3,42,264,0.060877624190162086,CASP8;LIF;SLC4A2,0.32420652669319006,3.3262987012987013,Up,GO_BP
Negative Regulation Of Secretion By Cell (GO:1903531),2,19,264,0.06180833145320207,LIF;RSAD2,0.32420652669319006,4.901913875598087,Up,GO_BP
Antimicrobial Humoral Response (GO:0019730),2,19,264,0.06180833145320207,HLA-A;S100A9,0.32420652669319006,4.901913875598087,Up,GO_BP
Blood Vessel Diameter Maintenance (GO:0097746),2,19,264,0.06180833145320207,BDKRB2;SERPINF2,0.32420652669319006,4.901913875598087,Up,GO_BP
Regulation Of Heart Rate By Cardiac Conduction (GO:0086091),2,19,264,0.06180833145320207,BIN1;KCNH2,0.32420652669319006,4.901913875598087,Up,GO_BP
"Wound Healing, Spreading Of Cells (GO:0044319)",2,19,264,0.06180833145320207,COL5A1;ITGA5,0.32420652669319006,4.901913875598087,Up,GO_BP
Glycosaminoglycan Biosynthetic Process (GO:0006024),3,43,264,0.06444564659099652,CHPF;CHPF2;CHST1,0.3343117916907945,3.248942917547569,Up,GO_BP
Synapse Assembly (GO:0007416),3,43,264,0.06444564659099652,DNER;SHANK3;WNT5A,0.3343117916907945,3.248942917547569,Up,GO_BP
Actin Polymerization Or Depolymerization (GO:0008154),3,43,264,0.06444564659099652,MICAL1;MICALL2;SVIL,0.3343117916907945,3.248942917547569,Up,GO_BP
Cellular Response To Topologically Incorrect Protein (GO:0035967),2,20,264,0.06772966746132136,OPTN;STUB1,0.34199424488128827,4.656818181818182,Up,GO_BP
Regulation Of Calcium Ion-Dependent Exocytosis (GO:0017158),2,20,264,0.06772966746132136,BAIAP3;DOC2B,0.34199424488128827,4.656818181818182,Up,GO_BP
Positive Regulation Of Ion Transmembrane Transporter Activity (GO:0032414),2,20,264,0.06772966746132136,SHANK3;WNK2,0.34199424488128827,4.656818181818182,Up,GO_BP
Cytosolic Pattern Recognition Receptor Signaling Pathway (GO:0002753),2,20,264,0.06772966746132136,IRF7;TNFAIP3,0.34199424488128827,4.656818181818182,Up,GO_BP
Positive Regulation Of Production Of Molecular Mediator Of Immune Response (GO:0002702),2,20,264,0.06772966746132136,IRF5;WNT5A,0.34199424488128827,4.656818181818182,Up,GO_BP
Lung Development (GO:0030324),2,20,264,0.06772966746132136,PKD1;STRA6,0.34199424488128827,4.656818181818182,Up,GO_BP
Kidney Development (GO:0001822),3,44,264,0.06810799632292133,BMP7;PKD1;STRA6,0.34199424488128827,3.1751033057851243,Up,GO_BP
Negative Regulation Of Innate Immune Response (GO:0045824),3,44,264,0.06810799632292133,ISG15;NLRC5;TNFAIP3,0.34199424488128827,3.1751033057851243,Up,GO_BP
Cholesterol Metabolic Process (GO:0008203),3,44,264,0.06810799632292133,ABCG1;APOL2;OSBPL5,0.34199424488128827,3.1751033057851243,Up,GO_BP
Positive Regulation Of NF-kappaB Transcription Factor Activity (GO:0051092),5,103,264,0.0708346266338692,IL18;S100A9;TICAM1;TRAF1;WNT5A,0.3544243197886151,2.260591350397176,Up,GO_BP
Phospholipid Transport (GO:0015914),3,45,264,0.07186299745253459,ABCG1;MFSD2A;OSBPL5,0.35675880484588957,3.1045454545454545,Up,GO_BP
Generation Of Neurons (GO:0048699),5,104,264,0.07317539193522284,DDIT4;DNER;MDGA1;NRBP2;WNT5A,0.35675880484588957,2.238854895104895,Up,GO_BP
Regulation Of Chemokine Production (GO:0032642),2,21,264,0.07382960383770358,IL18;WNT5A,0.35675880484588957,4.435064935064935,Up,GO_BP
Negative Regulation Of Sequestering Of Calcium Ion (GO:0051283),2,21,264,0.07382960383770358,F2R;PLCH2,0.35675880484588957,4.435064935064935,Up,GO_BP
Phospholipase C-activating G Protein-Coupled Receptor Signaling Pathway (GO:0007200),2,21,264,0.07382960383770358,F2R;OPRL1,0.35675880484588957,4.435064935064935,Up,GO_BP
Acylglycerol Metabolic Process (GO:0006639),2,21,264,0.07382960383770358,DGAT1;LMF1,0.35675880484588957,4.435064935064935,Up,GO_BP
Striated Muscle Contraction (GO:0006941),2,21,264,0.07382960383770358,KCNH2;TNNT1,0.35675880484588957,4.435064935064935,Up,GO_BP
Negative Regulation Of Actin Filament Bundle Assembly (GO:0032232),2,21,264,0.07382960383770358,PHLDB2;SHANK3,0.35675880484588957,4.435064935064935,Up,GO_BP
Receptor Signaling Pathway Via STAT (GO:0097696),2,21,264,0.07382960383770358,PKD1;STAT1,0.35675880484588957,4.435064935064935,Up,GO_BP
Glial Cell Differentiation (GO:0010001),2,21,264,0.07382960383770358,METRN;SOX8,0.35675880484588957,4.435064935064935,Up,GO_BP
MAPK Cascade (GO:0000165),4,74,264,0.07462959153706476,IL18;MAP2K3;SHANK3;TNIK,0.35939369849419245,2.5171990171990175,Up,GO_BP
Skin Development (GO:0043588),3,46,264,0.0757089173081302,COL5A1;PKD1;WNT5A,0.35968108525849063,3.0370553359683794,Up,GO_BP
Negative Regulation Of TOR Signaling (GO:0032007),3,46,264,0.0757089173081302,DDIT4;NUAK1;NUAK2,0.35968108525849063,3.0370553359683794,Up,GO_BP
Positive Regulation Of Protein Binding (GO:0032092),3,46,264,0.0757089173081302,B2M;DTX3L;PKD1,0.35968108525849063,3.0370553359683794,Up,GO_BP
Negative Regulation Of Blood Vessel Morphogenesis (GO:2000181),3,46,264,0.0757089173081302,ADGRB1;KLF4;STAT1,0.35968108525849063,3.0370553359683794,Up,GO_BP
Regulation Of Peptidase Activity (GO:0052547),2,22,264,0.08009780660862854,CST3;ECM1,0.3717697536999173,4.233471074380166,Up,GO_BP
Positive Regulation Of Myeloid Leukocyte Differentiation (GO:0002763),2,22,264,0.08009780660862854,CASP8;LIF,0.3717697536999173,4.233471074380166,Up,GO_BP
Positive Regulation Of Tyrosine Phosphorylation Of STAT Protein (GO:0042531),2,22,264,0.08009780660862854,IL18;LIF,0.3717697536999173,4.233471074380166,Up,GO_BP
Regulation Of Epidermal Growth Factor-Activated Receptor Activity (GO:0007176),2,22,264,0.08009780660862854,AREG;BTC,0.3717697536999173,4.233471074380166,Up,GO_BP
Mesenchymal Cell Migration (GO:0090497),2,22,264,0.08009780660862854,SEMA3B;SOX8,0.3717697536999173,4.233471074380166,Up,GO_BP
Negative Regulation Of Smooth Muscle Cell Proliferation (GO:0048662),2,22,264,0.08009780660862854,IGFBP3;TNFAIP3,0.3717697536999173,4.233471074380166,Up,GO_BP
Regulation Of Dendritic Spine Morphogenesis (GO:0061001),2,22,264,0.08009780660862854,KIF1A;SHANK3,0.3717697536999173,4.233471074380166,Up,GO_BP
Regulation Of Actin Filament Polymerization (GO:0030833),3,48,264,0.08366632844551551,BIN1;CDC42EP3;MYADM,0.3839175713526345,2.9105113636363638,Up,GO_BP
Protein K63-linked Ubiquitination (GO:0070534),3,48,264,0.08366632844551551,STUB1;TRAF1;UBE2E2,0.3839175713526345,2.9105113636363638,Up,GO_BP
Regulation Of Neuron Differentiation (GO:0045664),3,48,264,0.08366632844551551,BIN1;BMP7;NBL1,0.3839175713526345,2.9105113636363638,Up,GO_BP
Negative Regulation Of Nucleic Acid-Templated Transcription (GO:1903507),12,358,264,0.0853121474372043,BMP7;CREB3L1;ELK3;ID1;ID3;IRF1;KLF4;NACC2;SOX8;WNT5A;ZNF217;ZNF746,0.3839175713526345,1.5609446419502286,Up,GO_BP
Monoatomic Anion Transmembrane Transport (GO:0098656),2,23,264,0.08652430027649735,APOL1;SLC1A1,0.3839175713526345,4.049407114624506,Up,GO_BP
Cell-Cell Signaling By Wnt (GO:0198738),2,23,264,0.08652430027649735,PKD1;WNT5A,0.3839175713526345,4.049407114624506,Up,GO_BP
Regulation Of Hippo Signaling (GO:0035330),2,23,264,0.08652430027649735,MAP2K3;NUAK2,0.3839175713526345,4.049407114624506,Up,GO_BP
"Regulation Of Synaptic Transmission, Glutamatergic (GO:0051966)",2,23,264,0.08652430027649735,MAPK8IP2;SHANK3,0.3839175713526345,4.049407114624506,Up,GO_BP
Negative Regulation Of Cytoskeleton Organization (GO:0051494),2,23,264,0.08652430027649735,MYADM;SHANK3,0.3839175713526345,4.049407114624506,Up,GO_BP
Negative Regulation Of Developmental Growth (GO:0048640),2,23,264,0.08652430027649735,PTCH1;ULK1,0.3839175713526345,4.049407114624506,Up,GO_BP
Regulation Of Cell Migration Involved In Sprouting Angiogenesis (GO:0090049),2,23,264,0.08652430027649735,JCAD;KLF4,0.3839175713526345,4.049407114624506,Up,GO_BP
In Utero Embryonic Development (GO:0001701),2,23,264,0.08652430027649735,PKD1;SOX8,0.3839175713526345,4.049407114624506,Up,GO_BP
Extracellular Matrix Disassembly (GO:0022617),2,23,264,0.08652430027649735,ADAM8;ADAMTS15,0.3839175713526345,4.049407114624506,Up,GO_BP
Negative Regulation Of Notch Signaling Pathway (GO:0045746),2,23,264,0.08652430027649735,EGFL7;LFNG,0.3839175713526345,4.049407114624506,Up,GO_BP
Fat Cell Differentiation (GO:0045444),3,49,264,0.08777411435910364,KLF4;PID1;SOX8,0.3870289855021726,2.851113172541744,Up,GO_BP
Sulfur Compound Biosynthetic Process (GO:0044272),3,49,264,0.08777411435910364,CHPF;CHPF2;CHST1,0.3870289855021726,2.851113172541744,Up,GO_BP
Positive Regulation Of Stress-Activated MAPK Cascade (GO:0032874),4,79,264,0.08990069041464922,RASSF2;SERPINF2;TNIK;TRAF1,0.39394370861822997,2.3578826237054087,Up,GO_BP
Positive Regulation Of Angiogenesis (GO:0045766),4,79,264,0.08990069041464922,ECM1;ITGA5;KLF4;WNT5A,0.39394370861822997,2.3578826237054087,Up,GO_BP
Negative Regulation Of Extrinsic Apoptotic Signaling Pathway (GO:2001237),3,50,264,0.09196541712798653,EYA2;IFI6;TNFAIP3,0.39686807924512574,2.7940909090909094,Up,GO_BP
Protein Tetramerization (GO:0051262),3,50,264,0.09196541712798653,ALDH1A3;B2M;PKD1,0.39686807924512574,2.7940909090909094,Up,GO_BP
Negative Regulation Of G1/S Transition Of Mitotic Cell Cycle (GO:2000134),2,24,264,0.09309945728570987,KLF4;NACC2,0.39686807924512574,3.8806818181818183,Up,GO_BP
Regulation Of Extrinsic Apoptotic Signaling Pathway Via Death Domain Receptors (GO:1902041),2,24,264,0.09309945728570987,SP100;TNFAIP3,0.39686807924512574,3.8806818181818183,Up,GO_BP
Positive Regulation Of Release Of Cytochrome C From Mitochondria (GO:0090200),2,24,264,0.09309945728570987,BBC3;BIK,0.39686807924512574,3.8806818181818183,Up,GO_BP
Cellular Component Disassembly (GO:0022411),2,24,264,0.09309945728570987,ADAM8;ADAMTS15,0.39686807924512574,3.8806818181818183,Up,GO_BP
Release Of Sequestered Calcium Ion Into Cytosol (GO:0051209),2,24,264,0.09309945728570987,F2R;PLCH2,0.39686807924512574,3.8806818181818183,Up,GO_BP
Response To Peptide (GO:1901652),2,24,264,0.09309945728570987,IRF5;STAT1,0.39686807924512574,3.8806818181818183,Up,GO_BP
Receptor Signaling Pathway Via JAK-STAT (GO:0007259),2,24,264,0.09309945728570987,PKD1;STAT1,0.39686807924512574,3.8806818181818183,Up,GO_BP
Organic Substance Transport (GO:0071702),5,113,264,0.0961032466446923,APOL2;MFSD2A;PKD1;RAMP1;SNX7,0.4084387982399423,2.0605390185036203,Up,GO_BP
Regulation Of Cell Differentiation (GO:0045595),6,147,264,0.0970562626978381,BIN1;KLF4;LIF;PHLDB2;PTHLH;SERPINF2,0.411250410410359,1.9007421150278294,Up,GO_BP
Regulation Of Response To Biotic Stimulus (GO:0002831),2,25,264,0.09981398777293211,CASP8;IRF1,0.4130133042451824,3.7254545454545456,Up,GO_BP
Neural Crest Cell Migration (GO:0001755),2,25,264,0.09981398777293211,SEMA3B;SOX8,0.4130133042451824,3.7254545454545456,Up,GO_BP
Positive Regulation Of Interleukin-1 Beta Production (GO:0032731),2,25,264,0.09981398777293211,CASP8;WNT5A,0.4130133042451824,3.7254545454545456,Up,GO_BP
Positive Regulation Of Cell-Cell Adhesion (GO:0022409),2,25,264,0.09981398777293211,BMP7;SERPINF2,0.4130133042451824,3.7254545454545456,Up,GO_BP
Positive Regulation Of Chemokine Production (GO:0032722),2,25,264,0.09981398777293211,IL18;WNT5A,0.4130133042451824,3.7254545454545456,Up,GO_BP
Positive Regulation Of Cytokinesis (GO:0032467),2,25,264,0.09981398777293211,CDC14B;SVIL,0.4130133042451824,3.7254545454545456,Up,GO_BP
Regulation Of Monoatomic Cation Transmembrane Transport (GO:1904062),2,25,264,0.09981398777293211,CD63;KCNH2,0.4130133042451824,3.7254545454545456,Up,GO_BP
Cell Chemotaxis (GO:0060326),2,25,264,0.09981398777293211,ARHGEF16;TNFRSF25,0.4130133042451824,3.7254545454545456,Up,GO_BP
Positive Regulation Of Cell Projection Organization (GO:0031346),4,83,264,0.10310956131447552,METRN;PLXNA3;S100A9;WNT5A,0.42155672173051334,2.2442497261774372,Up,GO_BP
Vascular Transport (GO:0010232),3,53,264,0.10502081907494863,MFSD2A;SLC1A1;SLC4A3,0.42155672173051334,2.6359348198970842,Up,GO_BP
Positive Regulation Of Cysteine-Type Endopeptidase Activity Involved In Apoptotic Process (GO:0043280),4,84,264,0.10654389051493837,BBC3;CASP8;F2R;S100A9,0.42155672173051334,2.2175324675324677,Up,GO_BP
Skeletal System Development (GO:0001501),4,84,264,0.10654389051493837,BMP7;PKD1;PTHLH;WNT5A,0.42155672173051334,2.2175324675324677,Up,GO_BP
Positive Regulation Of Cell Division (GO:0051781),2,26,264,0.10665892959446722,CDC14B;SVIL,0.42155672173051334,3.582167832167832,Up,GO_BP
Negative Regulation Of BMP Signaling Pathway (GO:0030514),2,26,264,0.10665892959446722,GPR155;NBL1,0.42155672173051334,3.582167832167832,Up,GO_BP
Intrinsic Apoptotic Signaling Pathway In Response To Endoplasmic Reticulum Stress (GO:0070059),2,26,264,0.10665892959446722,BBC3;CASP4,0.42155672173051334,3.582167832167832,Up,GO_BP
Regulation Of Dendrite Morphogenesis (GO:0048814),2,26,264,0.10665892959446722,KNDC1;TNIK,0.42155672173051334,3.582167832167832,Up,GO_BP
Zymogen Activation (GO:0031638),2,26,264,0.10665892959446722,CASP8;PLAT,0.42155672173051334,3.582167832167832,Up,GO_BP
Positive Regulation Of Organelle Organization (GO:0010638),2,26,264,0.10665892959446722,DOC2B;PLXNA3,0.42155672173051334,3.582167832167832,Up,GO_BP
Regulation Of Amyloid-Beta Formation (GO:1902003),2,26,264,0.10665892959446722,ABCG1;BIN1,0.42155672173051334,3.582167832167832,Up,GO_BP
Positive Regulation Of Actin Filament Polymerization (GO:0030838),2,26,264,0.10665892959446722,BIN1;CDC42EP3,0.42155672173051334,3.582167832167832,Up,GO_BP
Arachidonic Acid Metabolic Process (GO:0019369),2,26,264,0.10665892959446722,PLA2G4C;TBXAS1,0.42155672173051334,3.582167832167832,Up,GO_BP
Neurotransmitter Transport (GO:0006836),2,26,264,0.10665892959446722,PTPRN2;SLC1A1,0.42155672173051334,3.582167832167832,Up,GO_BP
Regulation Of Ossification (GO:0030278),2,26,264,0.10665892959446722,ECM1;WNT5A,0.42155672173051334,3.582167832167832,Up,GO_BP
Neurotransmitter Secretion (GO:0007269),2,26,264,0.10665892959446722,DOC2B;PTPRN2,0.42155672173051334,3.582167832167832,Up,GO_BP
Protein Localization To Organelle (GO:0033365),5,117,264,0.10733762835574347,BMP7;FAM83H;ISG15;NUAK2;OPTN,0.42305417209484364,1.99009324009324,Up,GO_BP
Transport Across Blood-Brain Barrier (GO:0150104),3,54,264,0.10952644619672351,MFSD2A;SLC1A1;SLC4A3,0.42928282106549126,2.587121212121212,Up,GO_BP
Positive Regulation Of Protein Secretion (GO:0050714),3,54,264,0.10952644619672351,ABCG1;ADAM8;DOC2B,0.42928282106549126,2.587121212121212,Up,GO_BP
Regulation Of Release Of Sequestered Calcium Ion Into Cytosol (GO:0051279),2,27,264,0.11362563862362622,F2R;JPH3,0.4333129083728016,3.4494949494949494,Up,GO_BP
Regulation Of Protein Autophosphorylation (GO:0031952),2,27,264,0.11362563862362622,MVP;RASSF2,0.4333129083728016,3.4494949494949494,Up,GO_BP
Cardiac Muscle Tissue Development (GO:0048738),2,27,264,0.11362563862362622,ADAMTS9;BMP7,0.4333129083728016,3.4494949494949494,Up,GO_BP
Cellular Response To Glucose Stimulus (GO:0071333),2,27,264,0.11362563862362622,PTPRN2;RAB11FIP5,0.4333129083728016,3.4494949494949494,Up,GO_BP
Positive Regulation Of Insulin Secretion (GO:0032024),2,27,264,0.11362563862362622,BAIAP3;DOC2B,0.4333129083728016,3.4494949494949494,Up,GO_BP
Protein K11-linked Ubiquitination (GO:0070979),2,27,264,0.11362563862362622,UBE2E2;UBE2H,0.4333129083728016,3.4494949494949494,Up,GO_BP
Semaphorin-Plexin Signaling Pathway (GO:0071526),2,27,264,0.11362563862362622,PLXNA3;SEMA3B,0.4333129083728016,3.4494949494949494,Up,GO_BP
Positive Regulation Of Bone Mineralization (GO:0030501),2,27,264,0.11362563862362622,BMP7;ISG15,0.4333129083728016,3.4494949494949494,Up,GO_BP
Positive Regulation Of Epidermal Growth Factor Receptor Signaling Pathway (GO:0045742),2,27,264,0.11362563862362622,AREG;BTC,0.4333129083728016,3.4494949494949494,Up,GO_BP
Positive Regulation Of Protein Tyrosine Kinase Activity (GO:0061098),2,27,264,0.11362563862362622,AREG;BTC,0.4333129083728016,3.4494949494949494,Up,GO_BP
Cellular Response To Hypoxia (GO:0071456),3,56,264,0.11875620646427715,ADAM8;BMP7;STUB1,0.4516577016741107,2.494724025974026,Up,GO_BP
Cholesterol Transport (GO:0030301),2,28,264,0.12070577931116976,ABCG1;OSBPL5,0.45417561228816145,3.3262987012987013,Up,GO_BP
Regulation Of Cellular Senescence (GO:2000772),2,28,264,0.12070577931116976,B2M;NUAK1,0.45417561228816145,3.3262987012987013,Up,GO_BP
Positive Regulation Of Receptor-Mediated Endocytosis (GO:0048260),2,28,264,0.12070577931116976,B2M;CD63,0.45417561228816145,3.3262987012987013,Up,GO_BP
Regulation Of Cell-Cell Adhesion (GO:0022407),2,28,264,0.12070577931116976,ADAM8;MDGA1,0.45417561228816145,3.3262987012987013,Up,GO_BP
Regulation Of Intracellular Signal Transduction (GO:1902531),8,230,264,0.12278719087773392,NUAK1;NUAK2;OPTN;RASSF2;TNFRSF25;TNIK;TRAF1;WNT5A,0.4596963730487353,1.6197628458498026,Up,GO_BP
Axon Development (GO:0061564),3,57,264,0.1234762050924668,APLP1;L1CAM;NMNAT2,0.4596963730487353,2.450956937799043,Up,GO_BP
Cellular Response To Decreased Oxygen Levels (GO:0036294),3,57,264,0.1234762050924668,ADAM8;BMP7;STUB1,0.4596963730487353,2.450956937799043,Up,GO_BP
Positive Regulation Of Response To Stimulus (GO:0048584),3,57,264,0.1234762050924668,EYA2;RSAD2;WNT5A,0.4596963730487353,2.450956937799043,Up,GO_BP
Protein Homooligomerization (GO:0051260),4,89,264,0.12447004900521662,ALDH1A3;B2M;NACC2;ZNF746,0.4621769451220017,2.0929519918283965,Up,GO_BP
Positive Regulation Of Protein Metabolic Process (GO:0051247),6,159,264,0.12774363536070635,CASP8;IL18;KLF4;STUB1;TNFAIP3;WNT5A,0.46871336668417485,1.7572898799313894,Up,GO_BP
Collagen Fibril Organization (GO:0030199),2,29,264,0.12789131550206048,COL5A1;SERPINF2,0.46871336668417485,3.2115987460815045,Up,GO_BP
Positive Regulation Of Biomineral Tissue Development (GO:0070169),2,29,264,0.12789131550206048,BMP7;ISG15,0.46871336668417485,3.2115987460815045,Up,GO_BP
Dendrite Morphogenesis (GO:0048813),2,29,264,0.12789131550206048,MAPK8IP2;SHANK3,0.46871336668417485,3.2115987460815045,Up,GO_BP
Positive Regulation Of Interleukin-1 Production (GO:0032732),2,29,264,0.12789131550206048,CASP8;WNT5A,0.46871336668417485,3.2115987460815045,Up,GO_BP
Cellular Response To Molecule Of Bacterial Origin (GO:0071219),3,58,264,0.12826350754116322,TICAM1;TNFAIP3;WNT5A,0.4688596091724904,2.4086990595611284,Up,GO_BP
Protein Polyubiquitination (GO:0000209),7,196,264,0.1296382372804718,DTX3L;RNF144A;STUB1;TNFAIP3;TRAF1;UBE2E2;UBE2H,0.47266034315954963,1.6631493506493504,Up,GO_BP
Positive Regulation Of Neuron Projection Development (GO:0010976),3,59,264,0.13311602253751767,BMP7;S100A9;WNT5A,0.4768280540480937,2.367873651771957,Up,GO_BP
Regulation Of Interleukin-6 Production (GO:0032675),3,59,264,0.13311602253751767,F2R;TNFAIP3;WNT5A,0.4768280540480937,2.367873651771957,Up,GO_BP
Positive Regulation Of Cell Adhesion (GO:0045785),3,59,264,0.13311602253751767,ADAM8;LAMB1;LIF,0.4768280540480937,2.367873651771957,Up,GO_BP
Regulation Of Cell Migration (GO:0030334),10,311,264,0.13336990383674127,F2R;FAM83H;IFITM1;KIF26A;LAMB1;MYADM;PLXNA3;PRR5L;SEMA3B;TMSB10,0.4768280540480937,1.4973691902952353,Up,GO_BP
Positive Regulation Of Nucleic Acid-Templated Transcription (GO:1903508),13,429,264,0.13395967832846822,BMP7;DTX3L;F2R;IRF1;IRF7;KCNH2;KLF4;MAP2K3;NFATC1;SOX8;SP100;STAT1;WNT5A,0.4768280540480937,1.4111570247933882,Up,GO_BP
Tumor Necrosis Factor-Mediated Signaling Pathway (GO:0033209),2,30,264,0.1351745015019401,STAT1;TRAF1,0.4768280540480937,3.1045454545454545,Up,GO_BP
Monoatomic Anion Transport (GO:0006820),2,30,264,0.1351745015019401,SLC4A2;TTYH3,0.4768280540480937,3.1045454545454545,Up,GO_BP
Connective Tissue Development (GO:0061448),2,30,264,0.1351745015019401,PKD1;SOX8,0.4768280540480937,3.1045454545454545,Up,GO_BP
Phosphatidylcholine Metabolic Process (GO:0046470),2,30,264,0.1351745015019401,MFSD2A;PLA2G4C,0.4768280540480937,3.1045454545454545,Up,GO_BP
Substrate Adhesion-Dependent Cell Spreading (GO:0034446),2,30,264,0.1351745015019401,LAMB1;MICALL2,0.4768280540480937,3.1045454545454545,Up,GO_BP
Positive Regulation Of Establishment Of Protein Localization To Mitochondrion (GO:1903749),2,30,264,0.1351745015019401,BBC3;MICALL2,0.4768280540480937,3.1045454545454545,Up,GO_BP
Icosanoid Metabolic Process (GO:0006690),2,30,264,0.1351745015019401,PLA2G4C;TBXAS1,0.4768280540480937,3.1045454545454545,Up,GO_BP
Regulation Of Wound Healing (GO:0061041),2,30,264,0.1351745015019401,F2R;TNFAIP3,0.4768280540480937,3.1045454545454545,Up,GO_BP
Positive Regulation Of Growth (GO:0045927),3,60,264,0.13803165407977805,MFSD2A;RFTN1;S100A9,0.4844842385735493,2.328409090909091,Up,GO_BP
Regulation Of Osteoblast Differentiation (GO:0045667),3,60,264,0.13803165407977805,BMP7;IFITM1;PTCH1,0.4844842385735493,2.328409090909091,Up,GO_BP
Regulation Of Tyrosine Phosphorylation Of STAT Protein (GO:0042509),2,31,264,0.142547873386898,IL18;LIF,0.497859033041864,3.004398826979472,Up,GO_BP
Negative Regulation Of Cell-Cell Adhesion (GO:0022408),2,31,264,0.142547873386898,KLF4;MYADM,0.497859033041864,3.004398826979472,Up,GO_BP
Regulation Of Cytoskeleton Organization (GO:0051493),4,94,264,0.14357755196757402,PHLDB2;PLXNA3;S100A9;SLC4A2,0.5002171008055479,1.981624758220503,Up,GO_BP
Positive Regulation Of Cellular Process (GO:0048522),12,395,264,0.1439607972923635,ADAM8;AREG;BTC;F2R;LAMB1;LIF;MFSD2A;OSMR;PTHLH;S100A9;SERPINF2;SLC35F6,0.5003169580776475,1.414729574223245,Up,GO_BP
Regulation Of Cysteine-Type Endopeptidase Activity Involved In Apoptotic Process (GO:0043281),3,62,264,0.1480438739732754,F2R;IFI6;KLF4,0.5132430127181612,2.253299120234604,Up,GO_BP
Positive Regulation Of Osteoblast Differentiation (GO:0045669),2,32,264,0.15000424055026962,BMP7;IFITM1,0.5174962919717125,2.9105113636363633,Up,GO_BP
Neural Crest Cell Development (GO:0014032),2,32,264,0.15000424055026962,SEMA3B;SOX8,0.5174962919717125,2.9105113636363633,Up,GO_BP
Negative Regulation Of Apoptotic Signaling Pathway (GO:2001234),3,63,264,0.15313626845422784,GRINA;MAPK8IP2;SLC35F6,0.5256340460685325,2.2175324675324677,Up,GO_BP
Regulation Of TOR Signaling (GO:0032006),3,63,264,0.15313626845422784,DDIT4;NUAK1;NUAK2,0.5256340460685325,2.2175324675324677,Up,GO_BP
Positive Regulation Of DNA-binding Transcription Factor Activity (GO:0051091),6,168,264,0.15348067114120154,ADAM8;IL18;S100A9;TICAM1;TRAF1;WNT5A,0.5256340460685325,1.6631493506493507,Up,GO_BP
Unsaturated Fatty Acid Metabolic Process (GO:0033559),2,33,264,0.1575366774803467,FADS3;PLA2G4C,0.5317805069970555,2.822314049586777,Up,GO_BP
RNA Transport (GO:0050658),2,33,264,0.1575366774803467,KIF5C;RFTN1,0.5317805069970555,2.822314049586777,Up,GO_BP
Positive Regulation Of Innate Immune Response (GO:0045089),2,33,264,0.1575366774803467,NLRC5;WNT5A,0.5317805069970555,2.822314049586777,Up,GO_BP
Negative Regulation Of Hydrolase Activity (GO:0051346),2,33,264,0.1575366774803467,CST3;ECM1,0.5317805069970555,2.822314049586777,Up,GO_BP
Positive Regulation Of Reactive Oxygen Species Metabolic Process (GO:2000379),2,33,264,0.1575366774803467,ADGRB1;PID1,0.5317805069970555,2.822314049586777,Up,GO_BP
Cellular Response To Virus (GO:0098586),2,33,264,0.1575366774803467,IFI6;IRF5,0.5317805069970555,2.822314049586777,Up,GO_BP
Positive Regulation Of Multicellular Organismal Process (GO:0051240),8,246,264,0.16028730500367505,ADAM8;F2R;IL18;IL4R;NOX5;SOX8;STRA6;WNT5A,0.5397741941770536,1.5144124168514412,Up,GO_BP
Positive Regulation Of Peptidyl-Tyrosine Phosphorylation (GO:0050731),3,65,264,0.16348317204703408,IL18;ITGA5;LIF,0.5464847011168285,2.1493006993006993,Up,GO_BP
Lipid Transport (GO:0006869),3,66,264,0.1687335198612827,APOL2;MFSD2A;OSBPL5,0.5464847011168285,2.1167355371900825,Up,GO_BP
Positive Regulation Of Protein Phosphorylation (GO:0001934),8,250,264,0.17042489005627695,BMP7;ITGA5;KNDC1;LIF;MAP2K3;MOB3A;RASSF2;TNIK,0.5464847011168285,1.490181818181818,Up,GO_BP
Regulation Of Cytokine Production (GO:0001817),4,101,264,0.17210007676339567,CASP8;IRF7;ISG15;NOX5,0.5464847011168285,1.8442844284428441,Up,GO_BP
Negative Regulation Of MAP Kinase Activity (GO:0043407),2,35,264,0.17280333630369119,BMP7;SPRY4,0.5464847011168285,2.6610389610389613,Up,GO_BP
Positive Regulation Of Blood Vessel Endothelial Cell Migration (GO:0043536),2,35,264,0.17280333630369119,JCAD;MAP2K3,0.5464847011168285,2.6610389610389613,Up,GO_BP
Protein Homotetramerization (GO:0051289),2,35,264,0.17280333630369119,ALDH1A3;B2M,0.5464847011168285,2.6610389610389613,Up,GO_BP
Cellular Response To Mechanical Stimulus (GO:0071260),2,35,264,0.17280333630369119,CASP8;IRF1,0.5464847011168285,2.6610389610389613,Up,GO_BP
Regulation Of Release Of Cytochrome C From Mitochondria (GO:0090199),2,35,264,0.17280333630369119,BBC3;BIK,0.5464847011168285,2.6610389610389613,Up,GO_BP
G2/M Transition Of Mitotic Cell Cycle (GO:0000086),2,36,264,0.18052496176233668,CDK14;NES,0.5464847011168285,2.587121212121212,Up,GO_BP
Regulation Of Axonogenesis (GO:0050770),2,36,264,0.18052496176233668,METRN;PLXNA3,0.5464847011168285,2.587121212121212,Up,GO_BP
Positive Regulation Of Phosphatidylinositol 3-Kinase Signaling (GO:0014068),2,36,264,0.18052496176233668,F2R;IL18,0.5464847011168285,2.587121212121212,Up,GO_BP
Cellular Response To Glucose Starvation (GO:0042149),2,36,264,0.18052496176233668,NUAK1;NUAK2,0.5464847011168285,2.587121212121212,Up,GO_BP
Anterograde Axonal Transport (GO:0008089),2,36,264,0.18052496176233668,KIF1A;KIF5C,0.5464847011168285,2.587121212121212,Up,GO_BP
Heart Development (GO:0007507),4,103,264,0.18058951043695615,BMP7;CASP8;PKD1;STRA6,0.5464847011168285,1.8084730803177407,Up,GO_BP
Positive Regulation Of Protein-Containing Complex Assembly (GO:0031334),3,69,264,0.18476739139095255,BIK;ISG15;STUB1,0.5464847011168285,2.024703557312253,Up,GO_BP
Cellular Response To Tumor Necrosis Factor (GO:0071356),3,69,264,0.18476739139095255,PID1;STAT1;TRAF1,0.5464847011168285,2.024703557312253,Up,GO_BP
Epithelial To Mesenchymal Transition (GO:0001837),2,37,264,0.18829744919694238,BMP7;WNT5A,0.5464847011168285,2.5171990171990175,Up,GO_BP
Eye Development (GO:0001654),2,37,264,0.18829744919694238,COL5A1;STRA6,0.5464847011168285,2.5171990171990175,Up,GO_BP
Homophilic Cell Adhesion Via Plasma Membrane Adhesion Molecules (GO:0007156),2,37,264,0.18829744919694238,L1CAM;PKD1,0.5464847011168285,2.5171990171990175,Up,GO_BP
Response To Organic Cyclic Compound (GO:0014070),2,37,264,0.18829744919694238,IL18;SLC1A1,0.5464847011168285,2.5171990171990175,Up,GO_BP
Positive Regulation Of Developmental Process (GO:0051094),6,180,264,0.1910192754264911,BMP7;PHLDB2;SERPINF2;SHANK3;SOX8;WNT5A,0.5464847011168285,1.5522727272727272,Up,GO_BP
Negative Regulation Of Chemokine Production (GO:0032682),1,10,264,0.19519756424935908,KLF4,0.5464847011168285,4.656818181818182,Up,GO_BP
Cellular Response To Catecholamine Stimulus (GO:0071870),1,10,264,0.19519756424935908,APLP1,0.5464847011168285,4.656818181818182,Up,GO_BP
Cellular Response To Exogenous dsRNA (GO:0071360),1,10,264,0.19519756424935908,IFIT1,0.5464847011168285,4.656818181818182,Up,GO_BP
Negative Regulation Of ATP-dependent Activity (GO:0032780),1,10,264,0.19519756424935908,IFIT1,0.5464847011168285,4.656818181818182,Up,GO_BP
Cholesterol Efflux (GO:0033344),1,10,264,0.19519756424935908,ABCG1,0.5464847011168285,4.656818181818182,Up,GO_BP
Cellular Response To Interleukin-4 (GO:0071353),1,10,264,0.19519756424935908,IL4R,0.5464847011168285,4.656818181818182,Up,GO_BP
Cellular Response To Sterol (GO:0036315),1,10,264,0.19519756424935908,PTCH1,0.5464847011168285,4.656818181818182,Up,GO_BP
Negative Regulation Of Phagocytosis (GO:0050765),1,10,264,0.19519756424935908,PIP4P2,0.5464847011168285,4.656818181818182,Up,GO_BP
Protein Heterotetramerization (GO:0051290),1,10,264,0.19519756424935908,PKD1,0.5464847011168285,4.656818181818182,Up,GO_BP
Endosomal Vesicle Fusion (GO:0034058),1,10,264,0.19519756424935908,SAMD9,0.5464847011168285,4.656818181818182,Up,GO_BP
Regulation Of Monocyte Differentiation (GO:0045655),1,10,264,0.19519756424935908,IRF7,0.5464847011168285,4.656818181818182,Up,GO_BP
Protein auto-ADP-ribosylation (GO:0070213),1,10,264,0.19519756424935908,PARP12,0.5464847011168285,4.656818181818182,Up,GO_BP
Negative Regulation Of Chondrocyte Differentiation (GO:0032331),1,10,264,0.19519756424935908,PTHLH,0.5464847011168285,4.656818181818182,Up,GO_BP
Post-Transcriptional Gene Silencing (GO:0016441),1,10,264,0.19519756424935908,HELZ2,0.5464847011168285,4.656818181818182,Up,GO_BP
Negative Regulation Of Nervous System Development (GO:0051961),1,10,264,0.19519756424935908,B2M,0.5464847011168285,4.656818181818182,Up,GO_BP
Maintenance Of Protein Localization In Endoplasmic Reticulum (GO:0035437),1,10,264,0.19519756424935908,KDELR3,0.5464847011168285,4.656818181818182,Up,GO_BP
Regulation Of Cysteine-Type Endopeptidase Activity (GO:2000116),1,10,264,0.19519756424935908,CST3,0.5464847011168285,4.656818181818182,Up,GO_BP
Regulation Of Chromatin Binding (GO:0035561),1,10,264,0.19519756424935908,DTX3L,0.5464847011168285,4.656818181818182,Up,GO_BP
Lipid Droplet Formation (GO:0140042),1,10,264,0.19519756424935908,PLA2G4C,0.5464847011168285,4.656818181818182,Up,GO_BP
Regulation Of Cholesterol Storage (GO:0010885),1,10,264,0.19519756424935908,ABCG1,0.5464847011168285,4.656818181818182,Up,GO_BP
Glucosamine-Containing Compound Metabolic Process (GO:1901071),1,10,264,0.19519756424935908,CHST1,0.5464847011168285,4.656818181818182,Up,GO_BP
Keratan Sulfate Biosynthetic Process (GO:0018146),1,10,264,0.19519756424935908,CHST1,0.5464847011168285,4.656818181818182,Up,GO_BP
Regulation Of ATP Biosynthetic Process (GO:2001169),1,10,264,0.19519756424935908,PID1,0.5464847011168285,4.656818181818182,Up,GO_BP
Regulation Of Blood Vessel Endothelial Cell Proliferation Involved In Sprouting Angiogenesis (GO:1903587),1,10,264,0.19519756424935908,JCAD,0.5464847011168285,4.656818181818182,Up,GO_BP
Regulation Of Branching Involved In Ureteric Bud Morphogenesis (GO:0090189),1,10,264,0.19519756424935908,SOX8,0.5464847011168285,4.656818181818182,Up,GO_BP
Nucleoside Phosphate Biosynthetic Process (GO:1901293),1,10,264,0.19519756424935908,NMNAT2,0.5464847011168285,4.656818181818182,Up,GO_BP
Neurotrophin Signaling Pathway (GO:0038179),1,10,264,0.19519756424935908,DDIT4,0.5464847011168285,4.656818181818182,Up,GO_BP
Nucleotide-Binding Oligomerization Domain Containing Signaling Pathway (GO:0070423),1,10,264,0.19519756424935908,TNFAIP3,0.5464847011168285,4.656818181818182,Up,GO_BP
Neuromuscular Process (GO:0050905),1,10,264,0.19519756424935908,STRA6,0.5464847011168285,4.656818181818182,Up,GO_BP
Excitatory Postsynaptic Potential (GO:0060079),1,10,264,0.19519756424935908,MAPK8IP2,0.5464847011168285,4.656818181818182,Up,GO_BP
Retinal Metabolic Process (GO:0042574),1,10,264,0.19519756424935908,ALDH1A3,0.5464847011168285,4.656818181818182,Up,GO_BP
Phosphate Ion Transmembrane Transport (GO:0035435),1,10,264,0.19519756424935908,SLC37A3,0.5464847011168285,4.656818181818182,Up,GO_BP
Acylglycerol Homeostasis (GO:0055090),1,10,264,0.19519756424935908,IL18,0.5464847011168285,4.656818181818182,Up,GO_BP
ERBB2 Signaling Pathway (GO:0038128),1,10,264,0.19519756424935908,STUB1,0.5464847011168285,4.656818181818182,Up,GO_BP
L-glutamate Transmembrane Transport (GO:0015813),1,10,264,0.19519756424935908,SLC1A1,0.5464847011168285,4.656818181818182,Up,GO_BP
Semaphorin-Plexin Signaling Pathway Involved In Neuron Projection Guidance (GO:1902285),1,10,264,0.19519756424935908,PLXNA3,0.5464847011168285,4.656818181818182,Up,GO_BP
Phosphatidylcholine Acyl-Chain Remodeling (GO:0036151),1,10,264,0.19519756424935908,PLA2G4C,0.5464847011168285,4.656818181818182,Up,GO_BP
Synaptic Vesicle Localization (GO:0097479),1,10,264,0.19519756424935908,KIF5C,0.5464847011168285,4.656818181818182,Up,GO_BP
Regulation Of Osteoblast Proliferation (GO:0033688),1,10,264,0.19519756424935908,SOX8,0.5464847011168285,4.656818181818182,Up,GO_BP
Positive Regulation Of Response To Cytokine Stimulus (GO:0060760),1,10,264,0.19519756424935908,WNT5A,0.5464847011168285,4.656818181818182,Up,GO_BP
Negative Regulation Of Interleukin-1 Production (GO:0032692),1,10,264,0.19519756424935908,TNFAIP3,0.5464847011168285,4.656818181818182,Up,GO_BP
L-glutamate Import (GO:0051938),1,10,264,0.19519756424935908,SLC1A1,0.5464847011168285,4.656818181818182,Up,GO_BP
Positive Regulation Of Protein Serine/Threonine Kinase Activity (GO:0071902),3,71,264,0.19567195925059824,ADAM8;PKD1;WNT5A,0.5464847011168285,1.9676696542893728,Up,GO_BP
Positive Regulation Of Protein Catabolic Process (GO:0045732),3,71,264,0.19567195925059824,ADAM8;TNFAIP3;WNT5A,0.5464847011168285,1.9676696542893728,Up,GO_BP
Cell Cycle G2/M Phase Transition (GO:0044839),2,38,264,0.19611508290917376,CDK14;NES,0.5464847011168285,2.4509569377990434,Up,GO_BP
Negative Regulation Of Cysteine-Type Endopeptidase Activity Involved In Apoptotic Process (GO:0043154),2,38,264,0.19611508290917376,IFI6;KLF4,0.5464847011168285,2.4509569377990434,Up,GO_BP
Positive Regulation Of Signal Transduction (GO:0009967),6,182,264,0.19759673415833684,CD63;ITGA5;JCAD;LAMB1;SHANK3;TNFAIP3,0.5464847011168285,1.5352147852147853,Up,GO_BP
Positive Regulation Of Protein Localization (GO:1903829),3,72,264,0.2011828103387624,DTX3L;LIF;WNT5A,0.5464847011168285,1.9403409090909092,Up,GO_BP
Cellular Response To Growth Factor Stimulus (GO:0071363),4,108,264,0.20239505606444722,BMP7;KLF4;MAP2K3;WNT5A,0.5464847011168285,1.7247474747474747,Up,GO_BP
Protein Localization To Membrane (GO:0072657),5,146,264,0.20534463548198123,PTCH1;RAMP1;RFTN1;SHANK3;TNIK,0.5464847011168285,1.5948007471980077,Up,GO_BP
Positive Regulation Of Binding (GO:0051099),3,73,264,0.20673006805940497,B2M;DTX3L;PKD1,0.5464847011168285,1.9137608966376092,Up,GO_BP
Protein Localization To Cell Periphery (GO:1990778),4,109,264,0.20684804803555043,MYADM;PTCH1;RAMP1;TNIK,0.5464847011168285,1.7089241034195164,Up,GO_BP
Positive Regulation Of Cellular Metabolic Process (GO:0031325),2,40,264,0.211864021042317,B2M;PID1,0.5464847011168285,2.328409090909091,Up,GO_BP
Regulation Of Neuron Death (GO:1901214),2,40,264,0.211864021042317,SNCG;WNT5A,0.5464847011168285,2.328409090909091,Up,GO_BP
Cholesterol Homeostasis (GO:0042632),2,40,264,0.211864021042317,ABCG1;IL18,0.5464847011168285,2.328409090909091,Up,GO_BP
Stress-Activated MAPK Cascade (GO:0051403),2,40,264,0.211864021042317,MAP2K3;MAPK8IP2,0.5464847011168285,2.328409090909091,Up,GO_BP
Astrocyte Development (GO:0014002),1,11,264,0.21249387188841543,S100A9,0.5464847011168285,4.233471074380166,Up,GO_BP
Response To Muramyl Dipeptide (GO:0032495),1,11,264,0.21249387188841543,IRF5,0.5464847011168285,4.233471074380166,Up,GO_BP
Retrograde Axonal Transport (GO:0008090),1,11,264,0.21249387188841543,KIF1A,0.5464847011168285,4.233471074380166,Up,GO_BP
Platelet-Derived Growth Factor Receptor Signaling Pathway (GO:0048008),1,11,264,0.21249387188841543,PLAT,0.5464847011168285,4.233471074380166,Up,GO_BP
Stem Cell Development (GO:0048864),1,11,264,0.21249387188841543,SOX8,0.5464847011168285,4.233471074380166,Up,GO_BP
N-acetylglucosamine Metabolic Process (GO:0006044),1,11,264,0.21249387188841543,CHST1,0.5464847011168285,4.233471074380166,Up,GO_BP
Positive Regulation By Symbiont Of Entry Into Host (GO:0075294),1,11,264,0.21249387188841543,LGALS1,0.5464847011168285,4.233471074380166,Up,GO_BP
Positive Regulation Of Cation Transmembrane Transport (GO:1904064),1,11,264,0.21249387188841543,KCNH2,0.5464847011168285,4.233471074380166,Up,GO_BP
Positive Regulation Of Receptor Internalization (GO:0002092),1,11,264,0.21249387188841543,CD63,0.5464847011168285,4.233471074380166,Up,GO_BP
Positive Regulation Of Potassium Ion Transmembrane Transport (GO:1901381),1,11,264,0.21249387188841543,KCNH2,0.5464847011168285,4.233471074380166,Up,GO_BP
Negative Regulation Of Myoblast Differentiation (GO:0045662),1,11,264,0.21249387188841543,SOX8,0.5464847011168285,4.233471074380166,Up,GO_BP
Cytoplasmic Sequestering Of Protein (GO:0051220),1,11,264,0.21249387188841543,PKD1,0.5464847011168285,4.233471074380166,Up,GO_BP
Cytoplasmic Sequestering Of Transcription Factor (GO:0042994),1,11,264,0.21249387188841543,PKD1,0.5464847011168285,4.233471074380166,Up,GO_BP
Dicarboxylic Acid Transport (GO:0006835),1,11,264,0.21249387188841543,SLC1A1,0.5464847011168285,4.233471074380166,Up,GO_BP
Positive Regulation Of Viral Entry Into Host Cell (GO:0046598),1,11,264,0.21249387188841543,LGALS1,0.5464847011168285,4.233471074380166,Up,GO_BP
Positive Regulation Of Triglyceride Biosynthetic Process (GO:0010867),1,11,264,0.21249387188841543,MFSD2A,0.5464847011168285,4.233471074380166,Up,GO_BP
Regulation Of Extracellular Matrix Disassembly (GO:0010715),1,11,264,0.21249387188841543,CST3,0.5464847011168285,4.233471074380166,Up,GO_BP
Myotube Differentiation (GO:0014902),1,11,264,0.21249387188841543,ADAMTS15,0.5464847011168285,4.233471074380166,Up,GO_BP
Negative Regulation Of Smooth Muscle Cell Migration (GO:0014912),1,11,264,0.21249387188841543,IGFBP3,0.5464847011168285,4.233471074380166,Up,GO_BP
Positive Regulation Of Excitatory Postsynaptic Potential (GO:2000463),1,11,264,0.21249387188841543,SHANK3,0.5464847011168285,4.233471074380166,Up,GO_BP
Regulation Of Fatty Acid Beta-Oxidation (GO:0031998),1,11,264,0.21249387188841543,MFSD2A,0.5464847011168285,4.233471074380166,Up,GO_BP
Chondroitin Sulfate Biosynthetic Process (GO:0030206),1,11,264,0.21249387188841543,CHPF2,0.5464847011168285,4.233471074380166,Up,GO_BP
Negative Regulation Of Cell Migration Involved In Sprouting Angiogenesis (GO:0090051),1,11,264,0.21249387188841543,KLF4,0.5464847011168285,4.233471074380166,Up,GO_BP
Regulation Of Behavior (GO:0050795),1,11,264,0.21249387188841543,STRA6,0.5464847011168285,4.233471074380166,Up,GO_BP
Sarcomere Organization (GO:0045214),1,11,264,0.21249387188841543,TNNT1,0.5464847011168285,4.233471074380166,Up,GO_BP
Cell Part Morphogenesis (GO:0032990),1,11,264,0.21249387188841543,PID1,0.5464847011168285,4.233471074380166,Up,GO_BP
Response To Cholesterol (GO:0070723),1,11,264,0.21249387188841543,PTCH1,0.5464847011168285,4.233471074380166,Up,GO_BP
Response To Acidic pH (GO:0010447),1,11,264,0.21249387188841543,RAB11FIP5,0.5464847011168285,4.233471074380166,Up,GO_BP
Response To Fatty Acid (GO:0070542),1,11,264,0.21249387188841543,PID1,0.5464847011168285,4.233471074380166,Up,GO_BP
Cardiac Muscle Cell Action Potential Involved In Contraction (GO:0086002),1,11,264,0.21249387188841543,KCNH2,0.5464847011168285,4.233471074380166,Up,GO_BP
Positive Regulation Of Cell Migration Involved In Sprouting Angiogenesis (GO:0090050),1,11,264,0.21249387188841543,JCAD,0.5464847011168285,4.233471074380166,Up,GO_BP
Nucleotide Metabolic Process (GO:0009117),1,11,264,0.21249387188841543,NMNAT2,0.5464847011168285,4.233471074380166,Up,GO_BP
Regulation Of Cholesterol Biosynthetic Process (GO:0045540),1,11,264,0.21249387188841543,ABCG1,0.5464847011168285,4.233471074380166,Up,GO_BP
Ureteric Bud Development (GO:0001657),1,11,264,0.21249387188841543,BMP7,0.5464847011168285,4.233471074380166,Up,GO_BP
Vesicle-Mediated Transport To The Plasma Membrane (GO:0098876),3,75,264,0.21792600798555745,MICALL2;OSBPL5;SNX7,0.5464847011168285,1.8627272727272728,Up,GO_BP
Negative Regulation Of MAPK Cascade (GO:0043409),3,75,264,0.21792600798555745,BMP7;SPRY4;WNK2,0.5464847011168285,1.8627272727272728,Up,GO_BP
Regulation Of Substrate Adhesion-Dependent Cell Spreading (GO:1900024),2,41,264,0.21978496862863528,MYADM;SPRY4,0.5464847011168285,2.271618625277162,Up,GO_BP
Sterol Homeostasis (GO:0055092),2,41,264,0.21978496862863528,ABCG1;IL18,0.5464847011168285,2.271618625277162,Up,GO_BP
Mesenchymal Cell Differentiation (GO:0048762),2,41,264,0.21978496862863528,BMP7;WNT5A,0.5464847011168285,2.271618625277162,Up,GO_BP
Regulation Of Telomerase Activity (GO:0051972),2,41,264,0.21978496862863528,KLF4;PARP4,0.5464847011168285,2.271618625277162,Up,GO_BP
Regulation Of Myoblast Differentiation (GO:0045661),2,41,264,0.21978496862863528,IGFBP3;SOX8,0.5464847011168285,2.271618625277162,Up,GO_BP
Epidermis Development (GO:0008544),2,41,264,0.21978496862863528,LAMA3;PTHLH,0.5464847011168285,2.271618625277162,Up,GO_BP
Chemical Synaptic Transmission (GO:0007268),4,112,264,0.220373006810699,APBA2;PTPRN2;SLC1A1;SNCG,0.5464847011168285,1.6631493506493507,Up,GO_BP
Response To Lipid (GO:0033993),3,76,264,0.22357084570416255,ABCG1;F2R;S100A9,0.5464847011168285,1.8382177033492824,Up,GO_BP
Negative Regulation Of Cytokine-Mediated Signaling Pathway (GO:0001960),2,42,264,0.2277303358505589,ISG15;NLRC5,0.5464847011168285,2.2175324675324677,Up,GO_BP
Positive Regulation Of Interleukin-6 Production (GO:0032755),2,42,264,0.2277303358505589,F2R;WNT5A,0.5464847011168285,2.2175324675324677,Up,GO_BP
Regulation Of Epidermal Growth Factor Receptor Signaling Pathway (GO:0042058),2,42,264,0.2277303358505589,IFI6;MVP,0.5464847011168285,2.2175324675324677,Up,GO_BP
Dendritic Spine Morphogenesis (GO:0060997),1,12,264,0.22941983605201224,SHANK3,0.5464847011168285,3.8806818181818183,Up,GO_BP
Regulation Of Muscle Contraction (GO:0006937),1,12,264,0.22941983605201224,TNNT1,0.5464847011168285,3.8806818181818183,Up,GO_BP
Negative Regulation Of Nucleocytoplasmic Transport (GO:0046823),1,12,264,0.22941983605201224,SP100,0.5464847011168285,3.8806818181818183,Up,GO_BP
Negative Regulation Of Lipid Storage (GO:0010888),1,12,264,0.22941983605201224,ABCG1,0.5464847011168285,3.8806818181818183,Up,GO_BP
Negative Regulation Of Interleukin-6 Production (GO:0032715),1,12,264,0.22941983605201224,TNFAIP3,0.5464847011168285,3.8806818181818183,Up,GO_BP
Negative Regulation Of Endoplasmic Reticulum Stress-Induced Intrinsic Apoptotic Signaling Pathway (GO:1902236),1,12,264,0.22941983605201224,CREB3L1,0.5464847011168285,3.8806818181818183,Up,GO_BP
Negative Regulation Of Hippo Signaling (GO:0035331),1,12,264,0.22941983605201224,MAP2K3,0.5464847011168285,3.8806818181818183,Up,GO_BP
Detection Of Mechanical Stimulus (GO:0050982),1,12,264,0.22941983605201224,PKD1,0.5464847011168285,3.8806818181818183,Up,GO_BP
Regulation Of Reactive Oxygen Species Biosynthetic Process (GO:1903426),1,12,264,0.22941983605201224,ADGRB1,0.5464847011168285,3.8806818181818183,Up,GO_BP
Intracellular Sterol Transport (GO:0032366),1,12,264,0.22941983605201224,ABCG1,0.5464847011168285,3.8806818181818183,Up,GO_BP
Cardiac Ventricle Development (GO:0003231),1,12,264,0.22941983605201224,STRA6,0.5464847011168285,3.8806818181818183,Up,GO_BP
Negative Regulation Of Substrate Adhesion-Dependent Cell Spreading (GO:1900025),1,12,264,0.22941983605201224,SPRY4,0.5464847011168285,3.8806818181818183,Up,GO_BP
Positive Regulation Of Immune System Process (GO:0002684),1,12,264,0.22941983605201224,RSAD2,0.5464847011168285,3.8806818181818183,Up,GO_BP
Prostaglandin Biosynthetic Process (GO:0001516),1,12,264,0.22941983605201224,TBXAS1,0.5464847011168285,3.8806818181818183,Up,GO_BP
Keratan Sulfate Metabolic Process (GO:0042339),1,12,264,0.22941983605201224,CHST1,0.5464847011168285,3.8806818181818183,Up,GO_BP
Regulation Of Exit From Mitosis (GO:0007096),1,12,264,0.22941983605201224,CDC14B,0.5464847011168285,3.8806818181818183,Up,GO_BP
"Chemical Synaptic Transmission, Postsynaptic (GO:0099565)",1,12,264,0.22941983605201224,MAPK8IP2,0.5464847011168285,3.8806818181818183,Up,GO_BP
Positive Regulation Of mRNA Metabolic Process (GO:1903313),1,12,264,0.22941983605201224,PRR5L,0.5464847011168285,3.8806818181818183,Up,GO_BP
Regulation Of Neural Precursor Cell Proliferation (GO:2000177),1,12,264,0.22941983605201224,NES,0.5464847011168285,3.8806818181818183,Up,GO_BP
Regulation Of Transforming Growth Factor Beta Production (GO:0071634),1,12,264,0.22941983605201224,SERPINF2,0.5464847011168285,3.8806818181818183,Up,GO_BP
Phosphate Ion Transport (GO:0006817),1,12,264,0.22941983605201224,SLC37A3,0.5464847011168285,3.8806818181818183,Up,GO_BP
Positive Regulation Of Activated T Cell Proliferation (GO:0042104),1,12,264,0.22941983605201224,IL18,0.5464847011168285,3.8806818181818183,Up,GO_BP
Response To Organophosphorus (GO:0046683),1,12,264,0.22941983605201224,STAT1,0.5464847011168285,3.8806818181818183,Up,GO_BP
Positive Regulation Of Amyloid-Beta Formation (GO:1902004),1,12,264,0.22941983605201224,ABCG1,0.5464847011168285,3.8806818181818183,Up,GO_BP
Adaptive Immune Response Based On Somatic Recombination Of Immune Receptors Built From Immunoglobulin Superfamily Domains (GO:0002460),1,12,264,0.22941983605201224,IL18,0.5464847011168285,3.8806818181818183,Up,GO_BP
T Cell Mediated Immunity (GO:0002456),1,12,264,0.22941983605201224,HLA-A,0.5464847011168285,3.8806818181818183,Up,GO_BP
3'-UTR-mediated mRNA Destabilization (GO:0061158),1,12,264,0.22941983605201224,PLEKHN1,0.5464847011168285,3.8806818181818183,Up,GO_BP
Regulation Of Cartilage Development (GO:0061035),1,12,264,0.22941983605201224,PTHLH,0.5464847011168285,3.8806818181818183,Up,GO_BP
Microvillus Organization (GO:0032528),1,12,264,0.22941983605201224,TNIK,0.5464847011168285,3.8806818181818183,Up,GO_BP
Antigen Processing And Presentation Of Endogenous Peptide Antigen Via MHC Class I Via ER Pathway (GO:0002484),1,12,264,0.22941983605201224,HLA-A,0.5464847011168285,3.8806818181818183,Up,GO_BP
"Antigen Processing And Presentation Of Endogenous Peptide Antigen Via MHC Class I Via ER Pathway, TAP-independent (GO:0002486)",1,12,264,0.22941983605201224,HLA-A,0.5464847011168285,3.8806818181818183,Up,GO_BP
Antigen Processing And Presentation Of Endogenous Peptide Antigen Via MHC Class Ib (GO:0002476),1,12,264,0.22941983605201224,HLA-A,0.5464847011168285,3.8806818181818183,Up,GO_BP
Protein Localization To Mitochondrion (GO:0070585),1,12,264,0.22941983605201224,ISG15,0.5464847011168285,3.8806818181818183,Up,GO_BP
Negative Regulation Of Viral Transcription (GO:0032897),1,12,264,0.22941983605201224,IFITM3,0.5464847011168285,3.8806818181818183,Up,GO_BP
Adipose Tissue Development (GO:0060612),1,12,264,0.22941983605201224,SOX8,0.5464847011168285,3.8806818181818183,Up,GO_BP
Smooth Muscle Contraction (GO:0006939),1,12,264,0.22941983605201224,BDKRB2,0.5464847011168285,3.8806818181818183,Up,GO_BP
Positive Regulation Of Alpha-Beta T Cell Activation (GO:0046635),1,12,264,0.22941983605201224,HLA-A,0.5464847011168285,3.8806818181818183,Up,GO_BP
Antimicrobial Humoral Immune Response Mediated By Antimicrobial Peptide (GO:0061844),1,12,264,0.22941983605201224,S100A9,0.5464847011168285,3.8806818181818183,Up,GO_BP
Aorta Morphogenesis (GO:0035909),1,12,264,0.22941983605201224,ADAMTS9,0.5464847011168285,3.8806818181818183,Up,GO_BP
Aspartate Family Amino Acid Metabolic Process (GO:0009066),1,12,264,0.22941983605201224,NAT8L,0.5464847011168285,3.8806818181818183,Up,GO_BP
Antigen Processing And Presentation Of Peptide Antigen Via MHC Class Ib (GO:0002428),1,12,264,0.22941983605201224,HLA-A,0.5464847011168285,3.8806818181818183,Up,GO_BP
Cell Junction Organization (GO:0034330),2,43,264,0.2356954426437084,L1CAM;SNCG,0.5464847011168285,2.1659619450317127,Up,GO_BP
Rho Protein Signal Transduction (GO:0007266),2,43,264,0.2356954426437084,ARHGDIG;TNFRSF25,0.5464847011168285,2.1659619450317127,Up,GO_BP
Cell-Cell Junction Organization (GO:0045216),2,43,264,0.2356954426437084,F2R;MYADM,0.5464847011168285,2.1659619450317127,Up,GO_BP
Negative Regulation Of Neuron Apoptotic Process (GO:0043524),2,43,264,0.2356954426437084,F2R;NRBP2,0.5464847011168285,2.1659619450317127,Up,GO_BP
Regulation Of Intrinsic Apoptotic Signaling Pathway (GO:2001242),2,43,264,0.2356954426437084,BBC3;S100A9,0.5464847011168285,2.1659619450317127,Up,GO_BP
Monocarboxylic Acid Biosynthetic Process (GO:0072330),2,43,264,0.2356954426437084,ALDH1A3;OSBPL6,0.5464847011168285,2.1659619450317127,Up,GO_BP
Positive Regulation Of Cell Motility (GO:2000147),5,154,264,0.23646115585502206,F2R;FAM83H;LAMB1;MYADM;SEMA3B,0.5464847011168285,1.5119539551357735,Up,GO_BP
Anterograde Trans-Synaptic Signaling (GO:0098916),3,79,264,0.2406702408028304,APBA2;SLC1A1;SNCG,0.5464847011168285,1.7684119677790566,Up,GO_BP
Positive Regulation Of Cell Growth (GO:0030307),3,79,264,0.2406702408028304,L1CAM;MFSD2A;S100A9,0.5464847011168285,1.7684119677790566,Up,GO_BP
Regulation Of Mitotic Nuclear Division (GO:0007088),2,44,264,0.24367579723041244,BMP7;BTC,0.5464847011168285,2.116735537190083,Up,GO_BP
Cellular Response To Inorganic Substance (GO:0071241),1,13,264,0.2459833569185053,GUCY1B1,0.5464847011168285,3.582167832167832,Up,GO_BP
Regulation Of Smooth Muscle Contraction (GO:0006940),1,13,264,0.2459833569185053,F2R,0.5464847011168285,3.582167832167832,Up,GO_BP
Response To BMP (GO:0071772),1,13,264,0.2459833569185053,BMP7,0.5464847011168285,3.582167832167832,Up,GO_BP
Positive Regulation Of Cyclin-Dependent Protein Serine/Threonine Kinase Activity (GO:0045737),1,13,264,0.2459833569185053,PKD1,0.5464847011168285,3.582167832167832,Up,GO_BP
Potassium Ion Import Across Plasma Membrane (GO:1990573),1,13,264,0.2459833569185053,KCNH2,0.5464847011168285,3.582167832167832,Up,GO_BP
Gliogenesis (GO:0042063),1,13,264,0.2459833569185053,METRN,0.5464847011168285,3.582167832167832,Up,GO_BP
Neural Crest Cell Differentiation (GO:0014033),1,13,264,0.2459833569185053,SOX8,0.5464847011168285,3.582167832167832,Up,GO_BP
Cellular Response To dsRNA (GO:0071359),1,13,264,0.2459833569185053,IFIT1,0.5464847011168285,3.582167832167832,Up,GO_BP
Cellular Response To Arsenic-Containing Substance (GO:0071243),1,13,264,0.2459833569185053,MKNK2,0.5464847011168285,3.582167832167832,Up,GO_BP
Inositol Phosphate-Mediated Signaling (GO:0048016),1,13,264,0.2459833569185053,NFATC1,0.5464847011168285,3.582167832167832,Up,GO_BP
Positive Regulation Of Leukocyte Migration (GO:0002687),1,13,264,0.2459833569185053,ADAM8,0.5464847011168285,3.582167832167832,Up,GO_BP
NAD Biosynthetic Process (GO:0009435),1,13,264,0.2459833569185053,NMNAT2,0.5464847011168285,3.582167832167832,Up,GO_BP
Regulation Of Postsynaptic Membrane Potential (GO:0060078),1,13,264,0.2459833569185053,MAPK8IP2,0.5464847011168285,3.582167832167832,Up,GO_BP
Negative Regulation Of Focal Adhesion Assembly (GO:0051895),1,13,264,0.2459833569185053,PHLDB2,0.5464847011168285,3.582167832167832,Up,GO_BP
Activation Of Cysteine-Type Endopeptidase Activity (GO:0097202),1,13,264,0.2459833569185053,CASP8,0.5464847011168285,3.582167832167832,Up,GO_BP
Phosphatidylcholine Biosynthetic Process (GO:0006656),1,13,264,0.2459833569185053,MFSD2A,0.5464847011168285,3.582167832167832,Up,GO_BP
Amyloid Precursor Protein Catabolic Process (GO:0042987),1,13,264,0.2459833569185053,ABCG1,0.5464847011168285,3.582167832167832,Up,GO_BP
Actin Filament Capping (GO:0051693),1,13,264,0.2459833569185053,SVIL,0.5464847011168285,3.582167832167832,Up,GO_BP
Negative Regulation Of Cell-Substrate Junction Organization (GO:0150118),1,13,264,0.2459833569185053,PHLDB2,0.5464847011168285,3.582167832167832,Up,GO_BP
Negative Regulation Of Interleukin-2 Production (GO:0032703),1,13,264,0.2459833569185053,TNFAIP3,0.5464847011168285,3.582167832167832,Up,GO_BP
Negative Regulation Of Amyloid-Beta Formation (GO:1902430),1,13,264,0.2459833569185053,BIN1,0.5464847011168285,3.582167832167832,Up,GO_BP
Heart Trabecula Morphogenesis (GO:0061384),1,13,264,0.2459833569185053,BMP7,0.5464847011168285,3.582167832167832,Up,GO_BP
Regulation Of Insulin-Like Growth Factor Receptor Signaling Pathway (GO:0043567),1,13,264,0.2459833569185053,IGFBP3,0.5464847011168285,3.582167832167832,Up,GO_BP
Chondroitin Sulfate Metabolic Process (GO:0030204),1,13,264,0.2459833569185053,CHPF2,0.5464847011168285,3.582167832167832,Up,GO_BP
Regulation Of Monocyte Chemotaxis (GO:0090025),1,13,264,0.2459833569185053,NBL1,0.5464847011168285,3.582167832167832,Up,GO_BP
Endothelial Cell Proliferation (GO:0001935),1,13,264,0.2459833569185053,NOX5,0.5464847011168285,3.582167832167832,Up,GO_BP
Regulation Of Receptor Recycling (GO:0001919),1,13,264,0.2459833569185053,OPTN,0.5464847011168285,3.582167832167832,Up,GO_BP
Heart Contraction (GO:0060047),1,13,264,0.2459833569185053,KCNH2,0.5464847011168285,3.582167832167832,Up,GO_BP
Negative Regulation Of Calcium Ion Transmembrane Transport (GO:1903170),1,13,264,0.2459833569185053,BIN1,0.5464847011168285,3.582167832167832,Up,GO_BP
Negative Regulation Of Biomineral Tissue Development (GO:0070168),1,13,264,0.2459833569185053,ECM1,0.5464847011168285,3.582167832167832,Up,GO_BP
Barbed-End Actin Filament Capping (GO:0051016),1,13,264,0.2459833569185053,SVIL,0.5464847011168285,3.582167832167832,Up,GO_BP
Oligodendrocyte Differentiation (GO:0048709),1,13,264,0.2459833569185053,SOX8,0.5464847011168285,3.582167832167832,Up,GO_BP
Regulation Of ERBB Signaling Pathway (GO:1901184),1,13,264,0.2459833569185053,IFI6,0.5464847011168285,3.582167832167832,Up,GO_BP
Microvillus Assembly (GO:0030033),1,13,264,0.2459833569185053,TNIK,0.5464847011168285,3.582167832167832,Up,GO_BP
Regulation Of T Cell Cytokine Production (GO:0002724),1,13,264,0.2459833569185053,HLA-A,0.5464847011168285,3.582167832167832,Up,GO_BP
Monocarboxylic Acid Catabolic Process (GO:0072329),1,13,264,0.2459833569185053,LPIN2,0.5464847011168285,3.582167832167832,Up,GO_BP
Cardiac Muscle Contraction (GO:0060048),1,13,264,0.2459833569185053,KCNH2,0.5464847011168285,3.582167832167832,Up,GO_BP
Modulation Of Excitatory Postsynaptic Potential (GO:0098815),1,13,264,0.2459833569185053,SHANK3,0.5464847011168285,3.582167832167832,Up,GO_BP
Negative Regulation Of Multicellular Organismal Process (GO:0051241),5,157,264,0.24845782560163274,F2R;ID1;PTCH1;RAB11FIP5;TNNT1,0.5464847011168285,1.4830631152287204,Up,GO_BP
Golgi To Plasma Membrane Transport (GO:0006893),2,45,264,0.2516670902433368,OPTN;OSBPL5,0.5464847011168285,2.06969696969697,Up,GO_BP
Regulation Of Interleukin-8 Production (GO:0032677),2,45,264,0.2516670902433368,F2R;KLF4,0.5464847011168285,2.06969696969697,Up,GO_BP
Regulation Of Protein Localization To Nucleus (GO:1900180),2,45,264,0.2516670902433368,DTX3L;LIF,0.5464847011168285,2.06969696969697,Up,GO_BP
Post-Translational Protein Modification (GO:0043687),2,45,264,0.2516670902433368,PARP12;UBE2F,0.5464847011168285,2.06969696969697,Up,GO_BP
Positive Regulation Of Cellular Component Organization (GO:0051130),3,81,264,0.25218889894819285,BIK;BMP7;SHANK3,0.5464847011168285,1.7247474747474747,Up,GO_BP
Metal Ion Transport (GO:0030001),3,81,264,0.25218889894819285,KCNMA1;PKD1;RAMP1,0.5464847011168285,1.7247474747474747,Up,GO_BP
Positive Regulation Of Cysteine-Type Endopeptidase Activity (GO:2001056),2,46,264,0.259665189013119,CASP8;F2R,0.5464847011168285,2.024703557312253,Up,GO_BP
Regulation Of BMP Signaling Pathway (GO:0030510),2,46,264,0.259665189013119,GPR155;NBL1,0.5464847011168285,2.024703557312253,Up,GO_BP
Positive Regulation Of T Cell Migration (GO:2000406),1,14,264,0.26219216676896645,WNT5A,0.5464847011168285,3.3262987012987013,Up,GO_BP
Defense Response To Gram-negative Bacterium (GO:0050829),1,14,264,0.26219216676896645,OPTN,0.5464847011168285,3.3262987012987013,Up,GO_BP
Regulation Of Mitochondrial Outer Membrane Permeabilization Involved In Apoptotic Signaling Pathway (GO:1901028),1,14,264,0.26219216676896645,SLC35F6,0.5464847011168285,3.3262987012987013,Up,GO_BP
Cellular Response To Low-Density Lipoprotein Particle Stimulus (GO:0071404),1,14,264,0.26219216676896645,TICAM1,0.5464847011168285,3.3262987012987013,Up,GO_BP
Transepithelial Transport (GO:0070633),1,14,264,0.26219216676896645,SLC1A1,0.5464847011168285,3.3262987012987013,Up,GO_BP
Phosphatidylserine Metabolic Process (GO:0006658),1,14,264,0.26219216676896645,OSBPL5,0.5464847011168285,3.3262987012987013,Up,GO_BP
Regulation Of Intrinsic Apoptotic Signaling Pathway In Response To DNA Damage (GO:1902229),1,14,264,0.26219216676896645,NACC2,0.5464847011168285,3.3262987012987013,Up,GO_BP
Positive Regulation Of Nuclear Division (GO:0051785),1,14,264,0.26219216676896645,BTC,0.5464847011168285,3.3262987012987013,Up,GO_BP
Regulation Of Regulatory T Cell Differentiation (GO:0045589),1,14,264,0.26219216676896645,IRF1,0.5464847011168285,3.3262987012987013,Up,GO_BP
Heterotypic Cell-Cell Adhesion (GO:0034113),1,14,264,0.26219216676896645,ITGA5,0.5464847011168285,3.3262987012987013,Up,GO_BP
Intracellular Cholesterol Transport (GO:0032367),1,14,264,0.26219216676896645,ABCG1,0.5464847011168285,3.3262987012987013,Up,GO_BP
Regulation Of Smooth Muscle Cell Migration (GO:0014910),1,14,264,0.26219216676896645,IGFBP3,0.5464847011168285,3.3262987012987013,Up,GO_BP
Cellular Response To Interleukin-6 (GO:0071354),1,14,264,0.26219216676896645,PID1,0.5464847011168285,3.3262987012987013,Up,GO_BP
Positive Regulation Of Immune Effector Process (GO:0002699),1,14,264,0.26219216676896645,DDX60,0.5464847011168285,3.3262987012987013,Up,GO_BP
Negative Regulation Of Viral-Induced Cytoplasmic Pattern Recognition Receptor Signaling Pathway (GO:0039532),1,14,264,0.26219216676896645,TNFAIP3,0.5464847011168285,3.3262987012987013,Up,GO_BP
Glycerolipid Catabolic Process (GO:0046503),1,14,264,0.26219216676896645,PLA2G4C,0.5464847011168285,3.3262987012987013,Up,GO_BP
Regulation Of Vascular Endothelial Growth Factor Receptor Signaling Pathway (GO:0030947),1,14,264,0.26219216676896645,ITGA5,0.5464847011168285,3.3262987012987013,Up,GO_BP
Limb Morphogenesis (GO:0035108),1,14,264,0.26219216676896645,PTCH1,0.5464847011168285,3.3262987012987013,Up,GO_BP
Protein Autoprocessing (GO:0016540),1,14,264,0.26219216676896645,CASP4,0.5464847011168285,3.3262987012987013,Up,GO_BP
Regulation Of Cholesterol Transport (GO:0032374),1,14,264,0.26219216676896645,OSBPL6,0.5464847011168285,3.3262987012987013,Up,GO_BP
Positive Regulation Of MAPK Cascade (GO:0043410),5,161,264,0.2646893491453581,ADAM8;F2R;JCAD;LIF;SERPINF2,0.5464847011168285,1.4462168266516093,Up,GO_BP
"Retrograde Vesicle-Mediated Transport, Golgi To Endoplasmic Reticulum (GO:0006890)",2,47,264,0.2676661320157174,ERGIC1;KDELR3,0.5464847011168285,1.981624758220503,Up,GO_BP
T Cell Activation (GO:0042110),2,47,264,0.2676661320157174,CASP8;LFNG,0.5464847011168285,1.981624758220503,Up,GO_BP
Positive Regulation Of Proteolysis (GO:0045862),2,47,264,0.2676661320157174,CASP8;STUB1,0.5464847011168285,1.981624758220503,Up,GO_BP
Positive Regulation Of Synaptic Transmission (GO:0050806),2,47,264,0.2676661320157174,BAIAP3;SHANK3,0.5464847011168285,1.981624758220503,Up,GO_BP
Regulation Of Macromolecule Biosynthetic Process (GO:0010556),2,47,264,0.2676661320157174,S100A9;ULK1,0.5464847011168285,1.981624758220503,Up,GO_BP
Regulation Of Extrinsic Apoptotic Signaling Pathway (GO:2001236),2,47,264,0.2676661320157174,SP100;TRAF1,0.5464847011168285,1.981624758220503,Up,GO_BP
Negative Regulation Of Protein Modification By Small Protein Conjugation Or Removal (GO:1903321),2,47,264,0.2676661320157174,ISG15;TNFAIP3,0.5464847011168285,1.981624758220503,Up,GO_BP
Negative Regulation Of Transmembrane Receptor Protein Serine/Threonine Kinase Signaling Pathway (GO:0090101),3,84,264,0.26960995415547867,GPR155;NBL1;STUB1,0.5464847011168285,1.6631493506493507,Up,GO_BP
Positive Regulation Of Autophagy (GO:0010508),3,85,264,0.2754482606049332,OPTN;TICAM1;ULK1,0.5464847011168285,1.643582887700535,Up,GO_BP
Endosome To Lysosome Transport (GO:0008333),2,48,264,0.2756661234752914,BIN1;DTX3L,0.5464847011168285,1.9403409090909092,Up,GO_BP
Regulation Of G Protein-Coupled Receptor Signaling Pathway (GO:0008277),2,48,264,0.2756661234752914,GNG4;RGS11,0.5464847011168285,1.9403409090909092,Up,GO_BP
Cellular Response To Lipid (GO:0071396),4,124,264,0.27649261115888424,PID1;TICAM1;TNFAIP3;WNT5A,0.5464847011168285,1.502199413489736,Up,GO_BP
B Cell Receptor Signaling Pathway (GO:0050853),1,15,264,0.27805383354201163,RFTN1,0.5464847011168285,3.1045454545454545,Up,GO_BP
Sterol Transport (GO:0015918),1,15,264,0.27805383354201163,OSBPL5,0.5464847011168285,3.1045454545454545,Up,GO_BP
Adenylate Cyclase-Inhibiting G Protein-Coupled Receptor Signaling Pathway (GO:0007193),1,15,264,0.27805383354201163,OPRL1,0.5464847011168285,3.1045454545454545,Up,GO_BP
L-amino Acid Transport (GO:0015807),1,15,264,0.27805383354201163,SLC1A1,0.5464847011168285,3.1045454545454545,Up,GO_BP
Positive Regulation Of Cyclin-Dependent Protein Kinase Activity (GO:1904031),1,15,264,0.27805383354201163,PKD1,0.5464847011168285,3.1045454545454545,Up,GO_BP
Neuropeptide Signaling Pathway (GO:0007218),1,15,264,0.27805383354201163,OPRL1,0.5464847011168285,3.1045454545454545,Up,GO_BP
Amyloid Fibril Formation (GO:1990000),1,15,264,0.27805383354201163,B2M,0.5464847011168285,3.1045454545454545,Up,GO_BP
Endothelial Cell Development (GO:0001885),1,15,264,0.27805383354201163,MYADM,0.5464847011168285,3.1045454545454545,Up,GO_BP
Negative Regulation Of Axon Extension Involved In Axon Guidance (GO:0048843),1,15,264,0.27805383354201163,SEMA3B,0.5464847011168285,3.1045454545454545,Up,GO_BP
Negative Regulation Of Amyloid Precursor Protein Catabolic Process (GO:1902992),1,15,264,0.27805383354201163,BIN1,0.5464847011168285,3.1045454545454545,Up,GO_BP
Positive Regulation Of Neural Precursor Cell Proliferation (GO:2000179),1,15,264,0.27805383354201163,NES,0.5464847011168285,3.1045454545454545,Up,GO_BP
Positive Regulation Of Dendritic Spine Development (GO:0060999),1,15,264,0.27805383354201163,SHANK3,0.5464847011168285,3.1045454545454545,Up,GO_BP
Natural Killer Cell Activation (GO:0030101),1,15,264,0.27805383354201163,CASP8,0.5464847011168285,3.1045454545454545,Up,GO_BP
Cellular Defense Response (GO:0006968),1,15,264,0.27805383354201163,LGALS3BP,0.5464847011168285,3.1045454545454545,Up,GO_BP
Glycerophospholipid Catabolic Process (GO:0046475),1,15,264,0.27805383354201163,PLA2G4C,0.5464847011168285,3.1045454545454545,Up,GO_BP
Regulation Of Defense Response To Virus (GO:0050688),1,15,264,0.27805383354201163,TNFAIP3,0.5464847011168285,3.1045454545454545,Up,GO_BP
Cellular Response To pH (GO:0071467),1,15,264,0.27805383354201163,RAB11FIP5,0.5464847011168285,3.1045454545454545,Up,GO_BP
Regulation Of Chondrocyte Differentiation (GO:0032330),1,15,264,0.27805383354201163,PTHLH,0.5464847011168285,3.1045454545454545,Up,GO_BP
Regulation Of Cell-Cell Adhesion Mediated By Cadherin (GO:2000047),1,15,264,0.27805383354201163,SERPINF2,0.5464847011168285,3.1045454545454545,Up,GO_BP
Regulation Of Viral Transcription (GO:0046782),1,15,264,0.27805383354201163,IFITM3,0.5464847011168285,3.1045454545454545,Up,GO_BP
Calcium-Ion Regulated Exocytosis (GO:0017156),1,15,264,0.27805383354201163,DOC2B,0.5464847011168285,3.1045454545454545,Up,GO_BP
Positive Regulation Of Nitric Oxide Biosynthetic Process (GO:0045429),1,15,264,0.27805383354201163,KLF4,0.5464847011168285,3.1045454545454545,Up,GO_BP
Cellular Response To Unfolded Protein (GO:0034620),1,15,264,0.27805383354201163,OPTN,0.5464847011168285,3.1045454545454545,Up,GO_BP
Negative Regulation Of Ossification (GO:0030279),1,15,264,0.27805383354201163,ECM1,0.5464847011168285,3.1045454545454545,Up,GO_BP
Regulation Of Protein Processing (GO:0070613),1,15,264,0.27805383354201163,ADAM8,0.5464847011168285,3.1045454545454545,Up,GO_BP
Positive Regulation Of Calcium Ion Transmembrane Transport (GO:1904427),1,15,264,0.27805383354201163,F2R,0.5464847011168285,3.1045454545454545,Up,GO_BP
Positive Regulation Of Autophagosome Assembly (GO:2000786),1,15,264,0.27805383354201163,SNX7,0.5464847011168285,3.1045454545454545,Up,GO_BP
Positive Regulation Of Triglyceride Metabolic Process (GO:0090208),1,15,264,0.27805383354201163,MFSD2A,0.5464847011168285,3.1045454545454545,Up,GO_BP
Positive Regulation Of Release Of Sequestered Calcium Ion Into Cytosol (GO:0051281),1,15,264,0.27805383354201163,F2R,0.5464847011168285,3.1045454545454545,Up,GO_BP
Negative Regulation Of Endothelial Cell Apoptotic Process (GO:2000352),1,15,264,0.27805383354201163,TNFAIP3,0.5464847011168285,3.1045454545454545,Up,GO_BP
Placenta Development (GO:0001890),1,15,264,0.27805383354201163,PKD1,0.5464847011168285,3.1045454545454545,Up,GO_BP
Positive Regulation Of Axon Extension (GO:0045773),1,15,264,0.27805383354201163,L1CAM,0.5464847011168285,3.1045454545454545,Up,GO_BP
Positive Regulation Of SMAD Protein Signal Transduction (GO:0060391),1,15,264,0.27805383354201163,BMP7,0.5464847011168285,3.1045454545454545,Up,GO_BP
Positive Regulation Of Rho Protein Signal Transduction (GO:0035025),1,15,264,0.27805383354201163,F2R,0.5464847011168285,3.1045454545454545,Up,GO_BP
Response To Purine-Containing Compound (GO:0014074),1,15,264,0.27805383354201163,STAT1,0.5464847011168285,3.1045454545454545,Up,GO_BP
Positive Regulation Of Cholesterol Efflux (GO:0010875),1,15,264,0.27805383354201163,PTCH1,0.5464847011168285,3.1045454545454545,Up,GO_BP
Regulation Of Macrophage Activation (GO:0043030),1,15,264,0.27805383354201163,WNT5A,0.5464847011168285,3.1045454545454545,Up,GO_BP
Cellular Response To Xenobiotic Stimulus (GO:0071466),1,15,264,0.27805383354201163,KCNH2,0.5464847011168285,3.1045454545454545,Up,GO_BP
Diacylglycerol Metabolic Process (GO:0046339),1,15,264,0.27805383354201163,DGAT1,0.5464847011168285,3.1045454545454545,Up,GO_BP
Artery Development (GO:0060840),1,15,264,0.27805383354201163,STRA6,0.5464847011168285,3.1045454545454545,Up,GO_BP
Circulatory System Development (GO:0072359),3,86,264,0.2812994322805154,CASP8;PKD1;STRA6,0.5464847011168285,1.6244714587737845,Up,GO_BP
Positive Regulation Of Protein Polymerization (GO:0032273),2,49,264,0.2836615281185335,BIN1;CDC42EP3,0.5464847011168285,1.9007421150278292,Up,GO_BP
Regulation Of Peptidyl-Tyrosine Phosphorylation (GO:0050730),2,49,264,0.2836615281185335,ITGA5;LIF,0.5464847011168285,1.9007421150278292,Up,GO_BP
Potassium Ion Transport (GO:0006813),2,49,264,0.2836615281185335,KCNH2;KCNMA1,0.5464847011168285,1.9007421150278292,Up,GO_BP
Positive Regulation Of Apoptotic Signaling Pathway (GO:2001235),2,49,264,0.2836615281185335,BBC3;S100A9,0.5464847011168285,1.9007421150278292,Up,GO_BP
Positive Regulation Of Mitochondrion Organization (GO:0010822),2,50,264,0.2916488660764728,BBC3;BIK,0.5464847011168285,1.8627272727272728,Up,GO_BP
Organic Anion Transport (GO:0015711),2,50,264,0.2916488660764728,SLC4A2;SLC4A3,0.5464847011168285,1.8627272727272728,Up,GO_BP
Regulation Of Ubiquitin Protein Ligase Activity (GO:1904666),1,16,264,0.293575764313647,CDC14B,0.5464847011168285,2.9105113636363633,Up,GO_BP
Positive Regulation Of Interleukin-10 Production (GO:0032733),1,16,264,0.293575764313647,ISG15,0.5464847011168285,2.9105113636363633,Up,GO_BP
Positive Regulation Of Interleukin-12 Production (GO:0032735),1,16,264,0.293575764313647,IRF5,0.5464847011168285,2.9105113636363633,Up,GO_BP
Establishment Of Skin Barrier (GO:0061436),1,16,264,0.293575764313647,IL18,0.5464847011168285,2.9105113636363633,Up,GO_BP
Superoxide Metabolic Process (GO:0006801),1,16,264,0.293575764313647,NOX5,0.5464847011168285,2.9105113636363633,Up,GO_BP
Prostaglandin Metabolic Process (GO:0006693),1,16,264,0.293575764313647,TBXAS1,0.5464847011168285,2.9105113636363633,Up,GO_BP
Bile Acid Biosynthetic Process (GO:0006699),1,16,264,0.293575764313647,OSBPL6,0.5464847011168285,2.9105113636363633,Up,GO_BP
Establishment Of Vesicle Localization (GO:0051650),1,16,264,0.293575764313647,KIF5C,0.5464847011168285,2.9105113636363633,Up,GO_BP
Negative Regulation Of Small GTPase Mediated Signal Transduction (GO:0051058),1,16,264,0.293575764313647,SPRY4,0.5464847011168285,2.9105113636363633,Up,GO_BP
Negative Regulation Of Protein Transport (GO:0051224),1,16,264,0.293575764313647,RSAD2,0.5464847011168285,2.9105113636363633,Up,GO_BP
Positive Regulation Of Transcription From RNA Polymerase II Promoter In Response To Stress (GO:0036003),1,16,264,0.293575764313647,CREB3L1,0.5464847011168285,2.9105113636363633,Up,GO_BP
Regulation Of Cholesterol Metabolic Process (GO:0090181),1,16,264,0.293575764313647,ABCG1,0.5464847011168285,2.9105113636363633,Up,GO_BP
Long-Chain Fatty Acid Transport (GO:0015909),1,16,264,0.293575764313647,MFSD2A,0.5464847011168285,2.9105113636363633,Up,GO_BP
Blood Vessel Endothelial Cell Migration (GO:0043534),1,16,264,0.293575764313647,ID1,0.5464847011168285,2.9105113636363633,Up,GO_BP
Carbohydrate Derivative Transport (GO:1901264),1,16,264,0.293575764313647,MFSD2A,0.5464847011168285,2.9105113636363633,Up,GO_BP
Regulation Of Blood Circulation (GO:1903522),1,16,264,0.293575764313647,BDKRB2,0.5464847011168285,2.9105113636363633,Up,GO_BP
Positive Regulation Of Nitric Oxide Metabolic Process (GO:1904407),1,16,264,0.293575764313647,KLF4,0.5464847011168285,2.9105113636363633,Up,GO_BP
Positive Regulation Of Amyloid Precursor Protein Catabolic Process (GO:1902993),1,16,264,0.293575764313647,ABCG1,0.5464847011168285,2.9105113636363633,Up,GO_BP
Phosphatidylinositol Dephosphorylation (GO:0046856),1,16,264,0.293575764313647,PIP4P2,0.5464847011168285,2.9105113636363633,Up,GO_BP
Regulation Of Muscle Cell Differentiation (GO:0051147),1,16,264,0.293575764313647,LAMB1,0.5464847011168285,2.9105113636363633,Up,GO_BP
Regulation Of Transcription Involved In G1/S Transition Of Mitotic Cell Cycle (GO:0000083),1,16,264,0.293575764313647,CDK14,0.5464847011168285,2.9105113636363633,Up,GO_BP
Peptidyl-Glutamic Acid Modification (GO:0018200),1,16,264,0.293575764313647,TTLL3,0.5464847011168285,2.9105113636363633,Up,GO_BP
Negative Regulation Of Anoikis (GO:2000811),1,16,264,0.293575764313647,ITGA5,0.5464847011168285,2.9105113636363633,Up,GO_BP
Negative Regulation Of G Protein-Coupled Receptor Signaling Pathway (GO:0045744),1,16,264,0.293575764313647,APLP1,0.5464847011168285,2.9105113636363633,Up,GO_BP
Negative Regulation Of Axonogenesis (GO:0050771),1,16,264,0.293575764313647,ULK1,0.5464847011168285,2.9105113636363633,Up,GO_BP
Amino Acid Import Across Plasma Membrane (GO:0089718),1,16,264,0.293575764313647,SLC1A1,0.5464847011168285,2.9105113636363633,Up,GO_BP
Negative Regulation Of Wound Healing (GO:0061045),1,16,264,0.293575764313647,PHLDB2,0.5464847011168285,2.9105113636363633,Up,GO_BP
Neuromuscular Junction Development (GO:0007528),1,16,264,0.293575764313647,F2R,0.5464847011168285,2.9105113636363633,Up,GO_BP
Negative Regulation Of Ubiquitin-Protein Transferase Activity (GO:0051444),1,16,264,0.293575764313647,DTX3L,0.5464847011168285,2.9105113636363633,Up,GO_BP
Sensory Perception (GO:0007600),1,16,264,0.293575764313647,OPRL1,0.5464847011168285,2.9105113636363633,Up,GO_BP
Retina Homeostasis (GO:0001895),1,16,264,0.293575764313647,B2M,0.5464847011168285,2.9105113636363633,Up,GO_BP
Regulation Of Triglyceride Biosynthetic Process (GO:0010866),1,16,264,0.293575764313647,MFSD2A,0.5464847011168285,2.9105113636363633,Up,GO_BP
Osteoclast Differentiation (GO:0030316),1,16,264,0.293575764313647,SLC4A2,0.5464847011168285,2.9105113636363633,Up,GO_BP
Ameboidal-Type Cell Migration (GO:0001667),1,16,264,0.293575764313647,TNS1,0.5464847011168285,2.9105113636363633,Up,GO_BP
DNA Repair-Dependent Chromatin Remodeling (GO:0140861),1,16,264,0.293575764313647,DTX3L,0.5464847011168285,2.9105113636363633,Up,GO_BP
Triglyceride Homeostasis (GO:0070328),1,16,264,0.293575764313647,IL18,0.5464847011168285,2.9105113636363633,Up,GO_BP
Protein Autophosphorylation (GO:0046777),4,128,264,0.2957230792259586,MKNK2;TNIK;ULK1;WNK2,0.5497566070985871,1.4552556818181817,Up,GO_BP
Selective Autophagy (GO:0061912),2,51,264,0.2996248079298776,SNX7;ULK1,0.5500854917688576,1.8262032085561497,Up,GO_BP
Organelle Disassembly (GO:1903008),2,51,264,0.2996248079298776,SNX7;ULK1,0.5500854917688576,1.8262032085561497,Up,GO_BP
Regulation Of Phosphatidylinositol 3-Kinase Signaling (GO:0014066),2,51,264,0.2996248079298776,F2R;IL18,0.5500854917688576,1.8262032085561497,Up,GO_BP
Regulation Of G1/S Transition Of Mitotic Cell Cycle (GO:2000045),3,90,264,0.30480070995403113,KLF4;PKD1;UBE2E2,0.5500854917688576,1.5522727272727272,Up,GO_BP
Negative Regulation Of Epithelial Cell Proliferation (GO:0050680),2,52,264,0.3075861698944747,B2M;STAT1,0.5500854917688576,1.791083916083916,Up,GO_BP
Negative Regulation Of Protein Localization To Cell Periphery (GO:1904376),1,17,264,0.30876520870371027,PID1,0.5500854917688576,2.7393048128342246,Up,GO_BP
Negative Regulation Of Protein Localization To Plasma Membrane (GO:1903077),1,17,264,0.30876520870371027,PID1,0.5500854917688576,2.7393048128342246,Up,GO_BP
Negative Regulation Of Extrinsic Apoptotic Signaling Pathway Via Death Domain Receptors (GO:1902042),1,17,264,0.30876520870371027,TNFAIP3,0.5500854917688576,2.7393048128342246,Up,GO_BP
Regulation Of Axon Extension Involved In Axon Guidance (GO:0048841),1,17,264,0.30876520870371027,SEMA3B,0.5500854917688576,2.7393048128342246,Up,GO_BP
Glycogen Metabolic Process (GO:0005977),1,17,264,0.30876520870371027,PYGL,0.5500854917688576,2.7393048128342246,Up,GO_BP
Iron Ion Transport (GO:0006826),1,17,264,0.30876520870371027,STEAP3,0.5500854917688576,2.7393048128342246,Up,GO_BP
Limb Development (GO:0060173),1,17,264,0.30876520870371027,PTCH1,0.5500854917688576,2.7393048128342246,Up,GO_BP
Cellular Lipid Catabolic Process (GO:0044242),1,17,264,0.30876520870371027,LPIN2,0.5500854917688576,2.7393048128342246,Up,GO_BP
Negative Regulation Of ERBB Signaling Pathway (GO:1901185),1,17,264,0.30876520870371027,MVP,0.5500854917688576,2.7393048128342246,Up,GO_BP
Regulation Of Plasma Membrane Bounded Cell Projection Organization (GO:0120035),1,17,264,0.30876520870371027,KIF26A,0.5500854917688576,2.7393048128342246,Up,GO_BP
DNA Methylation (GO:0006306),1,17,264,0.30876520870371027,ZDBF2,0.5500854917688576,2.7393048128342246,Up,GO_BP
Toll-Like Receptor Signaling Pathway (GO:0002224),1,17,264,0.30876520870371027,TICAM1,0.5500854917688576,2.7393048128342246,Up,GO_BP
Amide Transport (GO:0042886),1,17,264,0.30876520870371027,SLC1A1,0.5500854917688576,2.7393048128342246,Up,GO_BP
ncRNA-mediated Post-Transcriptional Gene Silencing (GO:0035194),1,17,264,0.30876520870371027,HELZ2,0.5500854917688576,2.7393048128342246,Up,GO_BP
Regulation Of Extracellular Matrix Organization (GO:1903053),1,17,264,0.30876520870371027,LAMB1,0.5500854917688576,2.7393048128342246,Up,GO_BP
Regulation Of Ryanodine-Sensitive Calcium-Release Channel Activity (GO:0060314),1,17,264,0.30876520870371027,JPH3,0.5500854917688576,2.7393048128342246,Up,GO_BP
Regulation Of Necroptotic Process (GO:0060544),1,17,264,0.30876520870371027,CASP8,0.5500854917688576,2.7393048128342246,Up,GO_BP
Regulation Of Long-Term Synaptic Potentiation (GO:1900271),1,17,264,0.30876520870371027,SHANK3,0.5500854917688576,2.7393048128342246,Up,GO_BP
Regulation Of Toll-Like Receptor 4 Signaling Pathway (GO:0034143),1,17,264,0.30876520870371027,TNFAIP3,0.5500854917688576,2.7393048128342246,Up,GO_BP
Negative Regulation Of Myeloid Leukocyte Differentiation (GO:0002762),1,17,264,0.30876520870371027,TMEM178A,0.5500854917688576,2.7393048128342246,Up,GO_BP
Positive Regulation Of Calcium Ion Transport (GO:0051928),1,17,264,0.30876520870371027,F2R,0.5500854917688576,2.7393048128342246,Up,GO_BP
fatty-acyl-CoA Metabolic Process (GO:0035337),1,17,264,0.30876520870371027,DGAT1,0.5500854917688576,2.7393048128342246,Up,GO_BP
Positive Regulation Of Receptor Signaling Pathway Via STAT (GO:1904894),1,17,264,0.30876520870371027,F2R,0.5500854917688576,2.7393048128342246,Up,GO_BP
Respiratory Tube Development (GO:0030323),1,17,264,0.30876520870371027,STRA6,0.5500854917688576,2.7393048128342246,Up,GO_BP
Muscle Cell Development (GO:0055001),1,17,264,0.30876520870371027,BIN1,0.5500854917688576,2.7393048128342246,Up,GO_BP
Regulation Of Calcium Ion Transmembrane Transporter Activity (GO:1901019),1,17,264,0.30876520870371027,JPH3,0.5500854917688576,2.7393048128342246,Up,GO_BP
Negative Regulation Of Phosphate Metabolic Process (GO:0045936),1,17,264,0.30876520870371027,BMP7,0.5500854917688576,2.7393048128342246,Up,GO_BP
Cellular Response To Amyloid-Beta (GO:1904646),1,17,264,0.30876520870371027,CASP4,0.5500854917688576,2.7393048128342246,Up,GO_BP
Regulation Of MAPK Cascade (GO:0043408),4,131,264,0.31025635277728186,F2R;JCAD;LIF;TNIK,0.5520450362783665,1.4219292158223458,Up,GO_BP
Negative Regulation Of Macromolecule Metabolic Process (GO:0010605),4,132,264,0.3151170846860515,CREB3L1;KLF4;MYADM;OPTN,0.5541758361394928,1.4111570247933884,Up,GO_BP
Negative Regulation Of Neuron Death (GO:1901215),2,53,264,0.31552990914229906,F2R;NRBP2,0.5541758361394928,1.7572898799313894,Up,GO_BP
Negative Regulation Of Cell Adhesion (GO:0007162),2,53,264,0.31552990914229906,ARHGDIG;PLXNA3,0.5541758361394928,1.7572898799313894,Up,GO_BP
Positive Regulation Of Macromolecule Metabolic Process (GO:0010604),6,215,264,0.31579625306679887,BMP7;DTX3L;KLF4;PID1;TICAM1;WNT5A,0.5541758361394928,1.2995771670190275,Up,GO_BP
Transmembrane Receptor Protein Serine/Threonine Kinase Signaling Pathway (GO:0007178),3,92,264,0.31658767573371177,BMP7;ID1;STUB1,0.5541758361394928,1.5185276679841897,Up,GO_BP
Intrinsic Apoptotic Signaling Pathway (GO:0097193),3,92,264,0.31658767573371177,BBC3;CASP4;IFI6,0.5541758361394928,1.5185276679841897,Up,GO_BP
Modification-Dependent Protein Catabolic Process (GO:0019941),5,174,264,0.31886223035572514,DTX3L;ISG15;RNF144A;STUB1;UBE2H,0.5541758361394928,1.338166144200627,Up,GO_BP
Positive Regulation Of Cell Cycle Process (GO:0090068),3,93,264,0.32248503958640934,BTC;CDC14B;SVIL,0.5541758361394928,1.502199413489736,Up,GO_BP
Positive Regulation Of Macroautophagy (GO:0016239),2,54,264,0.32345311925559006,OPTN;SNX7,0.5541758361394928,1.7247474747474747,Up,GO_BP
Positive Regulation Of Secretion By Cell (GO:1903532),2,54,264,0.32345311925559006,ADAM8;BAIAP3,0.5541758361394928,1.7247474747474747,Up,GO_BP
Neutrophil Chemotaxis (GO:0030593),1,18,264,0.323629262210448,S100A9,0.5541758361394928,2.587121212121212,Up,GO_BP
Nucleotide Biosynthetic Process (GO:0009165),1,18,264,0.323629262210448,NMNAT2,0.5541758361394928,2.587121212121212,Up,GO_BP
Negative Regulation Of Cell Junction Assembly (GO:1901889),1,18,264,0.323629262210448,PHLDB2,0.5541758361394928,2.587121212121212,Up,GO_BP
Regulation Of Insulin Secretion Involved In Cellular Response To Glucose Stimulus (GO:0061178),1,18,264,0.323629262210448,BAIAP3,0.5541758361394928,2.587121212121212,Up,GO_BP
Skin Epidermis Development (GO:0098773),1,18,264,0.323629262210448,IL18,0.5541758361394928,2.587121212121212,Up,GO_BP
RNA-mediated Gene Silencing (GO:0031047),1,18,264,0.323629262210448,HELZ2,0.5541758361394928,2.587121212121212,Up,GO_BP
Negative Regulation Of Neurogenesis (GO:0050768),1,18,264,0.323629262210448,B2M,0.5541758361394928,2.587121212121212,Up,GO_BP
Negative Regulation Of Intracellular Protein Transport (GO:0090317),1,18,264,0.323629262210448,SP100,0.5541758361394928,2.587121212121212,Up,GO_BP
Positive Regulation Of Viral Life Cycle (GO:1903902),1,18,264,0.323629262210448,LGALS1,0.5541758361394928,2.587121212121212,Up,GO_BP
Fatty Acid Transport (GO:0015908),1,18,264,0.323629262210448,MFSD2A,0.5541758361394928,2.587121212121212,Up,GO_BP
Positive Regulation Of Receptor Signaling Pathway Via JAK-STAT (GO:0046427),1,18,264,0.323629262210448,F2R,0.5541758361394928,2.587121212121212,Up,GO_BP
Regulation Of T Cell Mediated Cytotoxicity (GO:0001914),1,18,264,0.323629262210448,HLA-A,0.5541758361394928,2.587121212121212,Up,GO_BP
Intrinsic Apoptotic Signaling Pathway In Response To DNA Damage By P53 Class Mediator (GO:0042771),1,18,264,0.323629262210448,DDIT4,0.5541758361394928,2.587121212121212,Up,GO_BP
Myofibril Assembly (GO:0030239),1,18,264,0.323629262210448,TNNT1,0.5541758361394928,2.587121212121212,Up,GO_BP
Negative Regulation Of Peptidyl-Serine Phosphorylation (GO:0033137),1,18,264,0.323629262210448,RASSF2,0.5541758361394928,2.587121212121212,Up,GO_BP
Maintenance Of Protein Location In Nucleus (GO:0051457),1,18,264,0.323629262210448,SP100,0.5541758361394928,2.587121212121212,Up,GO_BP
Negative Regulation Of NIK/NF-kappaB Signaling (GO:1901223),1,18,264,0.323629262210448,BMP7,0.5541758361394928,2.587121212121212,Up,GO_BP
Axon Extension (GO:0048675),1,18,264,0.323629262210448,ULK1,0.5541758361394928,2.587121212121212,Up,GO_BP
Vesicle Docking (GO:0048278),1,18,264,0.323629262210448,TSNARE1,0.5541758361394928,2.587121212121212,Up,GO_BP
Cellular Response To Steroid Hormone Stimulus (GO:0071383),1,18,264,0.323629262210448,BMP7,0.5541758361394928,2.587121212121212,Up,GO_BP
Regulation Of Fibroblast Migration (GO:0010762),1,18,264,0.323629262210448,PRR5L,0.5541758361394928,2.587121212121212,Up,GO_BP
Regulation Of Cold-Induced Thermogenesis (GO:0120161),3,94,264,0.328383088628788,ID1;IL18;IL4R,0.5607106237706903,1.4862185686653773,Up,GO_BP
T Cell Receptor Signaling Pathway (GO:0050852),2,55,264,0.3313530258097252,HLA-A;RFTN1,0.5607106237706903,1.693388429752066,Up,GO_BP
Negative Regulation Of Supramolecular Fiber Organization (GO:1902904),2,55,264,0.3313530258097252,MYADM;SHANK3,0.5607106237706903,1.693388429752066,Up,GO_BP
Negative Regulation Of Catabolic Process (GO:0009895),2,55,264,0.3313530258097252,ADGRB1;CST3,0.5607106237706903,1.693388429752066,Up,GO_BP
Regulation Of NIK/NF-kappaB Signaling (GO:1901222),2,55,264,0.3313530258097252,BMP7;RASSF2,0.5607106237706903,1.693388429752066,Up,GO_BP
Neuron Differentiation (GO:0030182),3,95,264,0.3342804335206226,DDIT4;NRBP2;WNT5A,0.5607106237706903,1.470574162679426,Up,GO_BP
Vasculogenesis (GO:0001570),1,19,264,0.33817486947473946,EGFL7,0.5607106237706903,2.4509569377990434,Up,GO_BP
Artery Morphogenesis (GO:0048844),1,19,264,0.33817486947473946,STRA6,0.5607106237706903,2.4509569377990434,Up,GO_BP
Positive Regulation Of Cholesterol Transport (GO:0032376),1,19,264,0.33817486947473946,PTCH1,0.5607106237706903,2.4509569377990434,Up,GO_BP
Phospholipid Catabolic Process (GO:0009395),1,19,264,0.33817486947473946,PLA2G4C,0.5607106237706903,2.4509569377990434,Up,GO_BP
Endoplasmic Reticulum Calcium Ion Homeostasis (GO:0032469),1,19,264,0.33817486947473946,KCTD17,0.5607106237706903,2.4509569377990434,Up,GO_BP
Positive Regulation Of Cilium Assembly (GO:0045724),1,19,264,0.33817486947473946,KCTD17,0.5607106237706903,2.4509569377990434,Up,GO_BP
Cellular Response To Misfolded Protein (GO:0071218),1,19,264,0.33817486947473946,STUB1,0.5607106237706903,2.4509569377990434,Up,GO_BP
Regulation Of Actin Filament Bundle Assembly (GO:0032231),1,19,264,0.33817486947473946,SHANK3,0.5607106237706903,2.4509569377990434,Up,GO_BP
Positive Regulation Of Protein Autophosphorylation (GO:0031954),1,19,264,0.33817486947473946,RASSF2,0.5607106237706903,2.4509569377990434,Up,GO_BP
Regulation Of Biomineral Tissue Development (GO:0070167),1,19,264,0.33817486947473946,ECM1,0.5607106237706903,2.4509569377990434,Up,GO_BP
Positive Regulation Of Lymphocyte Activation (GO:0051251),1,19,264,0.33817486947473946,TICAM1,0.5607106237706903,2.4509569377990434,Up,GO_BP
Glial Cell Development (GO:0021782),1,19,264,0.33817486947473946,S100A9,0.5607106237706903,2.4509569377990434,Up,GO_BP
Purine Nucleotide Biosynthetic Process (GO:0006164),1,19,264,0.33817486947473946,NMNAT2,0.5607106237706903,2.4509569377990434,Up,GO_BP
Morphogenesis Of An Epithelium (GO:0002009),1,19,264,0.33817486947473946,SOX8,0.5607106237706903,2.4509569377990434,Up,GO_BP
Positive Regulation Of Vacuole Organization (GO:0044090),1,19,264,0.33817486947473946,SNX7,0.5607106237706903,2.4509569377990434,Up,GO_BP
Response To Amyloid-Beta (GO:1904645),1,19,264,0.33817486947473946,CASP4,0.5607106237706903,2.4509569377990434,Up,GO_BP
Negative Regulation Of Protein Tyrosine Kinase Activity (GO:0061099),1,19,264,0.33817486947473946,MVP,0.5607106237706903,2.4509569377990434,Up,GO_BP
Regulation Of Endoplasmic Reticulum Stress-Induced Intrinsic Apoptotic Signaling Pathway (GO:1902235),1,19,264,0.33817486947473946,CREB3L1,0.5607106237706903,2.4509569377990434,Up,GO_BP
Antigen Processing And Presentation Of Endogenous Peptide Antigen (GO:0002483),1,19,264,0.33817486947473946,HLA-A,0.5607106237706903,2.4509569377990434,Up,GO_BP
Negative Regulation Of Smoothened Signaling Pathway (GO:0045879),1,19,264,0.33817486947473946,PTCH1,0.5607106237706903,2.4509569377990434,Up,GO_BP
Negative Regulation Of DNA Binding (GO:0043392),1,19,264,0.33817486947473946,SP100,0.5607106237706903,2.4509569377990434,Up,GO_BP
Monoatomic Ion Transport (GO:0006811),2,56,264,0.339226982081779,SLC1A1;SLC4A2,0.561136309164584,1.6631493506493507,Up,GO_BP
Positive Regulation Of Organelle Assembly (GO:1902117),2,56,264,0.339226982081779,KCTD17;SNX7,0.561136309164584,1.6631493506493507,Up,GO_BP
Protein Autoubiquitination (GO:0051865),2,57,264,0.34707246488139015,DTX3L;STUB1,0.5644141379884831,1.6339712918660287,Up,GO_BP
Endocytic Recycling (GO:0032456),2,57,264,0.34707246488139015,MICALL2;SNX7,0.5644141379884831,1.6339712918660287,Up,GO_BP
Positive Regulation Of T Cell Activation (GO:0050870),2,57,264,0.34707246488139015,B2M;HLA-A,0.5644141379884831,1.6339712918660287,Up,GO_BP
Positive Regulation Of Protein Transport (GO:0051222),2,57,264,0.34707246488139015,ADAM8;PRR5L,0.5644141379884831,1.6339712918660287,Up,GO_BP
Plasma Membrane Organization (GO:0007009),2,57,264,0.34707246488139015,BIN1;COL5A1,0.5644141379884831,1.6339712918660287,Up,GO_BP
Response To Endoplasmic Reticulum Stress (GO:0034976),3,98,264,0.351954797126572,BBC3;CASP4;CREB3L1,0.5644141379884831,1.425556586270872,Up,GO_BP
Regulation Of Blood Coagulation (GO:0030193),1,20,264,0.3524088274754455,F2R,0.5644141379884831,2.328409090909091,Up,GO_BP
Regulation Of Neuron Migration (GO:2001222),1,20,264,0.3524088274754455,KIF26A,0.5644141379884831,2.328409090909091,Up,GO_BP
Cellular Response To Osmotic Stress (GO:0071470),1,20,264,0.3524088274754455,SERPINB6,0.5644141379884831,2.328409090909091,Up,GO_BP
Negative Regulation Of Protein Localization To Membrane (GO:1905476),1,20,264,0.3524088274754455,PID1,0.5644141379884831,2.328409090909091,Up,GO_BP
Axoneme Assembly (GO:0035082),1,20,264,0.3524088274754455,TTLL3,0.5644141379884831,2.328409090909091,Up,GO_BP
Regulation Of Activated T Cell Proliferation (GO:0046006),1,20,264,0.3524088274754455,IL18,0.5644141379884831,2.328409090909091,Up,GO_BP
Regulation Of Osteoclast Differentiation (GO:0045670),1,20,264,0.3524088274754455,TMEM178A,0.5644141379884831,2.328409090909091,Up,GO_BP
Bile Acid Metabolic Process (GO:0008206),1,20,264,0.3524088274754455,OSBPL6,0.5644141379884831,2.328409090909091,Up,GO_BP
Regulation Of Anoikis (GO:2000209),1,20,264,0.3524088274754455,ITGA5,0.5644141379884831,2.328409090909091,Up,GO_BP
Regulation Of Vasculature Development (GO:1901342),1,20,264,0.3524088274754455,SP100,0.5644141379884831,2.328409090909091,Up,GO_BP
Negative Regulation Of Protein Polymerization (GO:0032272),1,20,264,0.3524088274754455,MYADM,0.5644141379884831,2.328409090909091,Up,GO_BP
Neutrophil Migration (GO:1990266),1,20,264,0.3524088274754455,S100A9,0.5644141379884831,2.328409090909091,Up,GO_BP
Stress-Activated Protein Kinase Signaling Cascade (GO:0031098),1,20,264,0.3524088274754455,MAP2K3,0.5644141379884831,2.328409090909091,Up,GO_BP
Positive Regulation Of T Cell Mediated Cytotoxicity (GO:0001916),1,20,264,0.3524088274754455,HLA-A,0.5644141379884831,2.328409090909091,Up,GO_BP
NAD Metabolic Process (GO:0019674),1,20,264,0.3524088274754455,NMNAT2,0.5644141379884831,2.328409090909091,Up,GO_BP
Negative Regulation Of Macroautophagy (GO:0016242),1,20,264,0.3524088274754455,NRBP2,0.5644141379884831,2.328409090909091,Up,GO_BP
Cyclic-Nucleotide-Mediated Signaling (GO:0019935),1,20,264,0.3524088274754455,GUCY1B1,0.5644141379884831,2.328409090909091,Up,GO_BP
Negative Regulation Of Stress Fiber Assembly (GO:0051497),1,20,264,0.3524088274754455,PHLDB2,0.5644141379884831,2.328409090909091,Up,GO_BP
Negative Regulation Of Tumor Necrosis Factor Production (GO:0032720),1,20,264,0.3524088274754455,TNFAIP3,0.5644141379884831,2.328409090909091,Up,GO_BP
Embryonic Skeletal System Development (GO:0048706),1,20,264,0.3524088274754455,WNT5A,0.5644141379884831,2.328409090909091,Up,GO_BP
Response To Nutrient Levels (GO:0031667),1,20,264,0.3524088274754455,ULK1,0.5644141379884831,2.328409090909091,Up,GO_BP
Carboxylic Acid Metabolic Process (GO:0019752),1,20,264,0.3524088274754455,TBXAS1,0.5644141379884831,2.328409090909091,Up,GO_BP
Protein Phosphorylation (GO:0006468),10,399,264,0.3542602502946874,CDK14;DCLK1;IGFBP3;MKNK2;NUAK1;NUAK2;PKD1;TNIK;ULK1;WNK2,0.566736069348984,1.1671223513328777,Up,GO_BP
Regulation Of Notch Signaling Pathway (GO:0008593),2,58,264,0.3548870705006841,EGFL7;LFNG,0.5670958736992812,1.6057993730407523,Up,GO_BP
Protein Transport (GO:0015031),7,269,264,0.35700125109462294,ABCG1;OPTN;RABL2B;RAMP1;SNX7;STEAP3;TSNARE1,0.5692760129906347,1.2118114227779655,Up,GO_BP
Regulation Of Protein Catabolic Process (GO:0042176),3,99,264,0.35783602811706516,PKD1;TNFAIP3;WNT5A,0.5692760129906347,1.4111570247933884,Up,GO_BP
Regulation Of Programmed Cell Death (GO:0043067),4,141,264,0.3590655601776993,BIK;LGALS1;STAT1;TNFRSF25,0.5692760129906347,1.321083172147002,Up,GO_BP
Phosphorylation (GO:0016310),9,357,264,0.3597069015099948,CDK14;DCLK1;IGFBP3;MKNK2;NUAK1;NUAK2;TNIK;ULK1;WNK2,0.5692760129906347,1.1739877769289533,Up,GO_BP
Negative Regulation Of Inflammatory Response (GO:0050728),2,59,264,0.3626685107800933,KLF4;TNFAIP3,0.5692760129906347,1.578582434514638,Up,GO_BP
Activation Of Protein Kinase Activity (GO:0032147),2,59,264,0.3626685107800933,IL18;WNT5A,0.5692760129906347,1.578582434514638,Up,GO_BP
Regulation Of Protein Ubiquitination (GO:0031396),3,100,264,0.3637100549519723,ISG15;STUB1;TNFAIP3,0.5692760129906347,1.3970454545454547,Up,GO_BP
Respiratory System Development (GO:0060541),1,21,264,0.36633778865733263,STRA6,0.5692760129906347,2.2175324675324677,Up,GO_BP
Platelet Dense Granule Organization (GO:0060155),1,21,264,0.36633778865733263,F2R,0.5692760129906347,2.2175324675324677,Up,GO_BP
Dendritic Spine Organization (GO:0097061),1,21,264,0.36633778865733263,SHANK3,0.5692760129906347,2.2175324675324677,Up,GO_BP
Long-Chain fatty-acyl-CoA Metabolic Process (GO:0035336),1,21,264,0.36633778865733263,DGAT1,0.5692760129906347,2.2175324675324677,Up,GO_BP
Protein Neddylation (GO:0045116),1,21,264,0.36633778865733263,UBE2F,0.5692760129906347,2.2175324675324677,Up,GO_BP
Cytoskeleton-Dependent Intracellular Transport (GO:0030705),1,21,264,0.36633778865733263,KIF1A,0.5692760129906347,2.2175324675324677,Up,GO_BP
Positive Regulation Of Erythrocyte Differentiation (GO:0045648),1,21,264,0.36633778865733263,STAT1,0.5692760129906347,2.2175324675324677,Up,GO_BP
Negative Regulation Of Tumor Necrosis Factor Superfamily Cytokine Production (GO:1903556),1,21,264,0.36633778865733263,TNFAIP3,0.5692760129906347,2.2175324675324677,Up,GO_BP
Regulation Of Cytoplasmic Translation (GO:2000765),1,21,264,0.36633778865733263,NMNAT2,0.5692760129906347,2.2175324675324677,Up,GO_BP
Positive Regulation Of Peptidyl-Threonine Phosphorylation (GO:0010800),1,21,264,0.36633778865733263,BMP7,0.5692760129906347,2.2175324675324677,Up,GO_BP
Protein K48-linked Deubiquitination (GO:0071108),1,21,264,0.36633778865733263,TNFAIP3,0.5692760129906347,2.2175324675324677,Up,GO_BP
Granulocyte Chemotaxis (GO:0071621),1,21,264,0.36633778865733263,S100A9,0.5692760129906347,2.2175324675324677,Up,GO_BP
Response To cAMP (GO:0051591),1,21,264,0.36633778865733263,STAT1,0.5692760129906347,2.2175324675324677,Up,GO_BP
Negative Regulation Of Osteoblast Differentiation (GO:0045668),1,21,264,0.36633778865733263,PTCH1,0.5692760129906347,2.2175324675324677,Up,GO_BP
Retinoid Metabolic Process (GO:0001523),1,21,264,0.36633778865733263,ALDH1A3,0.5692760129906347,2.2175324675324677,Up,GO_BP
Regulation Of Protein Export From Nucleus (GO:0046825),1,21,264,0.36633778865733263,SP100,0.5692760129906347,2.2175324675324677,Up,GO_BP
Positive Regulation Of Neuron Differentiation (GO:0045666),1,21,264,0.36633778865733263,NBL1,0.5692760129906347,2.2175324675324677,Up,GO_BP
Vesicle Transport Along Microtubule (GO:0047496),1,21,264,0.36633778865733263,KIF1A,0.5692760129906347,2.2175324675324677,Up,GO_BP
Regulation Of Protein Secretion (GO:0050708),2,60,264,0.3704146092870008,ADAM8;RSAD2,0.5734066529348688,1.5522727272727272,Up,GO_BP
Wound Healing (GO:0042060),2,60,264,0.3704146092870008,PLEC;WNT5A,0.5734066529348688,1.5522727272727272,Up,GO_BP
Positive Regulation Of Catabolic Process (GO:0009896),2,60,264,0.3704146092870008,TNFAIP3;WNT5A,0.5734066529348688,1.5522727272727272,Up,GO_BP
Regulation Of Stress Fiber Assembly (GO:0051492),2,61,264,0.37812329760419633,PHLDB2;SERPINF2,0.5734066529348688,1.5268256333830104,Up,GO_BP
Negative Regulation Of Protein Serine/Threonine Kinase Activity (GO:0071901),2,61,264,0.37812329760419633,BMP7;SPRY4,0.5734066529348688,1.5268256333830104,Up,GO_BP
Integrin-Mediated Signaling Pathway (GO:0007229),2,61,264,0.37812329760419633,ISG15;ITGA5,0.5734066529348688,1.5268256333830104,Up,GO_BP
Ventricular Septum Development (GO:0003281),1,22,264,0.3799682639929854,STRA6,0.5734066529348688,2.116735537190083,Up,GO_BP
Embryonic Organ Morphogenesis (GO:0048562),1,22,264,0.3799682639929854,ALDH1A3,0.5734066529348688,2.116735537190083,Up,GO_BP
Regulation Of Metal Ion Transport (GO:0010959),1,22,264,0.3799682639929854,B2M,0.5734066529348688,2.116735537190083,Up,GO_BP
Regulation Of Neurotransmitter Receptor Activity (GO:0099601),1,22,264,0.3799682639929854,MAPK8IP2,0.5734066529348688,2.116735537190083,Up,GO_BP
Negative Regulation Of Response To Endoplasmic Reticulum Stress (GO:1903573),1,22,264,0.3799682639929854,CREB3L1,0.5734066529348688,2.116735537190083,Up,GO_BP
Negative Regulation Of Chemotaxis (GO:0050922),1,22,264,0.3799682639929854,SEMA3B,0.5734066529348688,2.116735537190083,Up,GO_BP
Negative Regulation Of Endothelial Cell Proliferation (GO:0001937),1,22,264,0.3799682639929854,STAT1,0.5734066529348688,2.116735537190083,Up,GO_BP
Epithelial Tube Morphogenesis (GO:0060562),1,22,264,0.3799682639929854,PKD1,0.5734066529348688,2.116735537190083,Up,GO_BP
Negative Chemotaxis (GO:0050919),1,22,264,0.3799682639929854,SEMA3B,0.5734066529348688,2.116735537190083,Up,GO_BP
Negative Regulation Of Epidermal Growth Factor Receptor Signaling Pathway (GO:0042059),1,22,264,0.3799682639929854,MVP,0.5734066529348688,2.116735537190083,Up,GO_BP
Regulation Of Proteolysis Involved In Protein Catabolic Process (GO:1903050),1,22,264,0.3799682639929854,PKD1,0.5734066529348688,2.116735537190083,Up,GO_BP
Response To Transforming Growth Factor Beta (GO:0071559),1,22,264,0.3799682639929854,WNT5A,0.5734066529348688,2.116735537190083,Up,GO_BP
Skeletal Muscle Tissue Development (GO:0007519),1,22,264,0.3799682639929854,SVIL,0.5734066529348688,2.116735537190083,Up,GO_BP
Alpha-Amino Acid Catabolic Process (GO:1901606),1,22,264,0.3799682639929854,SARDH,0.5734066529348688,2.116735537190083,Up,GO_BP
Neutral Amino Acid Transport (GO:0015804),1,22,264,0.3799682639929854,SLC1A1,0.5734066529348688,2.116735537190083,Up,GO_BP
Negative Regulation Of Cell-Matrix Adhesion (GO:0001953),1,22,264,0.3799682639929854,PHLDB2,0.5734066529348688,2.116735537190083,Up,GO_BP
Organelle Membrane Fusion (GO:0090174),1,22,264,0.3799682639929854,TSNARE1,0.5734066529348688,2.116735537190083,Up,GO_BP
Alpha-Amino Acid Metabolic Process (GO:1901605),1,22,264,0.3799682639929854,NAT8L,0.5734066529348688,2.116735537190083,Up,GO_BP
Positive Regulation Of Fibroblast Proliferation (GO:0048146),1,22,264,0.3799682639929854,WNT5A,0.5734066529348688,2.116735537190083,Up,GO_BP
Negative Regulation Of Axon Extension (GO:0030517),1,22,264,0.3799682639929854,SEMA3B,0.5734066529348688,2.116735537190083,Up,GO_BP
Negative Regulation Of Peptidyl-Tyrosine Phosphorylation (GO:0050732),1,22,264,0.3799682639929854,MVP,0.5734066529348688,2.116735537190083,Up,GO_BP
Protein Localization To Plasma Membrane (GO:0072659),3,103,264,0.3812769462460951,PTCH1;RAMP1;TNIK,0.5747668495226925,1.3563548102383054,Up,GO_BP
Positive Regulation Of Cold-Induced Thermogenesis (GO:0120162),2,62,264,0.38579261172522694,IL18;IL4R,0.5788494176740245,1.502199413489736,Up,GO_BP
Calcium Ion Transport (GO:0006816),2,62,264,0.38579261172522694,PKD1;RAMP1,0.5788494176740245,1.502199413489736,Up,GO_BP
Cellular Response To Starvation (GO:0009267),3,104,264,0.3871103384560676,MFSD2A;NUAK1;NUAK2,0.5788494176740245,1.3433129370629369,Up,GO_BP
Organophosphate Ester Transport (GO:0015748),1,23,264,0.3933066259800983,OSBPL5,0.5788494176740245,2.024703557312253,Up,GO_BP
Platelet Aggregation (GO:0070527),1,23,264,0.3933066259800983,MYL12A,0.5788494176740245,2.024703557312253,Up,GO_BP
Secretory Granule Organization (GO:0033363),1,23,264,0.3933066259800983,F2R,0.5788494176740245,2.024703557312253,Up,GO_BP
Regulation Of Sodium Ion Transmembrane Transporter Activity (GO:2000649),1,23,264,0.3933066259800983,WNK2,0.5788494176740245,2.024703557312253,Up,GO_BP
Protein Depolymerization (GO:0051261),1,23,264,0.3933066259800983,MICAL1,0.5788494176740245,2.024703557312253,Up,GO_BP
Lipid Droplet Organization (GO:0034389),1,23,264,0.3933066259800983,PLA2G4C,0.5788494176740245,2.024703557312253,Up,GO_BP
Branching Morphogenesis Of An Epithelial Tube (GO:0048754),1,23,264,0.3933066259800983,PKD1,0.5788494176740245,2.024703557312253,Up,GO_BP
Regulation Of Cell Adhesion Mediated By Integrin (GO:0033628),1,23,264,0.3933066259800983,LIF,0.5788494176740245,2.024703557312253,Up,GO_BP
Regulation Of Regulated Secretory Pathway (GO:1903305),1,23,264,0.3933066259800983,DOC2B,0.5788494176740245,2.024703557312253,Up,GO_BP
Regulation Of Cholesterol Efflux (GO:0010874),1,23,264,0.3933066259800983,PTCH1,0.5788494176740245,2.024703557312253,Up,GO_BP
Regulation Of SMAD Protein Signal Transduction (GO:0060390),1,23,264,0.3933066259800983,BMP7,0.5788494176740245,2.024703557312253,Up,GO_BP
Establishment Of Endothelial Barrier (GO:0061028),1,23,264,0.3933066259800983,MYADM,0.5788494176740245,2.024703557312253,Up,GO_BP
Negative Regulation Of Blood Vessel Endothelial Cell Migration (GO:0043537),1,23,264,0.3933066259800983,KLF4,0.5788494176740245,2.024703557312253,Up,GO_BP
Regulation Of Endothelial Cell Apoptotic Process (GO:2000351),1,23,264,0.3933066259800983,TNFAIP3,0.5788494176740245,2.024703557312253,Up,GO_BP
Negative Regulation Of Insulin Receptor Signaling Pathway (GO:0046627),1,23,264,0.3933066259800983,PID1,0.5788494176740245,2.024703557312253,Up,GO_BP
Signal Release From Synapse (GO:0099643),1,23,264,0.3933066259800983,PTPRN2,0.5788494176740245,2.024703557312253,Up,GO_BP
Positive Regulation Of Nitrogen Compound Metabolic Process (GO:0051173),1,23,264,0.3933066259800983,KLF4,0.5788494176740245,2.024703557312253,Up,GO_BP
Response To Tumor Necrosis Factor (GO:0034612),2,63,264,0.39342068855378426,CASP8;PID1,0.5788494176740245,1.4783549783549783,Up,GO_BP
Cellular Response To Nutrient Levels (GO:0031669),2,63,264,0.39342068855378426,MFSD2A;ULK1,0.5788494176740245,1.4783549783549783,Up,GO_BP
Positive Regulation Of Endothelial Cell Migration (GO:0010595),2,63,264,0.39342068855378426,MAP2K3;WNT5A,0.5788494176740245,1.4783549783549783,Up,GO_BP
Modulation Of Chemical Synaptic Transmission (GO:0050804),2,64,264,0.4010057625043531,BAIAP3;MAPK8IP2,0.58036801292437,1.4552556818181817,Up,GO_BP
Positive Regulation Of Protein Localization To Nucleus (GO:1900182),2,64,264,0.4010057625043531,DTX3L;LIF,0.58036801292437,1.4552556818181817,Up,GO_BP
Regulation Of Cytokinesis (GO:0032465),2,64,264,0.4010057625043531,CDC14B;SVIL,0.58036801292437,1.4552556818181817,Up,GO_BP
Cell Junction Assembly (GO:0034329),2,64,264,0.4010057625043531,DNER;SHANK3,0.58036801292437,1.4552556818181817,Up,GO_BP
Enzyme-Linked Receptor Protein Signaling Pathway (GO:0007167),2,64,264,0.4010057625043531,BDKRB2;LIF,0.58036801292437,1.4552556818181817,Up,GO_BP
Regulation Of Interleukin-10 Production (GO:0032653),1,24,264,0.4063591115755067,ISG15,0.58036801292437,1.9403409090909092,Up,GO_BP
Negative Regulation Of Endocytosis (GO:0045806),1,24,264,0.4063591115755067,PIP4P2,0.58036801292437,1.9403409090909092,Up,GO_BP
Regulation Of Interleukin-12 Production (GO:0032655),1,24,264,0.4063591115755067,IRF5,0.58036801292437,1.9403409090909092,Up,GO_BP
Regulation Of Protein Localization To Cell Surface (GO:2000008),1,24,264,0.4063591115755067,RAB11FIP5,0.58036801292437,1.9403409090909092,Up,GO_BP
Positive Regulation Of Peptide Hormone Secretion (GO:0090277),1,24,264,0.4063591115755067,DOC2B,0.58036801292437,1.9403409090909092,Up,GO_BP
Cellular Response To Retinoic Acid (GO:0071300),1,24,264,0.4063591115755067,WNT5A,0.58036801292437,1.9403409090909092,Up,GO_BP
Positive Regulation Of Neuron Death (GO:1901216),1,24,264,0.4063591115755067,WNT5A,0.58036801292437,1.9403409090909092,Up,GO_BP
Negative Regulation Of Epithelial Cell Apoptotic Process (GO:1904036),1,24,264,0.4063591115755067,TNFAIP3,0.58036801292437,1.9403409090909092,Up,GO_BP
Regulation Of T Cell Activation (GO:0050863),1,24,264,0.4063591115755067,B2M,0.58036801292437,1.9403409090909092,Up,GO_BP
Cellular Response To Vascular Endothelial Growth Factor Stimulus (GO:0035924),1,24,264,0.4063591115755067,MAP2K3,0.58036801292437,1.9403409090909092,Up,GO_BP
Negative Regulation Of Cellular Response To Insulin Stimulus (GO:1900077),1,24,264,0.4063591115755067,PID1,0.58036801292437,1.9403409090909092,Up,GO_BP
Regulation Of Establishment Of Planar Polarity (GO:0090175),1,24,264,0.4063591115755067,WNT5A,0.58036801292437,1.9403409090909092,Up,GO_BP
Organic Hydroxy Compound Transport (GO:0015850),1,24,264,0.4063591115755067,STRA6,0.58036801292437,1.9403409090909092,Up,GO_BP
Cell-Substrate Junction Assembly (GO:0007044),1,24,264,0.4063591115755067,PLEC,0.58036801292437,1.9403409090909092,Up,GO_BP
Phospholipid Translocation (GO:0045332),1,24,264,0.4063591115755067,MFSD2A,0.58036801292437,1.9403409090909092,Up,GO_BP
Actin Filament Bundle Organization (GO:0061572),1,24,264,0.4063591115755067,MICAL1,0.58036801292437,1.9403409090909092,Up,GO_BP
"Wnt Signaling Pathway, Planar Cell Polarity Pathway (GO:0060071)",1,24,264,0.4063591115755067,WNT5A,0.58036801292437,1.9403409090909092,Up,GO_BP
Smoothened Signaling Pathway (GO:0007224),1,24,264,0.4063591115755067,PTCH1,0.58036801292437,1.9403409090909092,Up,GO_BP
Presynaptic Endocytosis (GO:0140238),1,24,264,0.4063591115755067,SNCG,0.58036801292437,1.9403409090909092,Up,GO_BP
Extrinsic Apoptotic Signaling Pathway Via Death Domain Receptors (GO:0008625),1,24,264,0.4063591115755067,CASP8,0.58036801292437,1.9403409090909092,Up,GO_BP
Protein Export From Nucleus (GO:0006611),1,24,264,0.4063591115755067,PKD1,0.58036801292437,1.9403409090909092,Up,GO_BP
Protein Localization To Golgi Apparatus (GO:0034067),1,24,264,0.4063591115755067,OPTN,0.58036801292437,1.9403409090909092,Up,GO_BP
Positive Regulation Of Monoatomic Ion Transport (GO:0043270),1,24,264,0.4063591115755067,F2R,0.58036801292437,1.9403409090909092,Up,GO_BP
Positive Regulation Of Metabolic Process (GO:0009893),2,65,264,0.4085461622014108,IL18;IL4R,0.58036801292437,1.432867132867133,Up,GO_BP
Hemopoiesis (GO:0030097),2,65,264,0.4085461622014108,MKNK2;WNT5A,0.58036801292437,1.432867132867133,Up,GO_BP
Positive Regulation Of Supramolecular Fiber Organization (GO:1902905),2,66,264,0.4160403072745397,BIN1;CDC42EP3,0.58036801292437,1.4111570247933884,Up,GO_BP
Antigen Receptor-Mediated Signaling Pathway (GO:0050851),2,66,264,0.4160403072745397,HLA-A;RFTN1,0.58036801292437,1.4111570247933884,Up,GO_BP
Positive Regulation Of Plasma Membrane Bounded Cell Projection Assembly (GO:0120034),2,66,264,0.4160403072745397,CDC42EP3;KCTD17,0.58036801292437,1.4111570247933884,Up,GO_BP
Regulation Of Protein Localization To Plasma Membrane (GO:1903076),2,66,264,0.4160403072745397,ARHGEF16;PID1,0.58036801292437,1.4111570247933884,Up,GO_BP
Cellular Response To Transforming Growth Factor Beta Stimulus (GO:0071560),2,66,264,0.4160403072745397,ID1;WNT5A,0.58036801292437,1.4111570247933884,Up,GO_BP
Positive Regulation Of Protein Localization To Membrane (GO:1905477),2,66,264,0.4160403072745397,ARHGEF16;BBC3,0.58036801292437,1.4111570247933884,Up,GO_BP
Regulation Of Tumor Necrosis Factor Production (GO:0032680),2,66,264,0.4160403072745397,TNFAIP3;WNT5A,0.58036801292437,1.4111570247933884,Up,GO_BP
Regulation Of Epithelial Cell Proliferation (GO:0050678),2,66,264,0.4160403072745397,B2M;LAMB1,0.58036801292437,1.4111570247933884,Up,GO_BP
Positive Regulation Of Cell Migration (GO:0030335),5,197,264,0.4168798696489069,F2R;FAM83H;LAMB1;MYADM;SEMA3B,0.58036801292437,1.1819335486848177,Up,GO_BP
Integrated Stress Response Signaling (GO:0140467),1,25,264,0.41913182506728064,JUNB,0.58036801292437,1.8627272727272728,Up,GO_BP
Actin Filament Polymerization (GO:0030041),1,25,264,0.41913182506728064,MICALL2,0.58036801292437,1.8627272727272728,Up,GO_BP
Inositol Lipid-Mediated Signaling (GO:0048017),1,25,264,0.41913182506728064,PLCH2,0.58036801292437,1.8627272727272728,Up,GO_BP
Cell Surface Receptor Signaling Pathway Involved In Cell-Cell Signaling (GO:1905114),1,25,264,0.41913182506728064,WNT5A,0.58036801292437,1.8627272727272728,Up,GO_BP
Regulation Of Developmental Growth (GO:0048638),1,25,264,0.41913182506728064,MFSD2A,0.58036801292437,1.8627272727272728,Up,GO_BP
Regulation Of Synapse Assembly (GO:0051963),1,25,264,0.41913182506728064,MDGA1,0.58036801292437,1.8627272727272728,Up,GO_BP
Regulation Of Nitric Oxide Biosynthetic Process (GO:0045428),1,25,264,0.41913182506728064,KLF4,0.58036801292437,1.8627272727272728,Up,GO_BP
Cilium Movement (GO:0003341),1,25,264,0.41913182506728064,TTLL3,0.58036801292437,1.8627272727272728,Up,GO_BP
Actin Filament Bundle Assembly (GO:0051017),1,25,264,0.41913182506728064,MICAL1,0.58036801292437,1.8627272727272728,Up,GO_BP
Positive Regulation Of Ubiquitin-Protein Transferase Activity (GO:0051443),1,25,264,0.41913182506728064,CDC14B,0.58036801292437,1.8627272727272728,Up,GO_BP
Positive Regulation Of Mitotic Nuclear Division (GO:0045840),1,25,264,0.41913182506728064,BTC,0.58036801292437,1.8627272727272728,Up,GO_BP
Positive Regulation Of Leukocyte Mediated Cytotoxicity (GO:0001912),1,25,264,0.41913182506728064,HLA-A,0.58036801292437,1.8627272727272728,Up,GO_BP
Regulation Of Cytokine Production Involved In Inflammatory Response (GO:1900015),1,25,264,0.41913182506728064,TICAM1,0.58036801292437,1.8627272727272728,Up,GO_BP
Odontogenesis (GO:0042476),1,25,264,0.41913182506728064,LAMB1,0.58036801292437,1.8627272727272728,Up,GO_BP
Negative Regulation Of Fat Cell Differentiation (GO:0045599),1,25,264,0.41913182506728064,WNT5A,0.58036801292437,1.8627272727272728,Up,GO_BP
Regulation Of Cell Morphogenesis (GO:0022604),1,25,264,0.41913182506728064,MFSD2A,0.58036801292437,1.8627272727272728,Up,GO_BP
Negative Regulation Of Cell Cycle G1/S Phase Transition (GO:1902807),1,25,264,0.41913182506728064,KLF4,0.58036801292437,1.8627272727272728,Up,GO_BP
Neuron Projection Extension (GO:1990138),1,25,264,0.41913182506728064,ULK1,0.58036801292437,1.8627272727272728,Up,GO_BP
Positive Regulation Of Viral Genome Replication (GO:0045070),1,25,264,0.41913182506728064,IFIT1,0.58036801292437,1.8627272727272728,Up,GO_BP
Positive Regulation Of JUN Kinase Activity (GO:0043507),1,25,264,0.41913182506728064,WNT5A,0.58036801292437,1.8627272727272728,Up,GO_BP
Aortic Valve Morphogenesis (GO:0003180),1,25,264,0.41913182506728064,NFATC1,0.58036801292437,1.8627272727272728,Up,GO_BP
Regulation Of Neuron Apoptotic Process (GO:0043523),2,67,264,0.42348670524687826,F2R;NRBP2,0.5846768503946627,1.3900949796472186,Up,GO_BP
Exocytosis (GO:0006887),2,67,264,0.42348670524687826,DOC2B;RAB11FIP5,0.5846768503946627,1.3900949796472186,Up,GO_BP
Positive Regulation Of Vasculature Development (GO:1904018),2,67,264,0.42348670524687826,ECM1;WNT5A,0.5846768503946627,1.3900949796472186,Up,GO_BP
Vesicle Fusion (GO:0006906),2,68,264,0.43088394851440454,SAMD9;TSNARE1,0.5901462939829638,1.3696524064171123,Up,GO_BP
Regulation Of Peptidyl-Serine Phosphorylation (GO:0033135),2,68,264,0.43088394851440454,LIF;RASSF2,0.5901462939829638,1.3696524064171123,Up,GO_BP
Positive Regulation Of Ras Protein Signal Transduction (GO:0046579),1,26,264,0.43163074088619324,F2R,0.5901462939829638,1.791083916083916,Up,GO_BP
Synaptic Vesicle Exocytosis (GO:0016079),1,26,264,0.43163074088619324,DOC2B,0.5901462939829638,1.791083916083916,Up,GO_BP
Positive Regulation Of Substrate Adhesion-Dependent Cell Spreading (GO:1900026),1,26,264,0.43163074088619324,MYADM,0.5901462939829638,1.791083916083916,Up,GO_BP
Regulation Of Interleukin-2 Production (GO:0032663),1,26,264,0.43163074088619324,TNFAIP3,0.5901462939829638,1.791083916083916,Up,GO_BP
Regulation Of Receptor Internalization (GO:0002090),1,26,264,0.43163074088619324,CD63,0.5901462939829638,1.791083916083916,Up,GO_BP
Positive Regulation Of Response To Biotic Stimulus (GO:0002833),1,26,264,0.43163074088619324,ADAM8,0.5901462939829638,1.791083916083916,Up,GO_BP
Golgi To Plasma Membrane Protein Transport (GO:0043001),1,26,264,0.43163074088619324,OPTN,0.5901462939829638,1.791083916083916,Up,GO_BP
Phospholipid Dephosphorylation (GO:0046839),1,26,264,0.43163074088619324,PIP4P2,0.5901462939829638,1.791083916083916,Up,GO_BP
Regulation Of Phosphorylation (GO:0042325),2,69,264,0.4382307114136122,BMP7;NLRC5,0.5958980662901032,1.349802371541502,Up,GO_BP
Regulation Of MAP Kinase Activity (GO:0043405),2,69,264,0.4382307114136122,BMP7;SPRY4,0.5958980662901032,1.349802371541502,Up,GO_BP
Negative Regulation Of Defense Response (GO:0031348),2,69,264,0.4382307114136122,KLF4;TNFAIP3,0.5958980662901032,1.349802371541502,Up,GO_BP
Positive Regulation Of Protein Modification Process (GO:0031401),4,158,264,0.44154529547592386,KNDC1;MOB3A;RAMP1;TNIK,0.5958980662901032,1.1789413118527043,Up,GO_BP
Bicellular Tight Junction Assembly (GO:0070830),1,27,264,0.4438617063578303,MICALL2,0.5958980662901032,1.7247474747474747,Up,GO_BP
Keratinocyte Differentiation (GO:0030216),1,27,264,0.4438617063578303,WNT5A,0.5958980662901032,1.7247474747474747,Up,GO_BP
Embryonic Limb Morphogenesis (GO:0030326),1,27,264,0.4438617063578303,PTCH1,0.5958980662901032,1.7247474747474747,Up,GO_BP
TOR Signaling (GO:0031929),1,27,264,0.4438617063578303,PRR5L,0.5958980662901032,1.7247474747474747,Up,GO_BP
JNK Cascade (GO:0007254),1,27,264,0.4438617063578303,MAPK8IP2,0.5958980662901032,1.7247474747474747,Up,GO_BP
Positive Regulation Of Wound Healing (GO:0090303),1,27,264,0.4438617063578303,F2R,0.5958980662901032,1.7247474747474747,Up,GO_BP
Regulation Of Glucose Import (GO:0046324),1,27,264,0.4438617063578303,PID1,0.5958980662901032,1.7247474747474747,Up,GO_BP
Negative Regulation Of Mitotic Cell Cycle (GO:0045930),1,27,264,0.4438617063578303,BMP7,0.5958980662901032,1.7247474747474747,Up,GO_BP
Regulation Of Receptor-Mediated Endocytosis (GO:0048259),1,27,264,0.4438617063578303,B2M,0.5958980662901032,1.7247474747474747,Up,GO_BP
Regulation Of DNA Biosynthetic Process (GO:2000278),1,27,264,0.4438617063578303,PARP4,0.5958980662901032,1.7247474747474747,Up,GO_BP
Negative Regulation Of Mitochondrion Organization (GO:0010823),1,27,264,0.4438617063578303,SLC35F6,0.5958980662901032,1.7247474747474747,Up,GO_BP
Protein Quality Control For Misfolded Or Incompletely Synthesized Proteins (GO:0006515),1,27,264,0.4438617063578303,STUB1,0.5958980662901032,1.7247474747474747,Up,GO_BP
Positive Regulation Of G1/S Transition Of Mitotic Cell Cycle (GO:1900087),1,27,264,0.4438617063578303,UBE2E2,0.5958980662901032,1.7247474747474747,Up,GO_BP
Positive Regulation Of Myeloid Cell Differentiation (GO:0045639),1,27,264,0.4438617063578303,STAT1,0.5958980662901032,1.7247474747474747,Up,GO_BP
Positive Regulation Of Cell Death (GO:0010942),1,27,264,0.4438617063578303,WNT5A,0.5958980662901032,1.7247474747474747,Up,GO_BP
Positive Regulation Of Kinase Activity (GO:0033674),2,70,264,0.4455257473751932,MAP2K3;RASSF2,0.5964296295506619,1.3305194805194807,Up,GO_BP
Response To Calcium Ion (GO:0051592),2,70,264,0.4455257473751932,KCNMA1;WNT5A,0.5964296295506619,1.3305194805194807,Up,GO_BP
Macromolecule Modification (GO:0043412),2,70,264,0.4455257473751932,PARP4;PLAT,0.5964296295506619,1.3305194805194807,Up,GO_BP
Supramolecular Fiber Organization (GO:0097435),5,205,264,0.45068111095236246,B2M;COL5A1;CST3;MARCKS;SERPINF2,0.6027592867808373,1.1358093126385809,Up,GO_BP
Positive Regulation Of Intracellular Protein Transport (GO:0090316),3,116,264,0.45581475900306606,BBC3;MICALL2;PRR5L,0.6050580969365907,1.2043495297805642,Up,GO_BP
Regulation Of Axon Extension (GO:0030516),1,28,264,0.45583044439659526,L1CAM,0.6050580969365907,1.6631493506493507,Up,GO_BP
Positive Regulation Of Protein Targeting To Mitochondrion (GO:1903955),1,28,264,0.45583044439659526,MICALL2,0.6050580969365907,1.6631493506493507,Up,GO_BP
Regulation Of Protein Tyrosine Kinase Activity (GO:0061097),1,28,264,0.45583044439659526,MVP,0.6050580969365907,1.6631493506493507,Up,GO_BP
Positive Regulation Of T Cell Mediated Immunity (GO:0002711),1,28,264,0.45583044439659526,HLA-A,0.6050580969365907,1.6631493506493507,Up,GO_BP
Amino Acid Catabolic Process (GO:0009063),1,28,264,0.45583044439659526,SARDH,0.6050580969365907,1.6631493506493507,Up,GO_BP
Cellular Response To Hydrogen Peroxide (GO:0070301),1,28,264,0.45583044439659526,TNFAIP3,0.6050580969365907,1.6631493506493507,Up,GO_BP
Aortic Valve Development (GO:0003176),1,28,264,0.45583044439659526,NFATC1,0.6050580969365907,1.6631493506493507,Up,GO_BP
Positive Regulation Of Cellular Component Biogenesis (GO:0044089),2,72,264,0.4599560311849176,BIK;BMP7,0.6099604887236079,1.293560606060606,Up,GO_BP
Endosomal Transport (GO:0016197),4,162,264,0.4605655687982267,BAIAP3;DCLK1;MICALL2;SNX7,0.6101953216660073,1.1498316498316499,Up,GO_BP
Regulation Of Wnt Signaling Pathway (GO:0030111),2,73,264,0.46708915690676306,CDK14;TNFAIP3,0.6131064560571851,1.2758405977584062,Up,GO_BP
Positive Regulation Of Ubiquitin-Dependent Protein Catabolic Process (GO:2000060),2,73,264,0.46708915690676306,RNF144A;STUB1,0.6131064560571851,1.2758405977584062,Up,GO_BP
L-alpha-amino Acid Transmembrane Transport (GO:1902475),1,29,264,0.4675425561428286,SLC1A1,0.6131064560571851,1.6057993730407523,Up,GO_BP
Negative Regulation Of Cell-Substrate Adhesion (GO:0010812),1,29,264,0.4675425561428286,SPRY4,0.6131064560571851,1.6057993730407523,Up,GO_BP
Negative Regulation Of Mitotic Cell Cycle Phase Transition (GO:1901991),1,29,264,0.4675425561428286,KLF4,0.6131064560571851,1.6057993730407523,Up,GO_BP
Negative Regulation Of Immune System Process (GO:0002683),1,29,264,0.4675425561428286,TNFAIP3,0.6131064560571851,1.6057993730407523,Up,GO_BP
Positive Regulation Of Myoblast Differentiation (GO:0045663),1,29,264,0.4675425561428286,IGFBP3,0.6131064560571851,1.6057993730407523,Up,GO_BP
Negative Regulation Of Ras Protein Signal Transduction (GO:0046580),1,29,264,0.4675425561428286,SPRY4,0.6131064560571851,1.6057993730407523,Up,GO_BP
Negative Regulation Of Cell Cycle Process (GO:0010948),1,29,264,0.4675425561428286,BMP7,0.6131064560571851,1.6057993730407523,Up,GO_BP
T Cell Differentiation (GO:0030217),1,29,264,0.4675425561428286,LFNG,0.6131064560571851,1.6057993730407523,Up,GO_BP
Mitotic G2 DNA Damage Checkpoint Signaling (GO:0007095),1,29,264,0.4675425561428286,CDC14B,0.6131064560571851,1.6057993730407523,Up,GO_BP
Intracellular Calcium Ion Homeostasis (GO:0006874),2,74,264,0.47416630631153445,KCTD17;TMEM178A,0.6206372559420763,1.2585995085995088,Up,GO_BP
Vesicle-Mediated Transport (GO:0016192),8,349,264,0.47633105476416066,BIN1;DCLK1;DNER;DOC2B;DTX3L;KIF1A;RAB36;TSNARE1,0.6206372559420763,1.0674654858035948,Up,GO_BP
Regulation Of Ubiquitin-Protein Transferase Activity (GO:0051438),1,30,264,0.4790035235442389,DTX3L,0.6206372559420763,1.5522727272727272,Up,GO_BP
Positive Regulation Of Telomerase Activity (GO:0051973),1,30,264,0.4790035235442389,KLF4,0.6206372559420763,1.5522727272727272,Up,GO_BP
Response To Organonitrogen Compound (GO:0010243),1,30,264,0.4790035235442389,IRF5,0.6206372559420763,1.5522727272727272,Up,GO_BP
Positive Regulation Of T Cell Proliferation (GO:0042102),1,30,264,0.4790035235442389,IL18,0.6206372559420763,1.5522727272727272,Up,GO_BP
Negative Regulation Of Cold-Induced Thermogenesis (GO:0120163),1,30,264,0.4790035235442389,ID1,0.6206372559420763,1.5522727272727272,Up,GO_BP
Regulation Of Erythrocyte Differentiation (GO:0045646),1,30,264,0.4790035235442389,STAT1,0.6206372559420763,1.5522727272727272,Up,GO_BP
Homotypic Cell-Cell Adhesion (GO:0034109),1,30,264,0.4790035235442389,MYL12A,0.6206372559420763,1.5522727272727272,Up,GO_BP
Positive Regulation Of Lipid Biosynthetic Process (GO:0046889),1,30,264,0.4790035235442389,MFSD2A,0.6206372559420763,1.5522727272727272,Up,GO_BP
Inorganic Anion Transport (GO:0015698),1,30,264,0.4790035235442389,TTYH3,0.6206372559420763,1.5522727272727272,Up,GO_BP
Regulation Of Phagocytosis (GO:0050764),1,30,264,0.4790035235442389,PIP4P2,0.6206372559420763,1.5522727272727272,Up,GO_BP
Organic Hydroxy Compound Biosynthetic Process (GO:1901617),1,30,264,0.4790035235442389,OSBPL6,0.6206372559420763,1.5522727272727272,Up,GO_BP
Positive Regulation Of Proteasomal Ubiquitin-Dependent Protein Catabolic Process (GO:0032436),2,75,264,0.48118658845745155,RNF144A;STUB1,0.6228938314802424,1.2418181818181817,Up,GO_BP
Membrane Assembly (GO:0071709),1,31,264,0.49021871188281646,RFTN1,0.6288169113333218,1.502199413489736,Up,GO_BP
Regulation Of Cell-Substrate Adhesion (GO:0010810),1,31,264,0.49021871188281646,MYADM,0.6288169113333218,1.502199413489736,Up,GO_BP
Negative Regulation Of Metabolic Process (GO:0009892),1,31,264,0.49021871188281646,ID1,0.6288169113333218,1.502199413489736,Up,GO_BP
Protein K63-linked Deubiquitination (GO:0070536),1,31,264,0.49021871188281646,TNFAIP3,0.6288169113333218,1.502199413489736,Up,GO_BP
Regulation Of Phosphoprotein Phosphatase Activity (GO:0043666),1,31,264,0.49021871188281646,NUAK1,0.6288169113333218,1.502199413489736,Up,GO_BP
DNA Damage Checkpoint Signaling (GO:0000077),1,31,264,0.49021871188281646,DTX3L,0.6288169113333218,1.502199413489736,Up,GO_BP
Regulation Of Transport (GO:0051049),1,31,264,0.49021871188281646,PTPRN2,0.6288169113333218,1.502199413489736,Up,GO_BP
Synaptic Vesicle Endocytosis (GO:0048488),1,31,264,0.49021871188281646,SNCG,0.6288169113333218,1.502199413489736,Up,GO_BP
Non-Canonical Wnt Signaling Pathway (GO:0035567),1,31,264,0.49021871188281646,WNT5A,0.6288169113333218,1.502199413489736,Up,GO_BP
Steroid Biosynthetic Process (GO:0006694),1,31,264,0.49021871188281646,OSBPL6,0.6288169113333218,1.502199413489736,Up,GO_BP
Regulation Of Receptor Signaling Pathway Via JAK-STAT (GO:0046425),1,32,264,0.5011933722483825,F2R,0.6351376232743109,1.4552556818181817,Up,GO_BP
Mitochondrion Disassembly (GO:0061726),1,32,264,0.5011933722483825,SNX7,0.6351376232743109,1.4552556818181817,Up,GO_BP
Regulation Of Calcium Ion Transport (GO:0051924),1,32,264,0.5011933722483825,F2R,0.6351376232743109,1.4552556818181817,Up,GO_BP
Intrinsic Apoptotic Signaling Pathway By P53 Class Mediator (GO:0072332),1,32,264,0.5011933722483825,DDIT4,0.6351376232743109,1.4552556818181817,Up,GO_BP
Tight Junction Assembly (GO:0120192),1,32,264,0.5011933722483825,MICALL2,0.6351376232743109,1.4552556818181817,Up,GO_BP
Positive Regulation Of Lymphocyte Proliferation (GO:0050671),1,32,264,0.5011933722483825,IL18,0.6351376232743109,1.4552556818181817,Up,GO_BP
Cartilage Development (GO:0051216),1,32,264,0.5011933722483825,PKD1,0.6351376232743109,1.4552556818181817,Up,GO_BP
Regulation Of Peptidyl-Threonine Phosphorylation (GO:0010799),1,32,264,0.5011933722483825,BMP7,0.6351376232743109,1.4552556818181817,Up,GO_BP
SMAD Protein Signal Transduction (GO:0060395),1,32,264,0.5011933722483825,BMP7,0.6351376232743109,1.4552556818181817,Up,GO_BP
Cellular Response To Heat (GO:0034605),1,32,264,0.5011933722483825,STUB1,0.6351376232743109,1.4552556818181817,Up,GO_BP
Positive Regulation Of Pathway-Restricted SMAD Protein Phosphorylation (GO:0010862),1,32,264,0.5011933722483825,BMP7,0.6351376232743109,1.4552556818181817,Up,GO_BP
Protein Complex Oligomerization (GO:0051259),2,78,264,0.5018982636079777,NACC2;ZNF746,0.6351376232743109,1.194055944055944,Up,GO_BP
Cellular Response To Chemical Stress (GO:0062197),2,78,264,0.5018982636079777,PRR5L;SERPINB6,0.6351376232743109,1.194055944055944,Up,GO_BP
Regulation Of Mitotic Cell Cycle Phase Transition (GO:1901990),2,78,264,0.5018982636079777,CDC14B;PKD1,0.6351376232743109,1.194055944055944,Up,GO_BP
Protein Processing (GO:0016485),2,78,264,0.5018982636079777,CASP4;PTCH1,0.6351376232743109,1.194055944055944,Up,GO_BP
Regulation Of Cell Motility (GO:2000145),2,79,264,0.5086834070574624,PLXNA3;TMSB10,0.6409378532629959,1.1789413118527043,Up,GO_BP
Regulation Of Cation Channel Activity (GO:2001257),1,33,264,0.511932643959884,JPH3,0.6409378532629959,1.4111570247933884,Up,GO_BP
Positive Regulation Of miRNA Transcription (GO:1902895),1,33,264,0.511932643959884,KLF4,0.6409378532629959,1.4111570247933884,Up,GO_BP
Positive Regulation Of Cell Cycle G1/S Phase Transition (GO:1902808),1,33,264,0.511932643959884,UBE2E2,0.6409378532629959,1.4111570247933884,Up,GO_BP
Energy Derivation By Oxidation Of Organic Compounds (GO:0015980),1,33,264,0.511932643959884,PID1,0.6409378532629959,1.4111570247933884,Up,GO_BP
Positive Regulation Of Stress Fiber Assembly (GO:0051496),1,33,264,0.511932643959884,SERPINF2,0.6409378532629959,1.4111570247933884,Up,GO_BP
Memory (GO:0007613),1,33,264,0.511932643959884,SHANK3,0.6409378532629959,1.4111570247933884,Up,GO_BP
Regulation Of Protein Targeting To Mitochondrion (GO:1903214),1,33,264,0.511932643959884,MICALL2,0.6409378532629959,1.4111570247933884,Up,GO_BP
Regulation Of Microtubule Cytoskeleton Organization (GO:0070507),1,33,264,0.511932643959884,PHLDB2,0.6409378532629959,1.4111570247933884,Up,GO_BP
Pattern Recognition Receptor Signaling Pathway (GO:0002221),1,33,264,0.511932643959884,TICAM1,0.6409378532629959,1.4111570247933884,Up,GO_BP
Regulated Exocytosis (GO:0045055),1,33,264,0.511932643959884,RAB11FIP5,0.6409378532629959,1.4111570247933884,Up,GO_BP
Regulation Of JUN Kinase Activity (GO:0043506),1,33,264,0.511932643959884,WNT5A,0.6409378532629959,1.4111570247933884,Up,GO_BP
Positive Regulation Of Proteasomal Protein Catabolic Process (GO:1901800),2,80,264,0.5154081388946139,RNF144A;STUB1,0.6447170957272165,1.1642045454545455,Up,GO_BP
Regulation Of Cell Growth (GO:0001558),4,175,264,0.5206713297223833,GNG4;KIF26A;MFSD2A;S100A9,0.6449387898828131,1.0644155844155845,Up,GO_BP
Negative Regulation Of Cell Migration (GO:0030336),3,128,264,0.521115511733032,IFITM1;IGFBP3;PHLDB2,0.6449387898828131,1.0914417613636362,Up,GO_BP
Negative Regulation Of Transferase Activity (GO:0051348),1,34,264,0.522441556935546,DTX3L,0.6449387898828131,1.3696524064171123,Up,GO_BP
"DNA Damage Response, Signal Transduction By P53 Class Mediator (GO:0030330)",1,34,264,0.522441556935546,SP100,0.6449387898828131,1.3696524064171123,Up,GO_BP
Positive Regulation Of Interleukin-8 Production (GO:0032757),1,34,264,0.522441556935546,F2R,0.6449387898828131,1.3696524064171123,Up,GO_BP
Regulation Of Small Molecule Metabolic Process (GO:0062012),1,34,264,0.522441556935546,ABCG1,0.6449387898828131,1.3696524064171123,Up,GO_BP
Establishment Of Protein Localization To Plasma Membrane (GO:0061951),1,34,264,0.522441556935546,OPTN,0.6449387898828131,1.3696524064171123,Up,GO_BP
Apical Junction Assembly (GO:0043297),1,34,264,0.522441556935546,MICALL2,0.6449387898828131,1.3696524064171123,Up,GO_BP
Negative Regulation Of Response To Biotic Stimulus (GO:0002832),1,34,264,0.522441556935546,TNFAIP3,0.6449387898828131,1.3696524064171123,Up,GO_BP
Positive Regulation Of Developmental Growth (GO:0048639),1,34,264,0.522441556935546,L1CAM,0.6449387898828131,1.3696524064171123,Up,GO_BP
Myelination (GO:0042552),1,34,264,0.522441556935546,NFASC,0.6449387898828131,1.3696524064171123,Up,GO_BP
Vesicle Cytoskeletal Trafficking (GO:0099518),1,34,264,0.522441556935546,KIF1A,0.6449387898828131,1.3696524064171123,Up,GO_BP
Positive Regulation Of Viral Process (GO:0048524),1,34,264,0.522441556935546,IFIT1,0.6449387898828131,1.3696524064171123,Up,GO_BP
Microtubule Bundle Formation (GO:0001578),1,34,264,0.522441556935546,TTLL3,0.6449387898828131,1.3696524064171123,Up,GO_BP
Regulation Of Cell Death (GO:0010941),1,34,264,0.522441556935546,SNCG,0.6449387898828131,1.3696524064171123,Up,GO_BP
Regulation Of Macroautophagy (GO:0016241),2,82,264,0.5286742505981064,NRBP2;ULK1,0.650800885707599,1.135809312638581,Up,GO_BP
Positive Regulation Of ERK1 And ERK2 Cascade (GO:0070374),2,82,264,0.5286742505981064,F2R;SERPINF2,0.650800885707599,1.135809312638581,Up,GO_BP
Nucleic Acid-Templated Transcription (GO:0097659),1,35,264,0.5327250340129531,PDE10A,0.650800885707599,1.3305194805194807,Up,GO_BP
Cellular Response To Peptide (GO:1901653),1,35,264,0.5327250340129531,CASP4,0.650800885707599,1.3305194805194807,Up,GO_BP
Regulation Of DNA Binding (GO:0051101),1,35,264,0.5327250340129531,SP100,0.650800885707599,1.3305194805194807,Up,GO_BP
Regulation Of Mitochondrial Membrane Potential (GO:0051881),1,35,264,0.5327250340129531,PID1,0.650800885707599,1.3305194805194807,Up,GO_BP
Synaptic Vesicle Recycling (GO:0036465),1,35,264,0.5327250340129531,SNCG,0.650800885707599,1.3305194805194807,Up,GO_BP
Second-Messenger-Mediated Signaling (GO:0019932),1,35,264,0.5327250340129531,GUCY1B1,0.650800885707599,1.3305194805194807,Up,GO_BP
Positive Regulation Of Intracellular Transport (GO:0032388),1,35,264,0.5327250340129531,PRR5L,0.650800885707599,1.3305194805194807,Up,GO_BP
Epidermal Cell Differentiation (GO:0009913),1,35,264,0.5327250340129531,WNT5A,0.650800885707599,1.3305194805194807,Up,GO_BP
Establishment Of Protein Localization To Extracellular Region (GO:0035592),1,35,264,0.5327250340129531,STEAP3,0.650800885707599,1.3305194805194807,Up,GO_BP
Receptor Internalization (GO:0031623),1,35,264,0.5327250340129531,RAMP1,0.650800885707599,1.3305194805194807,Up,GO_BP
Cellular Response To Metal Ion (GO:0071248),2,83,264,0.5352146971272367,B2M;WNT5A,0.6527121327973474,1.1221248630887186,Up,GO_BP
Cell-Cell Adhesion Via Plasma-Membrane Adhesion Molecules (GO:0098742),2,83,264,0.5352146971272367,L1CAM;PKD1,0.6527121327973474,1.1221248630887186,Up,GO_BP
Positive Regulation Of Wnt Signaling Pathway (GO:0030177),2,84,264,0.5416928615899625,TNFAIP3;WNK2,0.6562756789490837,1.1087662337662338,Up,GO_BP
Response To Hydrogen Peroxide (GO:0042542),1,36,264,0.5427878932201139,TNFAIP3,0.6562756789490837,1.293560606060606,Up,GO_BP
Regulation Of Heart Contraction (GO:0008016),1,36,264,0.5427878932201139,SLC4A3,0.6562756789490837,1.293560606060606,Up,GO_BP
Positive Regulation Of Fat Cell Differentiation (GO:0045600),1,36,264,0.5427878932201139,BMP7,0.6562756789490837,1.293560606060606,Up,GO_BP
Sensory Organ Development (GO:0007423),1,36,264,0.5427878932201139,STRA6,0.6562756789490837,1.293560606060606,Up,GO_BP
Cellular Response To Alcohol (GO:0097306),1,36,264,0.5427878932201139,PTCH1,0.6562756789490837,1.293560606060606,Up,GO_BP
Regulation Of Insulin Receptor Signaling Pathway (GO:0046626),1,36,264,0.5427878932201139,PID1,0.6562756789490837,1.293560606060606,Up,GO_BP
Regulation Of Autophagosome Assembly (GO:2000785),1,36,264,0.5427878932201139,SNX7,0.6562756789490837,1.293560606060606,Up,GO_BP
Regulation Of Intracellular Protein Transport (GO:0033157),1,36,264,0.5427878932201139,PRR5L,0.6562756789490837,1.293560606060606,Up,GO_BP
Axonal Transport (GO:0098930),1,36,264,0.5427878932201139,KIF1A,0.6562756789490837,1.293560606060606,Up,GO_BP
Regulation Of ERK1 And ERK2 Cascade (GO:0070372),3,134,264,0.5521388899996552,F2R;SERPINF2;WNK2,0.6641974219318002,1.042571234735414,Up,GO_BP
BMP Signaling Pathway (GO:0030509),1,37,264,0.5526348499985354,BMP7,0.6641974219318002,1.2585995085995088,Up,GO_BP
Response To Retinoic Acid (GO:0032526),1,37,264,0.5526348499985354,WNT5A,0.6641974219318002,1.2585995085995088,Up,GO_BP
Response To Peptide Hormone (GO:0043434),1,37,264,0.5526348499985354,STAT1,0.6641974219318002,1.2585995085995088,Up,GO_BP
Regulation Of Fibroblast Proliferation (GO:0048145),1,37,264,0.5526348499985354,WNT5A,0.6641974219318002,1.2585995085995088,Up,GO_BP
Proton Transmembrane Transport (GO:1902600),1,37,264,0.5526348499985354,NOX5,0.6641974219318002,1.2585995085995088,Up,GO_BP
Positive Regulation Of Actin Filament Bundle Assembly (GO:0032233),1,37,264,0.5526348499985354,SERPINF2,0.6641974219318002,1.2585995085995088,Up,GO_BP
Cellular Component Assembly (GO:0022607),4,183,264,0.5560572389006792,MICAL1;TRAF1;TTLL3;WNT5A,0.6677419268841347,1.0178837555886737,Up,GO_BP
SCF-dependent Proteasomal Ubiquitin-Dependent Protein Catabolic Process (GO:0031146),1,38,264,0.5622705193793288,FBXL16,0.6717728220526952,1.2254784688995217,Up,GO_BP
Negative Regulation Of ERK1 And ERK2 Cascade (GO:0070373),1,38,264,0.5622705193793288,WNK2,0.6717728220526952,1.2254784688995217,Up,GO_BP
Cellular Response To BMP Stimulus (GO:0071773),1,38,264,0.5622705193793288,BMP7,0.6717728220526952,1.2254784688995217,Up,GO_BP
Hexose Metabolic Process (GO:0019318),1,38,264,0.5622705193793288,CHST1,0.6717728220526952,1.2254784688995217,Up,GO_BP
Positive Regulation Of miRNA Metabolic Process (GO:2000630),1,38,264,0.5622705193793288,KLF4,0.6717728220526952,1.2254784688995217,Up,GO_BP
Regulation Of Microtubule-Based Process (GO:0032886),1,38,264,0.5622705193793288,PHLDB2,0.6717728220526952,1.2254784688995217,Up,GO_BP
Transmembrane Receptor Protein Tyrosine Kinase Signaling Pathway (GO:0007169),4,185,264,0.5646855638982489,BDKRB2;DDIT4;MVP;PLAT,0.6740874201864883,1.0068796068796069,Up,GO_BP
Negative Regulation Of Response To External Stimulus (GO:0032102),2,88,264,0.5669763447244628,KLF4;TNFAIP3,0.675945289081265,1.0583677685950414,Up,GO_BP
Peptidyl-Serine Phosphorylation (GO:0018105),3,137,264,0.5672000157847044,MKNK2;PKD1;ULK1,0.675945289081265,1.0197412076974122,Up,GO_BP
Purine Ribonucleotide Biosynthetic Process (GO:0009152),1,39,264,0.5716994181133251,GUCY1B1,0.6773030050024363,1.194055944055944,Up,GO_BP
mRNA Destabilization (GO:0061157),1,39,264,0.5716994181133251,PLEKHN1,0.6773030050024363,1.194055944055944,Up,GO_BP
Regulation Of Protein Modification Process (GO:0031399),1,39,264,0.5716994181133251,ULK1,0.6773030050024363,1.194055944055944,Up,GO_BP
Response To Unfolded Protein (GO:0006986),1,39,264,0.5716994181133251,OPTN,0.6773030050024363,1.194055944055944,Up,GO_BP
B Cell Activation (GO:0042113),1,39,264,0.5716994181133251,CASP8,0.6773030050024363,1.194055944055944,Up,GO_BP
Positive Regulation Of Transport (GO:0051050),1,39,264,0.5716994181133251,DOC2B,0.6773030050024363,1.194055944055944,Up,GO_BP
DNA Integrity Checkpoint Signaling (GO:0031570),1,39,264,0.5716994181133251,DTX3L,0.6773030050024363,1.194055944055944,Up,GO_BP
Regulation Of Protein-Containing Complex Assembly (GO:0043254),2,90,264,0.5792372872666662,BIK;ULK1,0.684212470027511,1.034848484848485,Up,GO_BP
Monocarboxylic Acid Transport (GO:0015718),1,40,264,0.5809259667561716,MFSD2A,0.684212470027511,1.1642045454545455,Up,GO_BP
Regulation Of Monoatomic Ion Transmembrane Transporter Activity (GO:0032412),1,40,264,0.5809259667561716,MAPK8IP2,0.684212470027511,1.1642045454545455,Up,GO_BP
Regulation Of Blood Vessel Endothelial Cell Migration (GO:0043535),1,40,264,0.5809259667561716,MAP2K3,0.684212470027511,1.1642045454545455,Up,GO_BP
Negative Regulation Of Protein Catabolic Process (GO:0042177),1,40,264,0.5809259667561716,CST3,0.684212470027511,1.1642045454545455,Up,GO_BP
Regulation Of Smoothened Signaling Pathway (GO:0008589),1,40,264,0.5809259667561716,PTCH1,0.684212470027511,1.1642045454545455,Up,GO_BP
Regulation Of Reactive Oxygen Species Metabolic Process (GO:2000377),1,40,264,0.5809259667561716,PID1,0.684212470027511,1.1642045454545455,Up,GO_BP
Peptidyl-Serine Modification (GO:0018209),3,140,264,0.5819483678867996,MKNK2;PKD1;ULK1,0.6848449934013963,0.9978896103896104,Up,GO_BP
Lysosomal Transport (GO:0007041),2,91,264,0.5852720034699879,BIN1;DTX3L,0.688182330746794,1.0234765234765235,Up,GO_BP
Regulation Of Mitochondrion Organization (GO:0010821),1,41,264,0.5899544917093602,PID1,0.6913835446859695,1.135809312638581,Up,GO_BP
Positive Regulation Of Immune Response (GO:0050778),1,41,264,0.5899544917093602,RSAD2,0.6913835446859695,1.135809312638581,Up,GO_BP
Protein Monoubiquitination (GO:0006513),1,41,264,0.5899544917093602,STUB1,0.6913835446859695,1.135809312638581,Up,GO_BP
Glycerophospholipid Metabolic Process (GO:0006650),1,41,264,0.5899544917093602,PLA2G4C,0.6913835446859695,1.135809312638581,Up,GO_BP
Glycerophospholipid Biosynthetic Process (GO:0046474),2,92,264,0.5912427663085723,MFSD2A;PLA2G4C,0.6921657992447808,1.0123517786561265,Up,GO_BP
Mitochondrion Organization (GO:0007005),3,142,264,0.591603085676262,BIK;IFIT2;PID1,0.6921657992447808,0.9838348271446864,Up,GO_BP
Organonitrogen Compound Biosynthetic Process (GO:1901566),2,93,264,0.5971495295332356,MFSD2A;PLA2G4C,0.6931022146060338,1.001466275659824,Up,GO_BP
Mitotic Spindle Assembly (GO:0090307),1,42,264,0.5987892272181115,KIFC2,0.6931022146060338,1.1087662337662338,Up,GO_BP
Nucleus Organization (GO:0006997),1,42,264,0.5987892272181115,BIN1,0.6931022146060338,1.1087662337662338,Up,GO_BP
Positive Regulation Of Protein Localization To Plasma Membrane (GO:1903078),1,42,264,0.5987892272181115,ARHGEF16,0.6931022146060338,1.1087662337662338,Up,GO_BP
Positive Regulation Of Protein Localization To Cell Periphery (GO:1904377),1,42,264,0.5987892272181115,ARHGEF16,0.6931022146060338,1.1087662337662338,Up,GO_BP
Regulation Of Proteasomal Protein Catabolic Process (GO:0061136),1,42,264,0.5987892272181115,PKD1,0.6931022146060338,1.1087662337662338,Up,GO_BP
Autophagy Of Mitochondrion (GO:0000422),1,42,264,0.5987892272181115,SNX7,0.6931022146060338,1.1087662337662338,Up,GO_BP
Canonical Wnt Signaling Pathway (GO:0060070),1,42,264,0.5987892272181115,WNT5A,0.6931022146060338,1.1087662337662338,Up,GO_BP
Intracellular Iron Ion Homeostasis (GO:0006879),1,42,264,0.5987892272181115,B2M,0.6931022146060338,1.1087662337662338,Up,GO_BP
Gland Development (GO:0048732),1,42,264,0.5987892272181115,STRA6,0.6931022146060338,1.1087662337662338,Up,GO_BP
Regulation Of Pathway-Restricted SMAD Protein Phosphorylation (GO:0060393),1,42,264,0.5987892272181115,BMP7,0.6931022146060338,1.1087662337662338,Up,GO_BP
Inorganic Cation Import Across Plasma Membrane (GO:0098659),1,42,264,0.5987892272181115,KCNH2,0.6931022146060338,1.1087662337662338,Up,GO_BP
Phospholipid Metabolic Process (GO:0006644),1,42,264,0.5987892272181115,PLA2G4C,0.6931022146060338,1.1087662337662338,Up,GO_BP
Positive Regulation Of Macromolecule Biosynthetic Process (GO:0010557),2,94,264,0.6029922782485494,KLF4;NLRC5,0.6956897903802214,0.9908123791102516,Up,GO_BP
Cellular Response To Organic Cyclic Compound (GO:0071407),2,94,264,0.6029922782485494,IL18;SLC1A1,0.6956897903802214,0.9908123791102516,Up,GO_BP
Monoatomic Cation Transmembrane Transport (GO:0098655),3,145,264,0.6058141763254585,KCNH2;NOX5;PKD1,0.6956897903802214,0.9634796238244514,Up,GO_BP
Inorganic Cation Transmembrane Transport (GO:0098662),3,145,264,0.6058141763254585,KCNH2;NOX5;PKD1,0.6956897903802214,0.9634796238244514,Up,GO_BP
Cellular Response To Calcium Ion (GO:0071277),1,43,264,0.6074343173270254,WNT5A,0.6956897903802214,1.0829809725158563,Up,GO_BP
Negative Regulation Of Protein-Containing Complex Assembly (GO:0031333),1,43,264,0.6074343173270254,ULK1,0.6956897903802214,1.0829809725158563,Up,GO_BP
Mitotic G2/M Transition Checkpoint (GO:0044818),1,43,264,0.6074343173270254,CDC14B,0.6956897903802214,1.0829809725158563,Up,GO_BP
Nuclear Export (GO:0051168),1,43,264,0.6074343173270254,PKD1,0.6956897903802214,1.0829809725158563,Up,GO_BP
Positive Regulation Of T Cell Differentiation (GO:0045582),1,43,264,0.6074343173270254,ADAM8,0.6956897903802214,1.0829809725158563,Up,GO_BP
Regulation Of Focal Adhesion Assembly (GO:0051893),1,43,264,0.6074343173270254,PHLDB2,0.6956897903802214,1.0829809725158563,Up,GO_BP
Positive Regulation Of mRNA Catabolic Process (GO:0061014),1,43,264,0.6074343173270254,PRR5L,0.6956897903802214,1.0829809725158563,Up,GO_BP
Regulation Of Stress-Activated MAPK Cascade (GO:0032872),1,43,264,0.6074343173270254,MAPK8IP2,0.6956897903802214,1.0829809725158563,Up,GO_BP
Positive Regulation Of Tumor Necrosis Factor Production (GO:0032760),1,43,264,0.6074343173270254,WNT5A,0.6956897903802214,1.0829809725158563,Up,GO_BP
Regulation Of Protein Kinase Activity (GO:0045859),2,95,264,0.6087710275975369,MAP2K3;RASSF2,0.6966552473155917,0.9803827751196172,Up,GO_BP
Organelle Organization (GO:0006996),7,344,264,0.6110745140878436,BIN1;KIF5C;MICAL1;OPTN;STRIP2;TNFAIP3;TNIK,0.698724586205792,0.9476083509513743,Up,GO_BP
Cellular Response To Oxygen-Containing Compound (GO:1901701),5,246,264,0.6120375830476326,GUCY1B1;PID1;TICAM1;TNFAIP3;WNT5A,0.6992591333442992,0.9465077605321508,Up,GO_BP
Negative Regulation Of Cell Growth (GO:0030308),2,96,264,0.6144858214880303,GNG4;ULK1,0.7013932017012774,0.9701704545454546,Up,GO_BP
Intrinsic Apoptotic Signaling Pathway In Response To DNA Damage (GO:0008630),1,44,264,0.6158938177943889,DDIT4,0.7013932017012774,1.0583677685950414,Up,GO_BP
Phosphatidylinositol-Mediated Signaling (GO:0048015),1,44,264,0.6158938177943889,PLCH2,0.7013932017012774,1.0583677685950414,Up,GO_BP
Regulation Of Neurogenesis (GO:0050767),1,44,264,0.6158938177943889,B2M,0.7013932017012774,1.0583677685950414,Up,GO_BP
Protein Localization (GO:0008104),6,297,264,0.6176829978280374,DOC2B;ID1;RABL2B;TSNARE1;ULK1;WNT5A,0.7028634757543232,0.940771349862259,Up,GO_BP
Regulation Of Signal Transduction By P53 Class Mediator (GO:1901796),1,45,264,0.6241716979660028,NUAK1,0.7079632361977732,1.034848484848485,Up,GO_BP
Lymphocyte Differentiation (GO:0030098),1,45,264,0.6241716979660028,LFNG,0.7079632361977732,1.034848484848485,Up,GO_BP
Regulation Of mRNA Catabolic Process (GO:0061013),1,45,264,0.6241716979660028,PRR5L,0.7079632361977732,1.034848484848485,Up,GO_BP
Positive Regulation Of Tumor Necrosis Factor Superfamily Cytokine Production (GO:1903557),1,45,264,0.6241716979660028,WNT5A,0.7079632361977732,1.034848484848485,Up,GO_BP
Fatty Acid Biosynthetic Process (GO:0006633),1,46,264,0.6322718426094012,FADS3,0.7159996548329575,1.0123517786561265,Up,GO_BP
Negative Regulation Of Immune Response (GO:0050777),1,46,264,0.6322718426094012,TNFAIP3,0.7159996548329575,1.0123517786561265,Up,GO_BP
Regulation Of GTPase Activity (GO:0043087),3,151,264,0.6332428708284845,F2R;PLXNA3;RGS11,0.7165242106968658,0.9251956652618905,Up,GO_BP
Mitotic Cell Cycle Phase Transition (GO:0044772),2,100,264,0.6367072594267559,CDK14;NES,0.7193426816084995,0.9313636363636364,Up,GO_BP
Regulation Of Cell Cycle (GO:0051726),5,253,264,0.6367533730184378,BIN1;BMP7;IRF1;JUNB;PKD1,0.7193426816084995,0.9203197987782967,Up,GO_BP
Sensory Perception Of Sound (GO:0007605),1,47,264,0.6401980537092637,SERPINB6,0.7215011611691462,0.9908123791102516,Up,GO_BP
Sensory Perception Of Mechanical Stimulus (GO:0050954),1,47,264,0.6401980537092637,SERPINB6,0.7215011611691462,0.9908123791102516,Up,GO_BP
Positive Regulation Of Endocytosis (GO:0045807),1,47,264,0.6401980537092637,B2M,0.7215011611691462,0.9908123791102516,Up,GO_BP
Regulation Of Proteasomal Ubiquitin-Dependent Protein Catabolic Process (GO:0032434),2,101,264,0.6421038572630702,RNF144A;STUB1,0.7224948505567719,0.9221422142214221,Up,GO_BP
Actin Filament Organization (GO:0007015),2,101,264,0.6421038572630702,MARCKS;SVIL,0.7224948505567719,0.9221422142214221,Up,GO_BP
Protein Dephosphorylation (GO:0006470),2,102,264,0.6474373007858232,CDC14B;PTPRH,0.725605688642306,0.9131016042780749,Up,GO_BP
Muscle Contraction (GO:0006936),1,48,264,0.6479540522248799,BDKRB2,0.725605688642306,0.9701704545454546,Up,GO_BP
Protein Secretion (GO:0009306),1,48,264,0.6479540522248799,STEAP3,0.725605688642306,0.9701704545454546,Up,GO_BP
Negative Regulation Of Autophagy (GO:0010507),1,48,264,0.6479540522248799,NRBP2,0.725605688642306,0.9701704545454546,Up,GO_BP
Regulation Of miRNA Transcription (GO:1902893),1,48,264,0.6479540522248799,KLF4,0.725605688642306,0.9701704545454546,Up,GO_BP
Protein Polymerization (GO:0051258),1,48,264,0.6479540522248799,MICALL2,0.725605688642306,0.9701704545454546,Up,GO_BP
Regulation Of Autophagy (GO:0010506),4,206,264,0.6493985707131118,DEPP1;OPTN;TICAM1;ULK1,0.7266466163966699,0.9042365401588703,Up,GO_BP
Negative Regulation Of Cytokine Production (GO:0001818),2,103,264,0.6527078028559165,KLF4;TNFAIP3,0.7291929610686445,0.9042365401588703,Up,GO_BP
Nitrogen Compound Transport (GO:0071705),2,103,264,0.6527078028559165,RAMP1;SNX7,0.7291929610686445,0.9042365401588703,Up,GO_BP
Positive Regulation Of Phosphorylation (GO:0042327),3,156,264,0.6550722834766931,KNDC1;MOB3A;TNIK,0.7300488161109041,0.895541958041958,Up,GO_BP
Potassium Ion Transmembrane Transport (GO:0071805),1,49,264,0.6555434798104292,KCNH2,0.7300488161109041,0.9503710575139146,Up,GO_BP
Positive Regulation Of Peptidyl-Serine Phosphorylation (GO:0033138),1,49,264,0.6555434798104292,LIF,0.7300488161109041,0.9503710575139146,Up,GO_BP
Regulation Of Rho Protein Signal Transduction (GO:0035023),1,49,264,0.6555434798104292,F2R,0.7300488161109041,0.9503710575139146,Up,GO_BP
Positive Regulation Of Gene Expression (GO:0010628),6,310,264,0.6588245872083782,BMP7;KLF4;NOX5;PID1;TICAM1;WNT5A,0.7331030485084621,0.9013196480938417,Up,GO_BP
Regulation Of Canonical Wnt Signaling Pathway (GO:0060828),3,157,264,0.6593251371773482,CDK14;WNK2;WNT5A,0.7331030485084621,0.8898378691372323,Up,GO_BP
Regulation Of Insulin Secretion (GO:0050796),1,50,264,0.6629699004988768,DOC2B,0.735995695990492,0.9313636363636364,Up,GO_BP
Response To Metal Ion (GO:0010038),1,50,264,0.6629699004988768,KCNMA1,0.735995695990492,0.9313636363636364,Up,GO_BP
Endoplasmic Reticulum To Golgi Vesicle-Mediated Transport (GO:0006888),2,106,264,0.6681440824224063,ERGIC1;KDELR3,0.7394090133824964,0.8786449399656947,Up,GO_BP
Phosphatidylinositol Metabolic Process (GO:0046488),1,51,264,0.6702368023502572,PIP4P2,0.7394090133824964,0.9131016042780749,Up,GO_BP
Positive Regulation Of Cell-Substrate Adhesion (GO:0010811),1,51,264,0.6702368023502572,MYADM,0.7394090133824964,0.9131016042780749,Up,GO_BP
Actomyosin Structure Organization (GO:0031032),1,51,264,0.6702368023502572,TNNT1,0.7394090133824964,0.9131016042780749,Up,GO_BP
Peptidyl-Threonine Phosphorylation (GO:0018107),1,51,264,0.6702368023502572,ULK1,0.7394090133824964,0.9131016042780749,Up,GO_BP
Autophagosome Organization (GO:1905037),1,51,264,0.6702368023502572,ULK1,0.7394090133824964,0.9131016042780749,Up,GO_BP
Long-Chain Fatty Acid Metabolic Process (GO:0001676),1,51,264,0.6702368023502572,PLA2G4C,0.7394090133824964,0.9131016042780749,Up,GO_BP
Calcium Ion Transmembrane Transport (GO:0070588),1,51,264,0.6702368023502572,PKD1,0.7394090133824964,0.9131016042780749,Up,GO_BP
Positive Regulation Of GTPase Activity (GO:0043547),3,160,264,0.6718570952171725,ARHGEF16;F2R;RGS11,0.740617469805805,0.8731534090909091,Up,GO_BP
Negative Regulation Of Cellular Catabolic Process (GO:0031330),1,52,264,0.6773475990650761,MFSD2A,0.7455050407806727,0.895541958041958,Up,GO_BP
Extrinsic Apoptotic Signaling Pathway (GO:0097191),1,52,264,0.6773475990650761,CASP8,0.7455050407806727,0.895541958041958,Up,GO_BP
Positive Regulation Of Protein Kinase Activity (GO:0045860),2,108,264,0.6781249852247091,MAP2K3;RASSF2,0.7457789198379302,0.8623737373737373,Up,GO_BP
Transforming Growth Factor Beta Receptor Signaling Pathway (GO:0007179),1,53,264,0.6843056315635911,ID1,0.7490731156991677,0.8786449399656947,Up,GO_BP
Regulation Of Fat Cell Differentiation (GO:0045598),1,53,264,0.6843056315635911,WNT5A,0.7490731156991677,0.8786449399656947,Up,GO_BP
Fatty Acid Catabolic Process (GO:0009062),1,53,264,0.6843056315635911,LPIN2,0.7490731156991677,0.8786449399656947,Up,GO_BP
Mitotic DNA Damage Checkpoint Signaling (GO:0044773),1,53,264,0.6843056315635911,CDC14B,0.7490731156991677,0.8786449399656947,Up,GO_BP
Monoatomic Cation Homeostasis (GO:0055080),1,53,264,0.6843056315635911,KCNH2,0.7490731156991677,0.8786449399656947,Up,GO_BP
Regulation Of Embryonic Development (GO:0045995),1,53,264,0.6843056315635911,PHLDB2,0.7490731156991677,0.8786449399656947,Up,GO_BP
Wnt Signaling Pathway (GO:0016055),1,54,264,0.6911141695316665,WNT5A,0.7530209213970512,0.8623737373737373,Up,GO_BP
mRNA Transport (GO:0051028),1,54,264,0.6911141695316665,KIF5C,0.7530209213970512,0.8623737373737373,Up,GO_BP
Regulation Of Kinase Activity (GO:0043549),1,54,264,0.6911141695316665,NLRC5,0.7530209213970512,0.8623737373737373,Up,GO_BP
Signal Transduction In Response To DNA Damage (GO:0042770),1,54,264,0.6911141695316665,DTX3L,0.7530209213970512,0.8623737373737373,Up,GO_BP
Negative Regulation Of Intrinsic Apoptotic Signaling Pathway (GO:2001243),1,54,264,0.6911141695316665,CREB3L1,0.7530209213970512,0.8623737373737373,Up,GO_BP
G1/S Transition Of Mitotic Cell Cycle (GO:0000082),1,54,264,0.6911141695316665,CDK14,0.7530209213970512,0.8623737373737373,Up,GO_BP
Negative Regulation Of Protein Metabolic Process (GO:0051248),2,111,264,0.6926376272819941,CST3;PLAT,0.7540985278509982,0.8390663390663391,Up,GO_BP
Negative Regulation Of Cellular Component Organization (GO:0051129),1,55,264,0.6977764129339248,ULK1,0.7561924106373025,0.846694214876033,Up,GO_BP
Purine Ribonucleotide Metabolic Process (GO:0009150),1,55,264,0.6977764129339248,PTHLH,0.7561924106373025,0.846694214876033,Up,GO_BP
Regulation Of Actin Filament-Based Process (GO:0032970),1,55,264,0.6977764129339248,SLC4A2,0.7561924106373025,0.846694214876033,Up,GO_BP
Autophagosome Assembly (GO:0000045),1,55,264,0.6977764129339248,ULK1,0.7561924106373025,0.846694214876033,Up,GO_BP
post-Golgi Vesicle-Mediated Transport (GO:0006892),1,55,264,0.6977764129339248,OSBPL5,0.7561924106373025,0.846694214876033,Up,GO_BP
Establishment Of Protein Localization To Membrane (GO:0090150),1,55,264,0.6977764129339248,RFTN1,0.7561924106373025,0.846694214876033,Up,GO_BP
Glucose Homeostasis (GO:0042593),1,56,264,0.7042954934948733,PYGL,0.7620866114426889,0.8315746753246753,Up,GO_BP
Cellular Response To Hormone Stimulus (GO:0032870),1,56,264,0.7042954934948733,RAMP1,0.7620866114426889,0.8315746753246753,Up,GO_BP
Ras Protein Signal Transduction (GO:0007265),2,114,264,0.7066082223948831,ARHGDIG;TNFRSF25,0.7634182249610872,0.8169856459330144,Up,GO_BP
Dephosphorylation (GO:0016311),2,114,264,0.7066082223948831,CDC14B;PTPRH,0.7634182249610872,0.8169856459330144,Up,GO_BP
Positive Regulation Of Mitotic Cell Cycle Phase Transition (GO:1901992),1,57,264,0.7106744761486852,UBE2E2,0.7654669357601487,0.8169856459330144,Up,GO_BP
Telomere Organization (GO:0032200),1,57,264,0.7106744761486852,SP100,0.7654669357601487,0.8169856459330144,Up,GO_BP
Regulation Of Cellular Catabolic Process (GO:0031329),1,57,264,0.7106744761486852,DEPP1,0.7654669357601487,0.8169856459330144,Up,GO_BP
Positive Regulation Of MAP Kinase Activity (GO:0043406),1,57,264,0.7106744761486852,WNT5A,0.7654669357601487,0.8169856459330144,Up,GO_BP
Protein Localization To Nucleus (GO:0034504),2,116,264,0.7156259024143536,BMP7;NUAK2,0.7696251130386075,0.8028996865203761,Up,GO_BP
Intracellular Monoatomic Cation Homeostasis (GO:0030003),2,116,264,0.7156259024143536,B2M;KCNMA1,0.7696251130386075,0.8028996865203761,Up,GO_BP
Positive Regulation Of Cell Cycle (GO:0045787),1,58,264,0.7169163604582991,PKD1,0.7698394098985236,0.8028996865203761,Up,GO_BP
Peptidyl-Threonine Modification (GO:0018210),1,58,264,0.7169163604582991,ULK1,0.7698394098985236,0.8028996865203761,Up,GO_BP
Plasma Membrane Bounded Cell Projection Assembly (GO:0120031),4,227,264,0.7224868735758888,CDC14B;RABL2B;TNIK;TTLL3,0.7746294454884698,0.8205847016419704,Up,GO_BP
Regulation Of Hydrolase Activity (GO:0051336),1,59,264,0.7230240820044753,PLXNA3,0.7746294454884698,0.789291217257319,Up,GO_BP
Positive Regulation Of DNA Biosynthetic Process (GO:2000573),1,59,264,0.7230240820044753,KLF4,0.7746294454884698,0.789291217257319,Up,GO_BP
Ubiquitin-Dependent Protein Catabolic Process (GO:0006511),6,333,264,0.7245874639346659,DTX3L;KCTD17;RNF144A;STUB1;TNFAIP3;UBE2H,0.7757154109346082,0.8390663390663391,Up,GO_BP
Positive Regulation Of Hydrolase Activity (GO:0051345),2,119,264,0.728716567911186,F2R;RGS11,0.7792573673445677,0.7826585179526355,Up,GO_BP
Positive Regulation Of Protein Kinase B Signaling (GO:0051897),1,60,264,0.7290005137454496,IL18,0.7792573673445677,0.7761363636363636,Up,GO_BP
Negative Regulation Of Programmed Cell Death (GO:0043069),5,284,264,0.7340331189106497,IFI6;IFIT3;NUAK2;SOX8;WNT5A,0.7840429453315115,0.8198623559539053,Up,GO_BP
Cellular Response To Reactive Oxygen Species (GO:0034614),1,61,264,0.7348484673478034,TNFAIP3,0.784320111518722,0.7634128166915052,Up,GO_BP
Telomere Maintenance (GO:0000723),1,62,264,0.7405706944891572,SP100,0.7898301208799704,0.751099706744868,Up,GO_BP
Response To Insulin (GO:0032868),1,64,264,0.7516486837781797,LPIN2,0.7998312917126784,0.7276278409090908,Up,GO_BP
Regulation Of Cilium Assembly (GO:1902017),1,64,264,0.7516486837781797,KCTD17,0.7998312917126784,0.7276278409090908,Up,GO_BP
Regulation Of Cell Cycle G1/S Phase Transition (GO:1902806),1,64,264,0.7516486837781797,PKD1,0.7998312917126784,0.7276278409090908,Up,GO_BP
Negative Regulation Of Cell Cycle (GO:0045786),1,65,264,0.7570096606778166,BMP7,0.8031132565536836,0.7164335664335665,Up,GO_BP
Regulation Of Ras Protein Signal Transduction (GO:0046578),1,65,264,0.7570096606778166,SPRY4,0.8031132565536836,0.7164335664335665,Up,GO_BP
Spindle Assembly (GO:0051225),1,65,264,0.7570096606778166,KIFC2,0.8031132565536836,0.7164335664335665,Up,GO_BP
Negative Regulation Of Transforming Growth Factor Beta Receptor Signaling Pathway (GO:0030512),1,65,264,0.7570096606778166,STUB1,0.8031132565536836,0.7164335664335665,Up,GO_BP
Cytoskeleton-Dependent Cytokinesis (GO:0061640),1,66,264,0.7622553430378671,NOX5,0.8074641809507737,0.7055785123966942,Up,GO_BP
Regulation Of Epithelial To Mesenchymal Transition (GO:0010717),1,66,264,0.7622553430378671,PHLDB2,0.8074641809507737,0.7055785123966942,Up,GO_BP
Protein Modification By Small Protein Conjugation (GO:0032446),5,296,264,0.7661988405550951,ISG15;RNF144A;STUB1;UBE2E2;UBE2F,0.80865179378174,0.7866246928746929,Up,GO_BP
Cilium Organization (GO:0044782),3,186,264,0.7664311775714919,CDC14B;RABL2B;TTLL3,0.80865179378174,0.751099706744868,Up,GO_BP
Epigenetic Regulation Of Gene Expression (GO:0040029),1,67,264,0.7673882011862153,ZDBF2,0.80865179378174,0.6950474898236093,Up,GO_BP
Ubiquitin-Dependent ERAD Pathway (GO:0030433),1,67,264,0.7673882011862153,STUB1,0.80865179378174,0.6950474898236093,Up,GO_BP
Positive Regulation Of Canonical Wnt Signaling Pathway (GO:0090263),1,67,264,0.7673882011862153,WNK2,0.80865179378174,0.6950474898236093,Up,GO_BP
Positive Regulation Of Transmembrane Receptor Protein Serine/Threonine Kinase Signaling Pathway (GO:0090100),1,67,264,0.7673882011862153,BMP7,0.80865179378174,0.6950474898236093,Up,GO_BP
Cellular Response To Peptide Hormone Stimulus (GO:0071375),1,67,264,0.7673882011862153,LPIN2,0.80865179378174,0.6950474898236093,Up,GO_BP
Positive Regulation Of Cellular Biosynthetic Process (GO:0031328),2,131,264,0.7760790711714681,KLF4;MFSD2A,0.8171996786738369,0.7109646079111729,Up,GO_BP
Negative Regulation Of Protein Kinase Activity (GO:0006469),1,69,264,0.7773250636201747,MVP,0.8172918515410331,0.674901185770751,Up,GO_BP
Regulation Of Actin Cytoskeleton Organization (GO:0032956),1,69,264,0.7773250636201747,SLC4A2,0.8172918515410331,0.674901185770751,Up,GO_BP
Positive Regulation Of Protein Modification By Small Protein Conjugation Or Removal (GO:1903322),1,70,264,0.782133749362856,STUB1,0.8211240478802008,0.6652597402597403,Up,GO_BP
Positive Regulation Of Epithelial Cell Migration (GO:0010634),1,70,264,0.782133749362856,WNT5A,0.8211240478802008,0.6652597402597403,Up,GO_BP
Regulation Of Cyclin-Dependent Protein Serine/Threonine Kinase Activity (GO:0000079),1,71,264,0.7868389759800192,PKD1,0.8254496617901912,0.6558898847631243,Up,GO_BP
Cellular Response To Salt (GO:1902075),1,72,264,0.7914429611179785,WNT5A,0.8296627177841513,0.646780303030303,Up,GO_BP
Positive Regulation Of Amide Metabolic Process (GO:0034250),1,73,264,0.7959478750653565,ABCG1,0.8331472193747907,0.6379202988792031,Up,GO_BP
Positive Regulation Of Protein Ubiquitination (GO:0031398),1,73,264,0.7959478750653565,STUB1,0.8331472193747907,0.6379202988792031,Up,GO_BP
Cilium Assembly (GO:0060271),3,197,264,0.7992141163234785,CDC14B;RABL2B;TTLL3,0.8359459734117332,0.7091601292108907,Up,GO_BP
Regulation Of Protein Localization (GO:0032880),1,74,264,0.8003558417606143,RAB11FIP5,0.8365200686846124,0.6292997542997544,Up,GO_BP
Membrane Organization (GO:0061024),2,139,264,0.8035065176874873,BIN1;MYADM,0.8391914851643557,0.6700457815565729,Up,GO_BP
Negative Regulation Of Amide Metabolic Process (GO:0034249),1,77,264,0.8130186230296103,BIN1,0.8484979860168491,0.6047815820543093,Up,GO_BP
Gene Expression (GO:0010467),4,261,264,0.8159220857098908,CASP4;CASP8;LMF1;STUB1,0.8508269052900945,0.7136886102403344,Up,GO_BP
Negative Regulation Of Canonical Wnt Signaling Pathway (GO:0090090),1,78,264,0.8170591471779434,WNT5A,0.8508269052900945,0.597027972027972,Up,GO_BP
Regulation Of Protein Metabolic Process (GO:0051246),1,78,264,0.8170591471779434,KLF4,0.8508269052900945,0.597027972027972,Up,GO_BP
Positive Regulation Of DNA Repair (GO:0045739),1,79,264,0.8210126823076929,EYA2,0.8530551507630005,0.5894706559263522,Up,GO_BP
Regulation Of RNA Metabolic Process (GO:0051252),1,79,264,0.8210126823076929,OASL,0.8530551507630005,0.5894706559263522,Up,GO_BP
Activation Of GTPase Activity (GO:0090630),1,79,264,0.8210126823076929,ARHGEF16,0.8530551507630005,0.5894706559263522,Up,GO_BP
Negative Regulation Of Developmental Process (GO:0051093),1,80,264,0.8248810942496306,CST3,0.856443873426217,0.5821022727272728,Up,GO_BP
ERAD Pathway (GO:0036503),1,81,264,0.8286662089637372,STUB1,0.8591094936427871,0.5749158249158249,Up,GO_BP
Protein Catabolic Process (GO:0030163),1,81,264,0.8286662089637372,CASP8,0.8591094936427871,0.5749158249158249,Up,GO_BP
Endocytosis (GO:0006897),2,148,264,0.8307701737586073,BIN1;DNER,0.8606583811845778,0.6292997542997544,Up,GO_BP
Protein Deubiquitination (GO:0016579),1,82,264,0.8323698133880044,TNFAIP3,0.8610511779255676,0.5679046563192905,Up,GO_BP
"Retrograde Transport, Endosome To Golgi (GO:0042147)",1,82,264,0.8323698133880044,BAIAP3,0.8610511779255676,0.5679046563192905,Up,GO_BP
Mitotic Spindle Organization (GO:0007052),1,83,264,0.8359936562692332,KIFC2,0.8635337108315432,0.5610624315443593,Up,GO_BP
Vesicle Organization (GO:0016050),1,83,264,0.8359936562692332,TSNARE1,0.8635337108315432,0.5610624315443593,Up,GO_BP
Protein Modification By Small Protein Removal (GO:0070646),1,85,264,0.8430088662956456,TNFAIP3,0.869506952005231,0.5478609625668449,Up,GO_BP
Cellular Response To Insulin Stimulus (GO:0032869),1,85,264,0.8430088662956456,LPIN2,0.869506952005231,0.5478609625668449,Up,GO_BP
Organelle Assembly (GO:0070925),4,276,264,0.8481120357283332,CDC14B;RABL2B;TTLL3;ULK1,0.874131543033366,0.674901185770751,Up,GO_BP
Fatty Acid Metabolic Process (GO:0006631),1,88,264,0.8529750813090055,LPIN2,0.8785020727934355,0.5291838842975207,Up,GO_BP
Regulation Of Protein Kinase B Signaling (GO:0051896),1,90,264,0.8592664756519781,IL18,0.8836916888811523,0.5174242424242425,Up,GO_BP
Negative Regulation Of Growth (GO:0045926),1,90,264,0.8592664756519781,GNG4,0.8836916888811523,0.5174242424242425,Up,GO_BP
Positive Regulation Of DNA Metabolic Process (GO:0051054),1,91,264,0.8623108586762224,EYA2,0.8861767090984338,0.5117382617382618,Up,GO_BP
Receptor-Mediated Endocytosis (GO:0006898),1,92,264,0.8652896289220208,RAMP1,0.8872991761693105,0.5061758893280632,Up,GO_BP
Regulation Of Organelle Organization (GO:0033043),1,92,264,0.8652896289220208,S100A9,0.8872991761693105,0.5061758893280632,Up,GO_BP
Macroautophagy (GO:0016236),1,92,264,0.8652896289220208,ULK1,0.8872991761693105,0.5061758893280632,Up,GO_BP
Negative Regulation Of Translation (GO:0017148),1,93,264,0.8682041952197248,NMNAT2,0.889641335842434,0.500733137829912,Up,GO_BP
Protein Ubiquitination (GO:0016567),5,346,264,0.8691758713568161,DTX3L;ISG15;RNF144A;STUB1;UBE2H,0.889990678145477,0.6729506043089859,Up,GO_BP
Regulation Of Transforming Growth Factor Beta Receptor Signaling Pathway (GO:0017015),1,94,264,0.8710559362624258,STUB1,0.8912689819189867,0.4954061895551258,Up,GO_BP
Regulation Of Small GTPase Mediated Signal Transduction (GO:0051056),1,95,264,0.8738462012482224,TNFRSF25,0.8934760796820592,0.4901913875598086,Up,GO_BP
Protein-Containing Complex Organization (GO:0043933),1,96,264,0.876576310508856,TRAF1,0.895618518557564,0.4850852272727273,Up,GO_BP
Negative Regulation Of Wnt Signaling Pathway (GO:0030178),1,97,264,0.879247556124995,WNT5A,0.8976977580986742,0.4800843486410497,Up,GO_BP
Cellular Response To Oxidative Stress (GO:0034599),1,99,264,0.8844184870916303,PRR5L,0.9023242843718657,0.4703856749311295,Up,GO_BP
Protein Stabilization (GO:0050821),2,171,264,0.8856253351943414,RASSF2;STUB1,0.9029027080630172,0.5446570972886763,Up,GO_BP
Non-Membrane-Bounded Organelle Assembly (GO:0140694),1,101,264,0.8893687883388203,PLA2G4C,0.9060645201054696,0.46107110711071103,Up,GO_BP
Regulation Of Macromolecule Metabolic Process (GO:0060255),1,104,264,0.896400967848517,PTHLH,0.9124761281738383,0.447770979020979,Up,GO_BP
DNA-templated Transcription (GO:0006351),2,177,264,0.896955627056778,KLF13;PDE10A,0.9124761281738383,0.5261941448382126,Up,GO_BP
Positive Regulation Of Transferase Activity (GO:0051347),1,105,264,0.8986446220312889,KLF4,0.9135357072666777,0.4435064935064935,Up,GO_BP
Negative Regulation Of Cell Motility (GO:2000146),1,107,264,0.9029877382201938,IFITM1,0.9172899198190738,0.4352166525063721,Up,GO_BP
Golgi Organization (GO:0007030),1,109,264,0.9071454250033785,OPTN,0.9208504997696165,0.4272310258548791,Up,GO_BP
Negative Regulation Of Gene Expression (GO:0010629),3,250,264,0.9078626993831763,CREB3L1;KLF4;MYADM,0.920916081114063,0.5588181818181818,Up,GO_BP
Mitotic Sister Chromatid Segregation (GO:0000070),1,110,264,0.9091572106249713,KIFC2,0.9215666840458582,0.4233471074380165,Up,GO_BP
Golgi Vesicle Transport (GO:0048193),2,185,264,0.9104460298306387,ERGIC1;KDELR3,0.9222105872871724,0.5034398034398034,Up,GO_BP
Protein-Containing Complex Assembly (GO:0065003),3,253,264,0.9120269996277661,CASP4;MAPK8IP2;TRAF1,0.9231492801110315,0.5521918792669781,Up,GO_BP
Cytosolic Transport (GO:0016482),1,114,264,0.9167793346411784,BAIAP3,0.9272943664363461,0.4084928229665072,Up,GO_BP
Regulation Of Cell Cycle Process (GO:0010564),1,116,264,0.9203479777913685,BIN1,0.9302371036272356,0.40144984326018807,Up,GO_BP
Regulation Of Cellular Component Organization (GO:0051128),1,117,264,0.9220747090988968,WNT5A,0.9313152573647411,0.398018648018648,Up,GO_BP
Regulation Of DNA Repair (GO:0006282),1,121,264,0.9286166324651678,EYA2,0.9372518372019684,0.3848610067618332,Up,GO_BP
Proteasomal Protein Catabolic Process (GO:0010498),2,200,264,0.9314029771175338,KCTD17;STUB1,0.939392137750422,0.4656818181818182,Up,GO_BP
Phosphate-Containing Compound Metabolic Process (GO:0006796),1,130,264,0.9414040491723978,PLA2G4C,0.9488007952730381,0.35821678321678324,Up,GO_BP
DNA Damage Response (GO:0006974),4,353,264,0.9481173008630525,DTX3L;IRF7;PARP4;UBE2E2,0.9548847334173926,0.5276847798094257,Up,GO_BP
Proteasome-Mediated Ubiquitin-Dependent Protein Catabolic Process (GO:0043161),3,291,264,0.9518388710283893,FBXL16;KCTD17;STUB1,0.9579491062917669,0.48008434864104965,Up,GO_BP
Intracellular Protein Transport (GO:0006886),3,293,264,0.9533789823707182,PKD1;RABL2B;TSNARE1,0.9588152132039083,0.4768073223704623,Up,GO_BP
Double-Strand Break Repair (GO:0006302),1,157,264,0.9676187188515377,DTX3L,0.9724430287033616,0.2966126230457441,Up,GO_BP
Macromolecule Biosynthetic Process (GO:0009059),1,162,264,0.9709910741242951,COL5A1,0.9751376552237582,0.28745791245791247,Up,GO_BP
Endomembrane System Organization (GO:0010256),1,167,264,0.974013405878938,OPTN,0.9774771804375402,0.2788513881328253,Up,GO_BP
Transcription By RNA Polymerase II (GO:0006366),1,174,264,0.9777248472532507,KLF13,0.9805044488090524,0.2676332288401254,Up,GO_BP
DNA Repair (GO:0006281),2,270,264,0.9811710565324334,DTX3L;PARP4,0.9829177930732754,0.34494949494949495,Up,GO_BP
DNA Metabolic Process (GO:0006259),2,271,264,0.98152457153809,PARP4;SP100,0.9829177930732754,0.3436766185843677,Up,GO_BP
Chromatin Remodeling (GO:0006338),1,206,264,0.9890007644054327,DTX3L,0.9897021833872806,0.22605913503971758,Up,GO_BP
Regulation Of Nucleic Acid-Templated Transcription (GO:1903506),2,361,264,0.9967829491222632,PERM1;ZNF217,0.9967829491222632,0.2579954671367414,Up,GO_BP
Complement and coagulation cascades,6,36,264,0.00010500263011201939,BDKRB2;CFB;F2R;PLAT;SERPINA1;SERPINF2,0.021105528652515897,7.761363636363637,Up,KEGG
TNF signaling pathway,8,85,264,0.0004692114283549311,CASP8;CREB3L1;IRF1;JUNB;LIF;MAP2K3;TNFAIP3;TRAF1,0.04715574854967058,4.382887700534759,Up,KEGG
Toll-like receptor signaling pathway,6,60,264,0.0017563224311341816,CASP8;IRF5;IRF7;MAP2K3;STAT1;TICAM1,0.11398879242484852,4.656818181818182,Up,KEGG
Human papillomavirus infection,13,248,264,0.0027368822357254482,CASP8;CREB3L1;HLA-A;IRF1;ISG15;ITGA5;LAMA3;LAMB1;LFNG;OASL;STAT1;TICAM1;WNT5A,0.11398879242484852,2.441074046920821,Up,KEGG
Inflammatory bowel disease,4,28,264,0.0028355421001206096,IL18;IL4R;NFATC1;STAT1,0.11398879242484852,6.652597402597403,Up,KEGG
PI3K-Akt signaling pathway,11,221,264,0.008258387123987345,AREG;CREB3L1;DDIT4;F2R;GNG12;GNG4;IL4R;ITGA5;LAMA3;LAMB1;OSMR,0.23614722915115885,2.3178733031674206,Up,KEGG
Salivary secretion,4,41,264,0.01128610320588428,CST3;GUCY1B1;KCNMA1;SLC4A2,0.23614722915115885,4.543237250554324,Up,KEGG
Cytokine-cytokine receptor interaction,6,90,264,0.01284216655997848,BMP7;IL18;IL4R;LIF;OSMR;TNFRSF25,0.23614722915115885,3.1045454545454545,Up,KEGG
NOD-like receptor signaling pathway,7,117,264,0.013036999801914485,CASP4;CASP8;IL18;IRF7;STAT1;TICAM1;TNFAIP3,0.23614722915115885,2.786130536130536,Up,KEGG
Kaposi sarcoma-associated herpesvirus infection,8,146,264,0.01347805048333924,CASP8;GNG12;GNG4;HLA-A;IRF7;NFATC1;STAT1;TICAM1,0.23614722915115885,2.5516811955168124,Up,KEGG
Axon guidance,8,147,264,0.01399803057744889,BMP7;L1CAM;MYL12A;PLXNA3;PTCH1;SEMA3B;UNC5A;WNT5A,0.23614722915115885,2.5343228200371057,Up,KEGG
Morphine addiction,4,44,264,0.01439353358802459,GNG12;GNG4;PDE10A;PDE4A,0.23614722915115885,4.233471074380166,Up,KEGG
p53 signaling pathway,5,68,264,0.015273203875448085,ADGRB1;BBC3;CASP8;IGFBP3;STEAP3,0.23614722915115885,3.424131016042781,Up,KEGG
Necroptosis,6,97,264,0.018025074912737544,CASP8;PLA2G4C;PYGL;STAT1;TICAM1;TNFAIP3,0.2404750009151658,2.880506091846298,Up,KEGG
Glutamatergic synapse,5,71,264,0.018120489831359655,GNG12;GNG4;PLA2G4C;SHANK3;SLC1A1,0.2404750009151658,3.2794494238156213,Up,KEGG
TGF-beta signaling pathway,5,72,264,0.01914228863006295,BMP7;ID1;ID3;NBL1;TGIF1,0.2404750009151658,3.233901515151515,Up,KEGG
Epstein-Barr virus infection,8,158,264,0.02072130380994913,B2M;CASP8;HLA-A;IRF7;ISG15;MAP2K3;STAT1;TNFAIP3,0.24499894504704556,2.3578826237054087,Up,KEGG
Hepatitis B,7,132,264,0.02370927799524791,CASP8;CREB3L1;IRF7;MAP2K3;NFATC1;STAT1;TICAM1,0.2643980741929609,2.46952479338843,Up,KEGG
Toxoplasmosis,5,78,264,0.026069489397945865,CASP8;LAMA3;LAMB1;MAP2K3;STAT1,0.2643980741929609,2.98513986013986,Up,KEGG
African trypanosomiasis,2,12,264,0.026308266088851832,APOL1;IL18,0.2643980741929609,7.761363636363637,Up,KEGG
Pathways in cancer,14,370,264,0.02891659183645045,BBC3;BDKRB2;CASP8;F2R;GNG12;GNG4;IL4R;LAMA3;LAMB1;PLEKHG5;PTCH1;STAT1;TRAF1;WNT5A,0.27677309329174,1.762039312039312,Up,KEGG
Type I diabetes mellitus,2,13,264,0.030657585654094547,HLA-A;PTPRN2,0.2800988507487729,7.164335664335664,Up,KEGG
Influenza A,6,111,264,0.032341610882703827,CASP8;IL18;IRF7;RSAD2;STAT1;TICAM1,0.28263755597493345,2.517199017199017,Up,KEGG
Platelet activation,5,84,264,0.03442297730521742,F2R;GUCY1B1;MYL12A;PLA2G4C;TBXAS1,0.2882924349311959,2.7719155844155843,Up,KEGG
Hepatitis C,6,118,264,0.0416766103206139,CASP8;IFIT1;IRF7;RSAD2;STAT1;TICAM1,0.3092996048435044,2.367873651771957,Up,KEGG
Cell adhesion molecules,4,61,264,0.04181642364740499,HLA-A;L1CAM;NFASC;SDC3,0.3092996048435044,3.0536512667660207,Up,KEGG
"Growth hormone synthesis, secretion and action",5,89,264,0.04252007575744928,CREB3L1;IGFBP3;JUNB;MAP2K3;STAT1,0.3092996048435044,2.6161899897854957,Up,KEGG
Lipid and atherosclerosis,7,151,264,0.04431933596955549,ABCG1;CASP8;IL18;IRF7;MAP2K3;NFATC1;TICAM1,0.3092996048435044,2.158789885611078,Up,KEGG
cAMP signaling pathway,6,120,264,0.044625316121699635,CREB3L1;F2R;NFATC1;PDE10A;PDE4A;PTCH1,0.3092996048435044,2.328409090909091,Up,KEGG
Retinol metabolism,2,18,264,0.05607629908916684,ALDH1A3;DGAT1,0.3635940064722757,5.174242424242424,Up,KEGG
Hippo signaling pathway,6,128,264,0.057701673013012766,AREG;BBC3;BMP7;ID1;RASSF2;WNT5A,0.3635940064722757,2.1828835227272725,Up,KEGG
PD-L1 expression and PD-1 checkpoint pathway in cancer,4,69,264,0.06080397002469373,MAP2K3;NFATC1;STAT1;TICAM1,0.3635940064722757,2.699604743083004,Up,KEGG
Glycosaminoglycan biosynthesis,3,42,264,0.060877624190162086,CHPF;CHPF2;CHST1,0.3635940064722757,3.3262987012987013,Up,KEGG
Human immunodeficiency virus 1 infection,7,163,264,0.06194092876327746,B2M;CASP8;GNG12;GNG4;HLA-A;MAP2K3;NFATC1,0.3635940064722757,1.999860568878974,Up,KEGG
Measles,5,100,264,0.06406528484802534,BBC3;CASP8;IRF7;STAT1;TNFAIP3,0.3635940064722757,2.328409090909091,Up,KEGG
cGMP-PKG signaling pathway,5,101,264,0.06627943997823946,BDKRB2;CREB3L1;GUCY1B1;KCNMA1;NFATC1,0.3635940064722757,2.3053555355535553,Up,KEGG
Human cytomegalovirus infection,7,166,264,0.06693023999738408,B2M;CASP8;CREB3L1;GNG12;GNG4;HLA-A;NFATC1,0.3635940064722757,1.9637185104052575,Up,KEGG
Signaling pathways regulating pluripotency of stem cells,5,103,264,0.0708346266338692,ID1;ID3;KLF4;LIF;WNT5A,0.3746778935107292,2.260591350397176,Up,KEGG
RIG-I-like receptor signaling pathway,3,46,264,0.0757089173081302,CASP8;IRF7;ISG15,0.3901921122803634,3.0370553359683794,Up,KEGG
Vascular smooth muscle contraction,4,76,264,0.0805682901661657,GUCY1B1;KCNMA1;PLA2G4C;RAMP1,0.40485565808498264,2.4509569377990434,Up,KEGG
C-type lectin receptor signaling pathway,4,79,264,0.08990069041464922,CASP8;IRF1;NFATC1;STAT1,0.4298848568075649,2.3578826237054087,Up,KEGG
Yersinia infection,5,111,264,0.0907230135191366,IL18;ITGA5;MAP2K3;NFATC1;TICAM1,0.4298848568075649,2.097665847665848,Up,KEGG
Pertussis,3,50,264,0.09196541712798653,IRF1;ITGA5;TICAM1,0.4298848568075649,2.7940909090909094,Up,KEGG
ECM-receptor interaction,3,51,264,0.09623829066804727,ITGA5;LAMA3;LAMB1,0.4396340096426705,2.7393048128342246,Up,KEGG
Viral carcinogenesis,6,148,264,0.09944650292234777,CASP8;CREB3L1;HLA-A;IRF7;SP100;TRAF1,0.44419437971982006,1.887899262899263,Up,KEGG
Transcriptional misregulation in cancer,5,117,264,0.10733762835574347,BAIAP3;CDK14;IGFBP3;PLAT;TRAF1,0.4690187673805312,1.99009324009324,Up,KEGG
JAK-STAT signaling pathway,4,86,264,0.11356584424714745,IL4R;LIF;OSMR;STAT1,0.47572277728519846,2.1659619450317127,Up,KEGG
Th1 and Th2 cell differentiation,3,55,264,0.1141055955710227,IL4R;NFATC1;STAT1,0.47572277728519846,2.540082644628099,Up,KEGG
Amoebiasis,3,56,264,0.11875620646427715,LAMA3;LAMB1;SERPINB6,0.47572277728519846,2.494724025974026,Up,KEGG
Serotonergic synapse,3,56,264,0.11875620646427715,GNG12;GNG4;PLA2G4C,0.47572277728519846,2.494724025974026,Up,KEGG
Arachidonic acid metabolism,2,28,264,0.12070577931116976,PLA2G4C;TBXAS1,0.47572277728519846,3.3262987012987013,Up,KEGG
Dopaminergic synapse,4,89,264,0.12447004900521662,CREB3L1;GNG12;GNG4;KIF5C,0.48112461250093347,2.0929519918283965,Up,KEGG
Hematopoietic cell lineage,2,29,264,0.12789131550206048,IL4R;ITGA5,0.4850217814323426,3.2115987460815045,Up,KEGG
Purine metabolism,4,91,264,0.13197732618586439,GUCY1B1;NME3;PDE10A;PDE4A,0.4912489363584952,2.046953046953047,Up,KEGG
Circadian entrainment,3,60,264,0.13803165407977805,GNG12;GNG4;GUCY1B1,0.5044429540006434,2.328409090909091,Up,KEGG
IL-17 signaling pathway,3,61,264,0.1430083039297284,CASP8;S100A9;TNFAIP3,0.5132976623192037,2.2902384500745154,Up,KEGG
Viral myocarditis,2,33,264,0.1575366774803467,CASP8;HLA-A,0.55552407322017,2.822314049586777,Up,KEGG
NF-kappa B signaling pathway,3,66,264,0.1687335198612827,TICAM1;TNFAIP3;TRAF1,0.5707805297757276,2.1167355371900825,Up,KEGG
Cytosolic DNA-sensing pathway,2,35,264,0.17280333630369119,IL18;IRF7,0.5707805297757276,2.6610389610389613,Up,KEGG
Natural killer cell mediated cytotoxicity,3,67,264,0.17403237317353937,HLA-A;NFATC1;RAET1L,0.5707805297757276,2.085142469470828,Up,KEGG
Cholinergic synapse,3,68,264,0.17937767741850663,CREB3L1;GNG12;GNG4,0.5707805297757276,2.0544786096256686,Up,KEGG
Inflammatory mediator regulation of TRP channels,3,68,264,0.17937767741850663,BDKRB2;MAP2K3;PLA2G4C,0.5707805297757276,2.0544786096256686,Up,KEGG
Salmonella infection,7,216,264,0.1834279555245495,CASP4;CASP8;IL18;KIF5C;MAP2K3;MYL12A;TUBB3,0.5707805297757276,1.5091540404040404,Up,KEGG
MAPK signaling pathway,7,216,264,0.1834279555245495,AREG;GNG12;MAP2K3;MAPK8IP2;MKNK2;NFATC1;PLA2G4C,0.5707805297757276,1.5091540404040404,Up,KEGG
Th17 cell differentiation,3,69,264,0.18476739139095255,IL4R;NFATC1;STAT1,0.5707805297757276,2.024703557312253,Up,KEGG
Vasopressin-regulated water reabsorption,2,37,264,0.18829744919694238,ARHGDIG;CREB3L1,0.5707805297757276,2.5171990171990175,Up,KEGG
Autoimmune thyroid disease,1,10,264,0.19519756424935908,HLA-A,0.5707805297757276,4.656818181818182,Up,KEGG
Linoleic acid metabolism,1,10,264,0.19519756424935908,PLA2G4C,0.5707805297757276,4.656818181818182,Up,KEGG
Chagas disease,3,72,264,0.2011828103387624,BDKRB2;CASP8;TICAM1,0.5707805297757276,1.9403409090909092,Up,KEGG
Long-term depression,2,40,264,0.211864021042317,GUCY1B1;PLA2G4C,0.5707805297757276,2.328409090909091,Up,KEGG
Glycerolipid metabolism,2,40,264,0.211864021042317,DGAT1;LPIN2,0.5707805297757276,2.328409090909091,Up,KEGG
Protein digestion and absorption,2,40,264,0.211864021042317,COL5A1;SLC1A1,0.5707805297757276,2.328409090909091,Up,KEGG
Neuroactive ligand-receptor interaction,3,74,264,0.2123117783349968,BDKRB2;F2R;OPRL1,0.5707805297757276,1.887899262899263,Up,KEGG
alpha-Linolenic acid metabolism,1,11,264,0.21249387188841543,PLA2G4C,0.5707805297757276,4.233471074380166,Up,KEGG
Renin secretion,2,41,264,0.21978496862863528,GUCY1B1;KCNMA1,0.5707805297757276,2.271618625277162,Up,KEGG
Pancreatic secretion,2,42,264,0.2277303358505589,KCNMA1;SLC4A2,0.5707805297757276,2.2175324675324677,Up,KEGG
Antigen processing and presentation,2,42,264,0.2277303358505589,B2M;HLA-A,0.5707805297757276,2.2175324675324677,Up,KEGG
Alcoholism,3,77,264,0.229244402960961,CREB3L1;GNG12;GNG4,0.5707805297757276,1.814344746162928,Up,KEGG
Fc gamma R-mediated phagocytosis,3,78,264,0.2349448148387219,BIN1;MARCKS;PLA2G4C,0.5707805297757276,1.791083916083916,Up,KEGG
Small cell lung cancer,3,78,264,0.2349448148387219,LAMA3;LAMB1;TRAF1,0.5707805297757276,1.791083916083916,Up,KEGG
"Parathyroid hormone synthesis, secretion and action",3,78,264,0.2349448148387219,CREB3L1;PDE4A;PTHLH,0.5707805297757276,1.791083916083916,Up,KEGG
Legionellosis,2,43,264,0.2356954426437084,CASP8;IL18,0.5707805297757276,2.1659619450317127,Up,KEGG
Basal cell carcinoma,2,43,264,0.2356954426437084,PTCH1;WNT5A,0.5707805297757276,2.1659619450317127,Up,KEGG
Pathogenic Escherichia coli infection,5,156,264,0.24444107260251982,CASP4;CASP8;F2R;IL18;TUBB3,0.584912566584601,1.49256993006993,Up,KEGG
Insulin secretion,2,45,264,0.2516670902433368,CREB3L1;KCNMA1,0.5881986644059383,2.06969696969697,Up,KEGG
GABAergic synapse,2,45,264,0.2516670902433368,GNG12;GNG4,0.5881986644059383,2.06969696969697,Up,KEGG
Apoptosis,4,120,264,0.25748383996183877,BBC3;CASP8;PARP4;TRAF1,0.5948764578428689,1.5522727272727272,Up,KEGG
Regulation of actin cytoskeleton,5,161,264,0.2646893491453581,BDKRB2;F2R;GNG12;ITGA5;MYL12A,0.6045044105074067,1.4462168266516093,Up,KEGG
Pyrimidine metabolism,2,47,264,0.2676661320157174,CMPK2;NME3,0.6045044105074067,1.981624758220503,Up,KEGG
Fc epsilon RI signaling pathway,2,48,264,0.2756661234752914,MAP2K3;PLA2G4C,0.6156543424281508,1.9403409090909092,Up,KEGG
Osteoclast differentiation,3,88,264,0.2930339011632228,JUNB;NFATC1;STAT1,0.6413992242069897,1.5875516528925622,Up,KEGG
Fat digestion and absorption,1,16,264,0.293575764313647,DGAT1,0.6413992242069897,2.9105113636363633,Up,KEGG
Notch signaling pathway,2,51,264,0.2996248079298776,DTX3L;LFNG,0.647576197783929,1.8262032085561497,Up,KEGG
mTOR signaling pathway,4,131,264,0.31025635277728186,DDIT4;LPIN2;ULK1;WNT5A,0.6570654717606066,1.4219292158223458,Up,KEGG
Ubiquitin mediated proteolysis,4,132,264,0.3151170846860515,STUB1;UBE2E2;UBE2F;UBE2H,0.6570654717606066,1.4111570247933884,Up,KEGG
B cell receptor signaling pathway,2,53,264,0.31552990914229906,IFITM1;NFATC1,0.6570654717606066,1.7572898799313894,Up,KEGG
Relaxin signaling pathway,3,93,264,0.32248503958640934,CREB3L1;GNG12;GNG4,0.6570654717606066,1.502199413489736,Up,KEGG
Malaria,1,18,264,0.323629262210448,IL18,0.6570654717606066,2.587121212121212,Up,KEGG
Viral protein interaction with cytokine and cytokine receptor,1,18,264,0.323629262210448,IL18,0.6570654717606066,2.587121212121212,Up,KEGG
Prolactin signaling pathway,2,56,264,0.339226982081779,IRF1;STAT1,0.6818462339843758,1.6631493506493507,Up,KEGG
Herpes simplex virus 1 infection,10,395,264,0.3428009099981106,B2M;CASP8;HLA-A;IRF7;ITGA5;SP100;STAT1;TICAM1;ZNF251;ZNF746,0.681956746284415,1.1789413118527041,Up,KEGG
Apelin signaling pathway,3,97,264,0.34606760259209124,GNG12;GNG4;PLAT,0.681956746284415,1.440253045923149,Up,KEGG
Cellular senescence,4,140,264,0.3541742448819729,HLA-A;IGFBP3;MAP2K3;NFATC1,0.6911555652551122,1.3305194805194807,Up,KEGG
Gap junction,2,59,264,0.3626685107800933,GUCY1B1;TUBB3,0.6987200732056803,1.578582434514638,Up,KEGG
Starch and sucrose metabolism,1,21,264,0.36633778865733263,PYGL,0.6987200732056803,2.2175324675324677,Up,KEGG
Focal adhesion,4,143,264,0.36884567485994557,ITGA5;LAMA3;LAMB1;MYL12A,0.6987200732056803,1.3026064844246663,Up,KEGG
Phagosome,3,102,264,0.3754316811254401,HLA-A;ITGA5;TUBB3,0.6987200732056803,1.3696524064171123,Up,KEGG
Oxytocin signaling pathway,3,102,264,0.3754316811254401,GUCY1B1;NFATC1;PLA2G4C,0.6987200732056803,1.3696524064171123,Up,KEGG
Chemokine signaling pathway,3,105,264,0.39293076319345005,GNG12;GNG4;STAT1,0.7245787468062702,1.3305194805194804,Up,KEGG
Mitophagy,2,65,264,0.4085461622014108,OPTN;ULK1,0.7434683581493657,1.432867132867133,Up,KEGG
"Alanine, aspartate and glutamate metabolism",1,25,264,0.41913182506728064,NAT8L,0.7434683581493657,1.8627272727272728,Up,KEGG
Cholesterol metabolism,1,25,264,0.41913182506728064,OSBPL5,0.7434683581493657,1.8627272727272728,Up,KEGG
Ovarian steroidogenesis,1,26,264,0.43163074088619324,PLA2G4C,0.7434683581493657,1.791083916083916,Up,KEGG
Nicotinate and nicotinamide metabolism,1,26,264,0.43163074088619324,NMNAT2,0.7434683581493657,1.791083916083916,Up,KEGG
"Glycine, serine and threonine metabolism",1,26,264,0.43163074088619324,SARDH,0.7434683581493657,1.791083916083916,Up,KEGG
Ether lipid metabolism,1,26,264,0.43163074088619324,PLA2G4C,0.7434683581493657,1.791083916083916,Up,KEGG
Proteoglycans in cancer,4,157,264,0.4367591268430445,CD63;ITGA5;PTCH1;WNT5A,0.7434683581493657,1.1864504921829764,Up,KEGG
Melanogenesis,2,69,264,0.4382307114136122,CREB3L1;WNT5A,0.7434683581493657,1.349802371541502,Up,KEGG
Huntington disease,6,248,264,0.4421154011558939,BBC3;CASP8;CREB3L1;KIF5C;TUBB3;ULK1,0.7434683581493657,1.126649560117302,Up,KEGG
Staphylococcus aureus infection,1,27,264,0.4438617063578303,CFB,0.7434683581493657,1.7247474747474747,Up,KEGG
Glycerophospholipid metabolism,2,71,264,0.45276788616141356,LPIN2;PLA2G4C,0.7509734963902973,1.3117797695262485,Up,KEGG
Tuberculosis,3,116,264,0.45581475900306606,CASP8;IL18;STAT1,0.7509734963902973,1.2043495297805642,Up,KEGG
ErbB signaling pathway,2,73,264,0.46708915690676306,AREG;BTC,0.7571364559537047,1.2758405977584062,Up,KEGG
GnRH signaling pathway,2,73,264,0.46708915690676306,MAP2K3;PLA2G4C,0.7571364559537047,1.2758405977584062,Up,KEGG
ABC transporters,1,30,264,0.4790035235442389,ABCG1,0.7641246685110478,1.5522727272727272,Up,KEGG
Cocaine addiction,1,30,264,0.4790035235442389,CREB3L1,0.7641246685110478,1.5522727272727272,Up,KEGG
Endocrine and other factor-regulated calcium reabsorption,1,32,264,0.5011933722483825,BDKRB2,0.7736726423754638,1.4552556818181817,Up,KEGG
Bile secretion,1,32,264,0.5011933722483825,SLC4A2,0.7736726423754638,1.4552556818181817,Up,KEGG
AGE-RAGE signaling pathway in diabetic complications,2,79,264,0.5086834070574624,NFATC1;STAT1,0.7736726423754638,1.1789413118527043,Up,KEGG
Glucagon signaling pathway,2,79,264,0.5086834070574624,CREB3L1;PYGL,0.7736726423754638,1.1789413118527043,Up,KEGG
Human T-cell leukemia virus 1 infection,4,173,264,0.5116198173165275,B2M;CREB3L1;HLA-A;NFATC1,0.7736726423754638,1.0767209668943774,Up,KEGG
Ferroptosis,1,33,264,0.511932643959884,STEAP3,0.7736726423754638,1.4111570247933884,Up,KEGG
Base excision repair,1,33,264,0.511932643959884,PARP4,0.7736726423754638,1.4111570247933884,Up,KEGG
Other types of O-glycan biosynthesis,1,35,264,0.5327250340129531,LFNG,0.7910158391365778,1.3305194805194807,Up,KEGG
Colorectal cancer,2,83,264,0.5352146971272367,AREG;BBC3,0.7910158391365778,1.1221248630887186,Up,KEGG
Prostate cancer,2,83,264,0.5352146971272367,CREB3L1;PLAT,0.7910158391365778,1.1221248630887186,Up,KEGG
Endocytosis,5,227,264,0.5403823435006058,BIN1;HLA-A;KIF5C;PSD3;RAB11FIP5,0.7928237302454143,1.0257308770524631,Up,KEGG
Longevity regulating pathway,2,85,264,0.5481083941438187,CREB3L1;ULK1,0.7983317914703446,1.0957219251336898,Up,KEGG
Sphingolipid metabolism,1,39,264,0.5716994181133251,ARSA,0.8108758285971561,1.194055944055944,Up,KEGG
Cortisol synthesis and secretion,1,39,264,0.5716994181133251,CREB3L1,0.8108758285971561,1.194055944055944,Up,KEGG
MicroRNAs in cancer,3,138,264,0.572151284136483,DDIT4;ITGA5;MARCKS,0.8108758285971561,1.0123517786561265,Up,KEGG
Insulin resistance,2,89,264,0.5731386966597185,CREB3L1;PYGL,0.8108758285971561,1.0464759959141983,Up,KEGG
Hedgehog signaling pathway,1,40,264,0.5809259667561716,PTCH1,0.8108758285971561,1.1642045454545455,Up,KEGG
Thyroid hormone synthesis,1,40,264,0.5809259667561716,CREB3L1,0.8108758285971561,1.1642045454545455,Up,KEGG
Retrograde endocannabinoid signaling,2,91,264,0.5852720034699879,GNG12;GNG4,0.8113080875687418,1.0234765234765235,Up,KEGG
Gastric acid secretion,1,41,264,0.5899544917093602,SLC4A2,0.8121976221478179,1.135809312638581,Up,KEGG
Shigellosis,4,194,264,0.6023469955597426,CASP4;IL18;ITGA5;MYL12A,0.8166915250186026,0.9601686972820994,Up,KEGG
Leishmaniasis,1,43,264,0.6074343173270254,STAT1,0.8166915250186026,1.0829809725158563,Up,KEGG
Proteasome,1,43,264,0.6074343173270254,PSMB10,0.8166915250186026,1.0829809725158563,Up,KEGG
Rap1 signaling pathway,3,147,264,0.6151052925404235,F2R;ID1;MAP2K3,0.8166915250186026,0.9503710575139147,Up,KEGG
Ras signaling pathway,3,148,264,0.6196954695661814,GNG12;GNG4;PLA2G4C,0.8166915250186026,0.9439496314496315,Up,KEGG
Vibrio cholerae infection,1,45,264,0.6241716979660028,KDELR3,0.8166915250186026,1.034848484848485,Up,KEGG
Arrhythmogenic right ventricular cardiomyopathy,1,45,264,0.6241716979660028,ITGA5,0.8166915250186026,1.034848484848485,Up,KEGG
AMPK signaling pathway,2,98,264,0.6257238549893771,CREB3L1;ULK1,0.8166915250186026,0.9503710575139146,Up,KEGG
Amphetamine addiction,1,46,264,0.6322718426094012,CREB3L1,0.8196166165322422,1.0123517786561265,Up,KEGG
Phospholipase D signaling pathway,2,100,264,0.6367072594267559,F2R;PLA2G4C,0.8196166165322422,0.9313636363636364,Up,KEGG
VEGF signaling pathway,1,47,264,0.6401980537092637,PLA2G4C,0.8196166165322422,0.9908123791102516,Up,KEGG
Rheumatoid arthritis,1,48,264,0.6479540522248799,IL18,0.8225737654337916,0.9701704545454546,Up,KEGG
Pathways of neurodegeneration,7,361,264,0.6612620054093684,CASP8;KIF5C;MAP2K3;OPTN;TUBB3;ULK1;WNT5A,0.8225737654337916,0.9029841349785949,Up,KEGG
Drug metabolism,1,50,264,0.6629699004988768,NME3,0.8225737654337916,0.9313636363636364,Up,KEGG
Synaptic vesicle cycle,1,50,264,0.6629699004988768,SLC1A1,0.8225737654337916,0.9313636363636364,Up,KEGG
Hypertrophic cardiomyopathy,1,50,264,0.6629699004988768,ITGA5,0.8225737654337916,0.9313636363636364,Up,KEGG
Dilated cardiomyopathy,1,51,264,0.6702368023502572,ITGA5,0.8264883268245502,0.9131016042780749,Up,KEGG
Cushing syndrome,2,108,264,0.6781249852247091,CREB3L1;WNT5A,0.8311165977449178,0.8623737373737373,Up,KEGG
Coronavirus disease,3,163,264,0.684049196428533,CFB;ISG15;STAT1,0.833296293831122,0.8570831009481317,Up,KEGG
Wnt signaling pathway,2,114,264,0.7066082223948831,NFATC1;WNT5A,0.8526638369947818,0.8169856459330144,Up,KEGG
Insulin signaling pathway,2,115,264,0.7111463999417453,MKNK2;PYGL,0.8526638369947818,0.8098814229249013,Up,KEGG
Lysosome,2,116,264,0.7156259024143536,ARSA;CD63,0.8526638369947818,0.8028996865203761,Up,KEGG
Aldosterone synthesis and secretion,1,58,264,0.7169163604582991,CREB3L1,0.8526638369947818,0.8028996865203761,Up,KEGG
Calcium signaling pathway,2,120,264,0.7329656223509138,BDKRB2;F2R,0.8610637015663185,0.7761363636363636,Up,KEGG
Bacterial invasion of epithelial cells,1,61,264,0.7348484673478034,ITGA5,0.8610637015663185,0.7634128166915052,Up,KEGG
Alzheimer disease,5,285,264,0.7368306301960537,CASP8;KIF5C;TUBB3;ULK1;WNT5A,0.8610637015663185,0.8169856459330144,Up,KEGG
Non-small cell lung cancer,1,63,264,0.7461698881332761,KIF5C,0.8669372688716099,0.7391774891774892,Up,KEGG
Inositol phosphate metabolism,1,67,264,0.7673882011862153,PLCH2,0.8777659426272759,0.6950474898236093,Up,KEGG
Amyotrophic lateral sclerosis,5,298,264,0.7712640659900554,KIF5C;MAP2K3;OPTN;TUBB3;ULK1,0.8777659426272759,0.7813453325198292,Up,KEGG
Autophagy,2,130,264,0.7724255572470717,DDIT4;ULK1,0.8777659426272759,0.7164335664335665,Up,KEGG
Tight junction,2,131,264,0.7760790711714681,MICALL2;MYL12A,0.8777659426272759,0.7109646079111729,Up,KEGG
Neutrophil extracellular trap formation,1,69,264,0.7773250636201747,CASP4,0.8777659426272759,0.674901185770751,Up,KEGG
Chemical carcinogenesis,2,135,264,0.79018616992409,CREB3L1;KLF4,0.8788952220149928,0.6898989898989899,Up,KEGG
Pancreatic cancer,1,72,264,0.7914429611179785,STAT1,0.8788952220149928,0.646780303030303,Up,KEGG
T cell receptor signaling pathway,1,72,264,0.7914429611179785,NFATC1,0.8788952220149928,0.646780303030303,Up,KEGG
Leukocyte transendothelial migration,1,73,264,0.7959478750653565,MYL12A,0.8790413345502013,0.6379202988792031,Up,KEGG
Choline metabolism in cancer,1,76,264,0.8088892032939415,PLA2G4C,0.8884520757490834,0.6127392344497609,Up,KEGG
HIF-1 signaling pathway,1,80,264,0.8248810942496306,MKNK2,0.9003346378470874,0.5821022727272728,Up,KEGG
Phosphatidylinositol signaling system,1,81,264,0.8286662089637372,PIP4P2,0.9003346378470874,0.5749158249158249,Up,KEGG
Prion disease,3,211,264,0.8353004861340493,CREB3L1;KIF5C;TUBB3,0.9026634285642147,0.662106850495476,Up,KEGG
Adrenergic signaling in cardiomyocytes,1,88,264,0.8529750813090055,CREB3L1,0.9168341783054016,0.5291838842975207,Up,KEGG
Estrogen signaling pathway,1,94,264,0.8710559362624258,CREB3L1,0.931069943444789,0.4954061895551258,Up,KEGG
Thyroid hormone signaling pathway,1,99,264,0.8844184870916303,STAT1,0.931069943444789,0.4703856749311295,Up,KEGG
Sphingolipid signaling pathway,1,100,264,0.8869206207044069,BDKRB2,0.931069943444789,0.4656818181818182,Up,KEGG
Gastric cancer,1,102,264,0.8917641496017211,WNT5A,0.931069943444789,0.4565508021390374,Up,KEGG
Breast cancer,1,103,264,0.8941078392756997,WNT5A,0.931069943444789,0.45211827007943517,Up,KEGG
Fluid shear stress and atherosclerosis,1,105,264,0.8986446220312889,PLAT,0.931069943444789,0.4435064935064935,Up,KEGG
Neurotrophin signaling pathway,1,105,264,0.8986446220312889,ARHGDIG,0.931069943444789,0.4435064935064935,Up,KEGG
Thermogenesis,2,190,264,0.918020680993635,CREB3L1;MAP2K3,0.9407970382176561,0.4901913875598086,Up,KEGG
Spinocerebellar ataxia,1,116,264,0.9203479777913685,ULK1,0.9407970382176561,0.40144984326018807,Up,KEGG
Cell cycle,1,117,264,0.9220747090988968,CDC14B,0.9407970382176561,0.398018648018648,Up,KEGG
Parkinson disease,2,202,264,0.9338198641983673,KIF5C;TUBB3,0.9479686500195547,0.46107110711071103,Up,KEGG
Non-alcoholic fatty liver disease,1,132,264,0.94392001179905,CASP8,0.9486396118580452,0.3527892561983471,Up,KEGG
Hepatocellular carcinoma,1,132,264,0.94392001179905,WNT5A,0.9486396118580452,0.3527892561983471,Up,KEGG
Protein processing in endoplasmic reticulum,1,156,264,0.9668987712160995,STUB1,0.9668987712160995,0.298513986013986,Up,KEGG
Interferon Gamma Response,30,146,264,2.5265114300176405e-21,APOL6;B2M;CASP4;CASP8;CFB;CMPK2;DDX60;HELZ2;HLA-A;IFI44;IFIT1;IFIT2;IFIT3;IFITM3;IL4R;IRF1;IRF5;IRF7;ISG15;LGALS3BP;LY6E;MVP;NLRC5;OASL;PARP12;PSMB10;RSAD2;SP110;STAT1;TNFAIP3,1.0863999149075855e-19,9.568804483188044,Up,Hallmark
Interferon Alpha Response,21,82,264,2.3983840551079434e-17,B2M;CASP8;CMPK2;DDX60;HELZ2;IFI44;IFIT2;IFIT3;IFITM1;IFITM3;IL4R;IRF1;IRF7;ISG15;LGALS3BP;LY6E;OASL;PARP12;RSAD2;SAMD9;SP110,5.156525718482079e-16,11.9259977827051,Up,Hallmark
KRAS Signaling Up,13,121,264,1.9138438299623428e-06,ADAM8;ALDH1A3;BTC;CFB;IGFBP3;KIF5C;KLF4;LIF;PLAT;PLEK2;SEMA3B;TNFAIP3;TRAF1,2.743176156279358e-05,5.003193087903831,Up,Hallmark
Epithelial Mesenchymal Transition,11,137,264,0.00017662339000537518,APLP1;AREG;COL5A1;ECM1;IGFBP3;ITGA5;LAMA3;LGALS1;PTHLH;TNFAIP3;WNT5A,0.0015768723631246911,3.739051094890511,Up,Hallmark
Allograft Rejection,9,94,264,0.00018335725152612687,B2M;F2R;HLA-A;IL18;IL4R;IRF7;LIF;PSMB10;STAT1,0.0015768723631246911,4.458655705996131,Up,Hallmark
TNF-alpha Signaling via NF-kB,12,165,264,0.0002299677220109264,AREG;IFIT2;IL18;IRF1;JUNB;KLF4;LIF;MAP2K3;MARCKS;TGIF1;TNFAIP3;TRAF1,0.001580475210787659,3.386776859504132,Up,Hallmark
IL-2/STAT5 Signaling,11,143,264,0.0002572866622212468,APLP1;ECM1;GUCY1B1;IFITM3;IL4R;LIF;PLEC;PTCH1;SERPINB6;SPRY4;TRAF1,0.001580475210787659,3.582167832167832,Up,Hallmark
Inflammatory Response,9,106,264,0.00045282581258613403,IFITM1;IL18;IL4R;IRF1;IRF7;ITGA5;LIF;LY6E;OSMR,0.0024339387426504703,3.953902229845626,Up,Hallmark
Glycolysis,10,180,264,0.005508891418300469,BIK;CHPF;CHPF2;CHST1;COL5A1;DDIT4;IGFBP3;KDELR3;PYGL;SDC3,0.026320258998546685,2.587121212121212,Up,Hallmark
Apoptosis,8,129,264,0.006639926208704946,BIK;CASP4;CASP8;F2R;IFITM3;IL18;IRF1;PLAT,0.028551682697431267,2.887949260042283,Up,Hallmark
Complement,8,142,264,0.011538658802545336,CASP4;CFB;IRF1;IRF7;PLAT;S100A9;SERPINA1;TNFAIP3,0.04510566622813177,2.623559539052497,Up,Hallmark
IL-6/JAK/STAT3 Signaling,4,46,264,0.016738146188998028,IL4R;IRF1;OSMR;STAT1,0.05997835717724293,4.049407114624506,Up,Hallmark
TGF-beta Signaling,4,51,264,0.02359944048701512,ID1;ID3;JUNB;TGIF1,0.07279605368344065,3.6524064171122994,Up,Hallmark
Hedgehog Signaling,3,29,264,0.023701040734143468,L1CAM;NRP2;PTCH1,0.07279605368344065,4.817398119122257,Up,Hallmark
KRAS Signaling Dn,5,93,264,0.04975801331635086,ARHGDIG;LFNG;MFSD6;RGS11;RSAD2,0.14263963817353914,2.5036656891495603,Up,Hallmark
Myogenesis,6,129,264,0.05948174927424045,BDKRB2;BIN1;IGFBP3;KCNH2;SVIL;TNNT1,0.1598572011745212,2.1659619450317127,Up,Hallmark
UV Response Up,6,136,264,0.07285258045763897,DGAT1;GRINA;IRF1;JUNB;KCNH2;MAPK8IP2,0.18427417409873387,2.0544786096256686,Up,Hallmark
Apical Junction,6,143,264,0.0878087898871075,KCNH2;LAMA3;NFASC;PKD1;SDC3;TRAF1,0.20976544250809012,1.9539097266369996,Up,Hallmark
Coagulation,4,80,264,0.09312220925634507,CFB;GNG12;PLAT;SERPINA1,0.2107502630538336,2.328409090909091,Up,Hallmark
Estrogen Response Early,7,185,264,0.1039871668025585,AREG;KAZN;KLF4;NBL1;SEMA3B;SLC1A1;SVIL,0.2235724086255008,1.762039312039312,Up,Hallmark
Notch Signaling,2,29,264,0.12789131550206048,LFNG;WNT5A,0.2618726936470762,3.2115987460815045,Up,Hallmark
Androgen Response,4,92,264,0.13579971727810497,ALDH1A3;B2M;CDC14B;MYL12A,0.26542672013447793,2.024703557312253,Up,Hallmark
Hypoxia,6,168,264,0.15348067114120154,COL5A1;DDIT4;IGFBP3;KDELR3;SDC3;TNFAIP3,0.28694212430746374,1.6631493506493507,Up,Hallmark
Estrogen Response Late,6,178,264,0.18452863097572594,AREG;KLF4;NBL1;S100A9;SEMA3B;SERPINA1,0.33061379716484235,1.5697139938712974,Up,Hallmark
p53 Pathway,6,185,264,0.20761896836941623,DDIT4;F2R;KLF4;LIF;MKNK2;STEAP3,0.3571046255953959,1.5103194103194104,Up,Hallmark
Unfolded Protein Response,3,107,264,0.4045284751358773,DDIT4;IFIT1;KDELR3,0.6690278627247201,1.3056499575191163,Up,Hallmark
heme Metabolism,4,156,264,0.43196164146109817,LPIN2;MAP2K3;OPTN;TNS1,0.6879389104750823,1.194055944055944,Up,Hallmark
Apical Surface,1,34,264,0.522441556935546,MDGA1,0.7986440134833644,1.3696524064171123,Up,Hallmark
Wnt-beta Catenin Signaling,1,36,264,0.5427878932201139,PTCH1,0.7986440134833644,1.293560606060606,Up,Hallmark
Xenobiotic Metabolism,3,135,264,0.5571934977790914,CFB;LPIN2;PSMB10,0.7986440134833644,1.034848484848485,Up,Hallmark
PI3K/AKT/mTOR  Signaling,2,92,264,0.5912427663085723,MAP2K3;MKNK2,0.8201109339118906,1.0123517786561265,Up,Hallmark
Reactive Oxygen Species Pathway,1,45,264,0.6241716979660028,JUNB,0.8387307191418163,1.034848484848485,Up,Hallmark
UV Response Dn,2,125,264,0.7533725158968338,ID1;KCNMA1,0.9597372155962001,0.745090909090909,Up,Hallmark
Cholesterol Homeostasis,1,68,264,0.7724106527186305,SEMA3B,0.9597372155962001,0.6848262032085561,Up,Hallmark
Bile Acid Metabolism,1,74,264,0.8003558417606143,OPTN,0.9597372155962001,0.6292997542997544,Up,Hallmark
DNA Repair,2,143,264,0.816072822305321,CMPK2;NME3,0.9597372155962001,0.6513032422123332,Up,Hallmark
Pperoxisome,1,90,264,0.8592664756519781,MVP,0.9597372155962001,0.5174242424242425,Up,Hallmark
Protein Secretion,1,93,264,0.8682041952197248,CD63,0.9597372155962001,0.500733137829912,Up,Hallmark
Adipogenesis,2,171,264,0.8856253351943414,DGAT1;SNCG,0.9597372155962001,0.5446570972886763,Up,Hallmark
mTORC1 Signaling,2,189,264,0.9165554637032128,DDIT4;MAP2K3,0.9597372155962001,0.49278499278499277,Up,Hallmark
Mitotic Spindle,2,194,264,0.9236437750520606,BIN1;MARCKS,0.9597372155962001,0.4800843486410497,Up,Hallmark
Fatty Acid Metabolism,1,127,264,0.9374177454660558,LGALS1,0.9597372155962001,0.36667859699355765,Up,Hallmark
G2-M Checkpoint,1,195,264,0.9859783239937163,MARCKS,0.9859783239937163,0.23881118881118882,Up,Hallmark
Actin Filament Bundle Organization (GO:0061572),3,24,114,0.0013636420181183863,AIF1L;NEDD9;PLS1,0.4692081844561511,13.480263157894736,Down,GO_BP
Actin Filament Bundle Assembly (GO:0051017),3,25,114,0.0015391851397992735,AIF1L;NEDD9;PLS1,0.4692081844561511,12.941052631578946,Down,GO_BP
Sprouting Angiogenesis (GO:0002040),3,38,114,0.005173223997200017,E2F7;NRARP;SEMA5A,0.4692081844561511,8.513850415512465,Down,GO_BP
Ruffle Organization (GO:0031529),2,12,114,0.005294186014743434,AIF1L;TPM1,0.4692081844561511,17.973684210526315,Down,GO_BP
Cell-Cell Adhesion Mediated By Cadherin (GO:0044331),2,13,114,0.006219028293856079,CDH3;PLEKHA7,0.4692081844561511,16.591093117408903,Down,GO_BP
Endothelial Cell Proliferation (GO:0001935),2,13,114,0.006219028293856079,NRARP;SEMA5A,0.4692081844561511,16.591093117408903,Down,GO_BP
Regulation Of Transcription Involved In G1/S Transition Of Mitotic Cell Cycle (GO:0000083),2,16,114,0.009395904034866885,E2F2;E2F7,0.4692081844561511,13.480263157894735,Down,GO_BP
Focal Adhesion Assembly (GO:0048041),2,17,114,0.010584650114356152,FERMT2;TESK2,0.4692081844561511,12.687306501547987,Down,GO_BP
Positive Regulation Of Cell-Substrate Adhesion (GO:0010811),3,51,114,0.011707943300695528,ALOX15;FERMT2;NEDD9,0.4692081844561511,6.343653250773993,Down,GO_BP
Protein Localization To Cell Junction (GO:1902414),2,19,114,0.013149219630729842,FERMT2;PCLO,0.4692081844561511,11.35180055401662,Down,GO_BP
Actin Filament Organization (GO:0007015),4,101,114,0.014383743445238677,MYO5B;NEDD9;PLS1;TPM1,0.4692081844561511,4.2709744658676385,Down,GO_BP
Adherens Junction Organization (GO:0034332),2,20,114,0.01452256988108561,CDH3;FERMT2,0.4692081844561511,10.784210526315789,Down,GO_BP
Negative Regulation Of Cell Motility (GO:2000146),4,107,114,0.017432724645103804,NEDD9;STK26;TET1;TPM1,0.4692081844561511,4.031480570585341,Down,GO_BP
Integrin-Mediated Signaling Pathway (GO:0007229),3,61,114,0.018932189322322924,FERMT2;ITGA10;NEDD9,0.4692081844561511,5.303710094909404,Down,GO_BP
Negative Regulation Of Notch Signaling Pathway (GO:0045746),2,23,114,0.01899240327799139,NRARP;WWP2,0.4692081844561511,9.377574370709382,Down,GO_BP
Cellular Nitrogen Compound Biosynthetic Process (GO:0044271),2,23,114,0.01899240327799139,ARG2;SPTSSB,0.4692081844561511,9.377574370709382,Down,GO_BP
Cell-Cell Signaling By Wnt (GO:0198738),2,23,114,0.01899240327799139,CD24;FERMT2,0.4692081844561511,9.377574370709382,Down,GO_BP
Sphingolipid Biosynthetic Process (GO:0030148),3,62,114,0.019763321596678405,FUT9;PPM1L;SPTSSB,0.4692081844561511,5.218166383701188,Down,GO_BP
Cell-Substrate Junction Assembly (GO:0007044),2,24,114,0.020595017937979836,FERMT2;TESK2,0.4692081844561511,8.986842105263158,Down,GO_BP
Cell Junction Assembly (GO:0034329),3,64,114,0.021485334188661203,CDH3;FARP1;GRHL2,0.4692081844561511,5.055098684210526,Down,GO_BP
Cell Surface Receptor Signaling Pathway Involved In Cell-Cell Signaling (GO:1905114),2,25,114,0.02225204687695206,CD24;FERMT2,0.4692081844561511,8.627368421052632,Down,GO_BP
Stem Cell Differentiation (GO:0048863),2,26,114,0.02396236189949239,EPCAM;MLLT3,0.4692081844561511,8.295546558704451,Down,GO_BP
Positive Regulation Of Substrate Adhesion-Dependent Cell Spreading (GO:1900026),2,26,114,0.02396236189949239,FERMT2;NEDD9,0.4692081844561511,8.295546558704451,Down,GO_BP
Positive Regulation Of Canonical Wnt Signaling Pathway (GO:0090263),3,67,114,0.024217866281636986,CDH3;NRARP;SEMA5A,0.4692081844561511,4.828750981932443,Down,GO_BP
Regulation Of Cell Migration (GO:0030334),7,311,114,0.025601442554098467,FERMT2;NEDD9;RDX;SEMA5A;STK26;TET1;TPM1,0.4692081844561511,2.4273142663733287,Down,GO_BP
Regulation Of Phosphorylation (GO:0042325),3,69,114,0.02613920584682345,CD24;CDKN2C;KCTD20,0.4692081844561511,4.68878718535469,Down,GO_BP
Cell-Matrix Adhesion (GO:0007160),3,70,114,0.027129731637826008,FERMT2;ITGA10;TESK2,0.4692081844561511,4.621804511278196,Down,GO_BP
Cellular Component Assembly (GO:0022607),5,183,114,0.027666719808875175,AIF1L;GRHL2;NEDD9;PCLO;PLS1,0.4692081844561511,2.9465056082830023,Down,GO_BP
Negative Regulation Of Cell Migration (GO:0030336),4,128,114,0.031130309175674727,NEDD9;STK26;TET1;TPM1,0.4692081844561511,3.3700657894736836,Down,GO_BP
Negative Regulation Of Cell-Cell Adhesion (GO:0022408),2,31,114,0.03327484511204148,EPCAM;RDX,0.4692081844561511,6.957555178268251,Down,GO_BP
Neural Crest Cell Development (GO:0014032),2,32,114,0.035282062664841865,KBTBD8;SEMA5A,0.4692081844561511,6.740131578947367,Down,GO_BP
Epithelial Cell Differentiation (GO:0030855),3,78,114,0.035766380215059894,DLX3;E2F7;GRHL2,0.4692081844561511,4.147773279352227,Down,GO_BP
Positive Regulation Of Stress Fiber Assembly (GO:0051496),2,33,114,0.037335104016115464,FERMT2;TPM1,0.4692081844561511,6.535885167464114,Down,GO_BP
Positive Regulation Of Epithelial Cell Proliferation (GO:0050679),3,80,114,0.03812174118935276,CDH3;NRARP;SEMA5A,0.4692081844561511,4.044078947368421,Down,GO_BP
Positive Regulation Of Wnt Signaling Pathway (GO:0030177),3,84,114,0.0430643965232179,CDH3;NRARP;SEMA5A,0.4692081844561511,3.8515037593984958,Down,GO_BP
Regulation Of Signal Transduction (GO:0009966),4,143,114,0.04392544373263392,ALOX15;CD24;RGS16;SEMA5A,0.4692081844561511,3.0165623849834375,Down,GO_BP
Monoatomic Cation Transmembrane Transport (GO:0098655),4,145,114,0.045824413171619,KCNK2;MCOLN2;MCOLN3;NNT,0.4692081844561511,2.974954627949183,Down,GO_BP
Inorganic Cation Transmembrane Transport (GO:0098662),4,145,114,0.045824413171619,KCNK2;MCOLN2;MCOLN3;NNT,0.4692081844561511,2.974954627949183,Down,GO_BP
Positive Regulation Of Actin Filament Bundle Assembly (GO:0032233),2,37,114,0.045985600042684205,FERMT2;TPM1,0.4692081844561511,5.829302987197724,Down,GO_BP
Cytoskeleton Organization (GO:0007010),3,89,114,0.04967091087399942,NEDD9;PCLO;TPM1,0.4692081844561511,3.6351271437019514,Down,GO_BP
Regulation Of G1/S Transition Of Mitotic Cell Cycle (GO:2000045),3,90,114,0.051048393275363826,CDKN2C;E2F7;RDX,0.4692081844561511,3.594736842105263,Down,GO_BP
Positive Regulation Of Cell Motility (GO:2000147),4,154,114,0.05493036685896659,FERMT2;NEDD9;RDX;SEMA5A,0.4692081844561511,2.8010936431989064,Down,GO_BP
Regulation Of Substrate Adhesion-Dependent Cell Spreading (GO:1900024),2,41,114,0.05529134100072198,FERMT2;NEDD9,0.4692081844561511,5.2605905006418485,Down,GO_BP
Positive Regulation Of Cell Cycle Process (GO:0090068),3,93,114,0.05529137125868083,E2F7;GPSM2;SMC4,0.4692081844561511,3.4787775891341255,Down,GO_BP
Positive Regulation Of Protein Localization To Cell Periphery (GO:1904377),2,42,114,0.05771321514631358,GPSM2;PLS1,0.4692081844561511,5.135338345864661,Down,GO_BP
Regulation Of Canonical Wnt Signaling Pathway (GO:0060828),4,157,114,0.05816841380283203,CDH3;MLLT3;NRARP;SEMA5A,0.4692081844561511,2.747569560844787,Down,GO_BP
Protein K63-linked Ubiquitination (GO:0070534),2,48,114,0.07297867586040786,RNF152;WWP2,0.4692081844561511,4.493421052631579,Down,GO_BP
Response To Reactive Oxygen Species (GO:0000302),2,50,114,0.07832682101563597,STK26;TPM1,0.4692081844561511,4.313684210526316,Down,GO_BP
External Encapsulating Structure Organization (GO:0045229),2,51,114,0.08104595888155187,ADAMTS19;MMP16,0.4692081844561511,4.2291021671826625,Down,GO_BP
Membrane Lipid Biosynthetic Process (GO:0046467),2,51,114,0.08104595888155187,PPM1L;SPTSSB,0.4692081844561511,4.2291021671826625,Down,GO_BP
Sensory Perception Of Light Stimulus (GO:0050953),2,51,114,0.08104595888155187,RGS16;VAX2,0.4692081844561511,4.2291021671826625,Down,GO_BP
Calcium Ion Transmembrane Transport (GO:0070588),2,51,114,0.08104595888155187,MCOLN2;MCOLN3,0.4692081844561511,4.2291021671826625,Down,GO_BP
Positive Regulation Of Cytoskeleton Organization (GO:0051495),2,51,114,0.08104595888155187,GPSM2;SEMA5A,0.4692081844561511,4.2291021671826625,Down,GO_BP
Organelle Disassembly (GO:1903008),2,51,114,0.08104595888155187,NEDD9;UBA5,0.4692081844561511,4.2291021671826625,Down,GO_BP
Extracellular Structure Organization (GO:0043062),2,52,114,0.08379410710343009,ADAMTS19;MMP16,0.4692081844561511,4.147773279352226,Down,GO_BP
Positive Regulation Of Endothelial Cell Proliferation (GO:0001938),2,52,114,0.08379410710343009,NRARP;SEMA5A,0.4692081844561511,4.147773279352226,Down,GO_BP
Visual Perception (GO:0007601),2,53,114,0.08657050525129117,RGS16;VAX2,0.4692081844561511,4.069513406156902,Down,GO_BP
Neurotrophin Signaling Pathway (GO:0038179),1,10,114,0.08898420059284087,SORT1,0.4692081844561511,10.784210526315789,Down,GO_BP
Neuromuscular Process (GO:0050905),1,10,114,0.08898420059284087,UBA5,0.4692081844561511,10.784210526315789,Down,GO_BP
Regulation Of Stem Cell Proliferation (GO:0072091),1,10,114,0.08898420059284087,EPCAM,0.4692081844561511,10.784210526315789,Down,GO_BP
Methylguanosine-Cap Decapping (GO:0110156),1,10,114,0.08898420059284087,DCPS,0.4692081844561511,10.784210526315789,Down,GO_BP
Positive Regulation Of DNA-templated DNA Replication (GO:2000105),1,10,114,0.08898420059284087,E2F7,0.4692081844561511,10.784210526315789,Down,GO_BP
Regulation Of Integrin Activation (GO:0033623),1,10,114,0.08898420059284087,FERMT2,0.4692081844561511,10.784210526315789,Down,GO_BP
Epithelial Cell Morphogenesis (GO:0003382),1,10,114,0.08898420059284087,GRHL2,0.4692081844561511,10.784210526315789,Down,GO_BP
Linoleic Acid Metabolic Process (GO:0043651),1,10,114,0.08898420059284087,ALOX15,0.4692081844561511,10.784210526315789,Down,GO_BP
Sphingoid Biosynthetic Process (GO:0046520),1,10,114,0.08898420059284087,SPTSSB,0.4692081844561511,10.784210526315789,Down,GO_BP
Vesicle-Mediated Transport In Synapse (GO:0099003),1,10,114,0.08898420059284087,PCLO,0.4692081844561511,10.784210526315789,Down,GO_BP
Response To Thyroid Hormone (GO:0097066),1,10,114,0.08898420059284087,RDX,0.4692081844561511,10.784210526315789,Down,GO_BP
Positive Regulation Of Cytoplasmic Transport (GO:1903651),1,10,114,0.08898420059284087,RDX,0.4692081844561511,10.784210526315789,Down,GO_BP
Sphingosine Biosynthetic Process (GO:0046512),1,10,114,0.08898420059284087,SPTSSB,0.4692081844561511,10.784210526315789,Down,GO_BP
Cellular Response To Thyroid Hormone Stimulus (GO:0097067),1,10,114,0.08898420059284087,RDX,0.4692081844561511,10.784210526315789,Down,GO_BP
Multicellular Organismal-Level Water Homeostasis (GO:0050891),1,10,114,0.08898420059284087,MYO5B,0.4692081844561511,10.784210526315789,Down,GO_BP
Megakaryocyte Differentiation (GO:0030219),1,10,114,0.08898420059284087,UBA5,0.4692081844561511,10.784210526315789,Down,GO_BP
Negative Regulation Of Leukocyte Cell-Cell Adhesion (GO:1903038),1,10,114,0.08898420059284087,VTCN1,0.4692081844561511,10.784210526315789,Down,GO_BP
Ventricular Cardiac Muscle Tissue Development (GO:0003229),1,10,114,0.08898420059284087,TPM1,0.4692081844561511,10.784210526315789,Down,GO_BP
Wnt Signaling Pathway (GO:0016055),2,54,114,0.08937440427942582,CD24;FERMT2,0.4692081844561511,3.9941520467836256,Down,GO_BP
Protein Glycosylation (GO:0006486),3,115,114,0.09118350833081226,DPAGT1;FUT9;TET1,0.4692081844561511,2.8132723112128146,Down,GO_BP
Protein N-linked Glycosylation (GO:0006487),2,56,114,0.0950617648607581,DPAGT1;FUT9,0.4692081844561511,3.851503759398496,Down,GO_BP
Negative Regulation Of Vascular Associated Smooth Muscle Cell Proliferation (GO:1904706),1,11,114,0.09743875946067025,TPM1,0.4692081844561511,9.803827751196172,Down,GO_BP
Positive Regulation Of Focal Adhesion Assembly (GO:0051894),1,11,114,0.09743875946067025,FERMT2,0.4692081844561511,9.803827751196172,Down,GO_BP
Nitric Oxide Biosynthetic Process (GO:0006809),1,11,114,0.09743875946067025,ARG2,0.4692081844561511,9.803827751196172,Down,GO_BP
Negative Regulation Of Smooth Muscle Cell Migration (GO:0014912),1,11,114,0.09743875946067025,TPM1,0.4692081844561511,9.803827751196172,Down,GO_BP
Regulation Of Endothelial Cell Chemotaxis (GO:2001026),1,11,114,0.09743875946067025,SEMA5A,0.4692081844561511,9.803827751196172,Down,GO_BP
Stem Cell Development (GO:0048864),1,11,114,0.09743875946067025,KBTBD8,0.4692081844561511,9.803827751196172,Down,GO_BP
Myotube Differentiation (GO:0014902),1,11,114,0.09743875946067025,SORT1,0.4692081844561511,9.803827751196172,Down,GO_BP
Glycosphingolipid Biosynthetic Process (GO:0006688),1,11,114,0.09743875946067025,FUT9,0.4692081844561511,9.803827751196172,Down,GO_BP
Positive Chemotaxis (GO:0050918),1,11,114,0.09743875946067025,SEMA5A,0.4692081844561511,9.803827751196172,Down,GO_BP
Neuron Projection Organization (GO:0106027),1,11,114,0.09743875946067025,PLS1,0.4692081844561511,9.803827751196172,Down,GO_BP
Sarcomere Organization (GO:0045214),1,11,114,0.09743875946067025,TPM1,0.4692081844561511,9.803827751196172,Down,GO_BP
Nitric Oxide Metabolic Process (GO:0046209),1,11,114,0.09743875946067025,ARG2,0.4692081844561511,9.803827751196172,Down,GO_BP
Organelle Organization (GO:0006996),6,344,114,0.10036536009197489,MNS1;NEDD9;PCLO;SORT1;SPTSSB;TPM1,0.4692081844561511,1.8809669522643817,Down,GO_BP
Regulation Of Notch Signaling Pathway (GO:0008593),2,58,114,0.10085041878705653,NRARP;WWP2,0.4692081844561511,3.7186932849364784,Down,GO_BP
Positive Regulation Of Cell Adhesion (GO:0045785),2,59,114,0.10378097508564553,ALOX15;TPM1,0.4692081844561511,3.655664585191793,Down,GO_BP
Oligosaccharide-Lipid Intermediate Biosynthetic Process (GO:0006490),1,12,114,0.10581553886484547,DPAGT1,0.4692081844561511,8.986842105263158,Down,GO_BP
Negative Regulation Of Translational Initiation (GO:0045947),1,12,114,0.10581553886484547,PAIP2B,0.4692081844561511,8.986842105263158,Down,GO_BP
Neural Tube Development (GO:0021915),1,12,114,0.10581553886484547,GRHL2,0.4692081844561511,8.986842105263158,Down,GO_BP
Positive Regulation Of calcineurin-NFAT Signaling Cascade (GO:0070886),1,12,114,0.10581553886484547,LMCD1,0.4692081844561511,8.986842105263158,Down,GO_BP
Positive Regulation Of Activated T Cell Proliferation (GO:0042104),1,12,114,0.10581553886484547,CD24,0.4692081844561511,8.986842105263158,Down,GO_BP
Microtubule Depolymerization (GO:0007019),1,12,114,0.10581553886484547,NCKAP5,0.4692081844561511,8.986842105263158,Down,GO_BP
Striated Muscle Cell Differentiation (GO:0051146),1,12,114,0.10581553886484547,SORT1,0.4692081844561511,8.986842105263158,Down,GO_BP
Cardiac Muscle Tissue Morphogenesis (GO:0055008),1,12,114,0.10581553886484547,TPM1,0.4692081844561511,8.986842105263158,Down,GO_BP
Positive Regulation Of Calcineurin-Mediated Signaling (GO:0106058),1,12,114,0.10581553886484547,LMCD1,0.4692081844561511,8.986842105263158,Down,GO_BP
Positive Regulation Of Endothelial Cell Chemotaxis (GO:2001028),1,12,114,0.10581553886484547,SEMA5A,0.4692081844561511,8.986842105263158,Down,GO_BP
Regulation Of Transmembrane Transport (GO:0034762),1,12,114,0.10581553886484547,WWP2,0.4692081844561511,8.986842105263158,Down,GO_BP
Microvillus Organization (GO:0032528),1,12,114,0.10581553886484547,STK26,0.4692081844561511,8.986842105263158,Down,GO_BP
Regulation Of Adaptive Immune Response (GO:0002819),1,12,114,0.10581553886484547,ALOX15,0.4692081844561511,8.986842105263158,Down,GO_BP
Regulation Of Phosphate Metabolic Process (GO:0019220),1,12,114,0.10581553886484547,CD24,0.4692081844561511,8.986842105263158,Down,GO_BP
Regulation Of Chromosome Separation (GO:1905818),1,12,114,0.10581553886484547,SMC4,0.4692081844561511,8.986842105263158,Down,GO_BP
tRNA Aminoacylation (GO:0043039),1,12,114,0.10581553886484547,FARS2,0.4692081844561511,8.986842105263158,Down,GO_BP
Epithelial Cell Development (GO:0002064),1,12,114,0.10581553886484547,GRHL2,0.4692081844561511,8.986842105263158,Down,GO_BP
Regulation Of Muscle Contraction (GO:0006937),1,12,114,0.10581553886484547,TPM1,0.4692081844561511,8.986842105263158,Down,GO_BP
Exonucleolytic Catabolism Of Deadenylated mRNA (GO:0043928),1,12,114,0.10581553886484547,DCPS,0.4692081844561511,8.986842105263158,Down,GO_BP
Glucose Transmembrane Transport (GO:1904659),1,12,114,0.10581553886484547,SORT1,0.4692081844561511,8.986842105263158,Down,GO_BP
NADPH Regeneration (GO:0006740),1,12,114,0.10581553886484547,NNT,0.4692081844561511,8.986842105263158,Down,GO_BP
Positive Regulation Of Protein Kinase B Signaling (GO:0051897),2,60,114,0.10673476918462649,FERMT2;SEMA5A,0.4692081844561511,3.594736842105263,Down,GO_BP
Regulation Of Stress Fiber Assembly (GO:0051492),2,61,114,0.10971112782402664,FERMT2;TPM1,0.4692081844561511,3.5358067299396025,Down,GO_BP
Positive Regulation Of Cell Migration (GO:0030335),4,197,114,0.11057991804899332,FERMT2;NEDD9;RDX;SEMA5A,0.4692081844561511,2.18968741651082,Down,GO_BP
Regulation Of Endothelial Cell Proliferation (GO:0001936),2,62,114,0.11270938803160498,NRARP;SEMA5A,0.4692081844561511,3.4787775891341255,Down,GO_BP
Calcium Ion Transport (GO:0006816),2,62,114,0.11270938803160498,MCOLN2;MCOLN3,0.4692081844561511,3.4787775891341255,Down,GO_BP
Regulation Of Epithelial Cell Differentiation (GO:0030856),1,13,114,0.11411524807909455,CD24,0.4692081844561511,8.295546558704451,Down,GO_BP
Oligosaccharide Biosynthetic Process (GO:0009312),1,13,114,0.11411524807909455,FUT9,0.4692081844561511,8.295546558704451,Down,GO_BP
Dolichol Metabolic Process (GO:0019348),1,13,114,0.11411524807909455,DPAGT1,0.4692081844561511,8.295546558704451,Down,GO_BP
Xenobiotic Transport (GO:0042908),1,13,114,0.11411524807909455,ABCG2,0.4692081844561511,8.295546558704451,Down,GO_BP
Long-Chain Fatty Acid Biosynthetic Process (GO:0042759),1,13,114,0.11411524807909455,ALOX15,0.4692081844561511,8.295546558704451,Down,GO_BP
Regulation Of Response To Cytokine Stimulus (GO:0060759),1,13,114,0.11411524807909455,CD24,0.4692081844561511,8.295546558704451,Down,GO_BP
Regulation Of Insulin-Like Growth Factor Receptor Signaling Pathway (GO:0043567),1,13,114,0.11411524807909455,CDH3,0.4692081844561511,8.295546558704451,Down,GO_BP
Neural Crest Cell Differentiation (GO:0014033),1,13,114,0.11411524807909455,KBTBD8,0.4692081844561511,8.295546558704451,Down,GO_BP
2-Oxoglutarate Metabolic Process (GO:0006103),1,13,114,0.11411524807909455,L2HGDH,0.4692081844561511,8.295546558704451,Down,GO_BP
Heart Contraction (GO:0060047),1,13,114,0.11411524807909455,TPM1,0.4692081844561511,8.295546558704451,Down,GO_BP
Cardiac Muscle Contraction (GO:0060048),1,13,114,0.11411524807909455,TPM1,0.4692081844561511,8.295546558704451,Down,GO_BP
Positive Regulation Of Chromosome Separation (GO:1905820),1,13,114,0.11411524807909455,SMC4,0.4692081844561511,8.295546558704451,Down,GO_BP
Cellular Response To Arsenic-Containing Substance (GO:0071243),1,13,114,0.11411524807909455,GSTO2,0.4692081844561511,8.295546558704451,Down,GO_BP
Microvillus Assembly (GO:0030033),1,13,114,0.11411524807909455,STK26,0.4692081844561511,8.295546558704451,Down,GO_BP
Positive Regulation Of Protein Localization To Nucleus (GO:1900182),2,64,114,0.11876901192192285,FERMT2;NMD3,0.4692081844561511,3.3700657894736836,Down,GO_BP
Regulation Of Plasma Membrane Bounded Cell Projection Assembly (GO:0120032),2,64,114,0.11876901192192285,CDKL1;RDX,0.4692081844561511,3.3700657894736836,Down,GO_BP
Regulation Of Ras Protein Signal Transduction (GO:0046578),2,65,114,0.1218290999354511,RDX;SYDE2,0.4692081844561511,3.318218623481781,Down,GO_BP
Positive Regulation Of Cellular Biosynthetic Process (GO:0031328),3,131,114,0.12198364570455085,CDH3;DDAH1;NMD3,0.4692081844561511,2.469666532744074,Down,GO_BP
acetyl-CoA Metabolic Process (GO:0006084),1,14,114,0.12233858996648023,HMGCS1,0.4692081844561511,7.703007518796992,Down,GO_BP
Regulation Of DNA Methylation-Dependent Heterochromatin Formation (GO:0090308),1,14,114,0.12233858996648023,TET1,0.4692081844561511,7.703007518796992,Down,GO_BP
Diol Biosynthetic Process (GO:0034312),1,14,114,0.12233858996648023,SPTSSB,0.4692081844561511,7.703007518796992,Down,GO_BP
Dolichol-Linked Oligosaccharide Biosynthetic Process (GO:0006488),1,14,114,0.12233858996648023,DPAGT1,0.4692081844561511,7.703007518796992,Down,GO_BP
Negative Regulation Of Lymphocyte Proliferation (GO:0050672),1,14,114,0.12233858996648023,VTCN1,0.4692081844561511,7.703007518796992,Down,GO_BP
Transepithelial Transport (GO:0070633),1,14,114,0.12233858996648023,ABCG2,0.4692081844561511,7.703007518796992,Down,GO_BP
Positive Regulation Of Supramolecular Fiber Organization (GO:1902905),2,66,114,0.12490853792595366,ALOX15;SEMA5A,0.4692081844561511,3.267942583732057,Down,GO_BP
Golgi To Vacuole Transport (GO:0006896),1,15,114,0.13048626103682398,SORT1,0.4692081844561511,7.189473684210526,Down,GO_BP
Regulation Of Cell-Cell Adhesion Mediated By Cadherin (GO:2000047),1,15,114,0.13048626103682398,EPCAM,0.4692081844561511,7.189473684210526,Down,GO_BP
Phosphatidylethanolamine Metabolic Process (GO:0046337),1,15,114,0.13048626103682398,ALOX15,0.4692081844561511,7.189473684210526,Down,GO_BP
Placenta Development (GO:0001890),1,15,114,0.13048626103682398,E2F7,0.4692081844561511,7.189473684210526,Down,GO_BP
Negative Regulation Of Endothelial Cell Apoptotic Process (GO:2000352),1,15,114,0.13048626103682398,SEMA5A,0.4692081844561511,7.189473684210526,Down,GO_BP
Hematopoietic Progenitor Cell Differentiation (GO:0002244),1,15,114,0.13048626103682398,MLLT3,0.4692081844561511,7.189473684210526,Down,GO_BP
Mitotic Chromosome Condensation (GO:0007076),1,15,114,0.13048626103682398,SMC4,0.4692081844561511,7.189473684210526,Down,GO_BP
Negative Regulation Of Axon Extension Involved In Axon Guidance (GO:0048843),1,15,114,0.13048626103682398,SEMA5A,0.4692081844561511,7.189473684210526,Down,GO_BP
Reticulophagy (GO:0061709),1,15,114,0.13048626103682398,UBA5,0.4692081844561511,7.189473684210526,Down,GO_BP
Neuropeptide Signaling Pathway (GO:0007218),1,15,114,0.13048626103682398,SORT1,0.4692081844561511,7.189473684210526,Down,GO_BP
Endothelial Cell Development (GO:0001885),1,15,114,0.13048626103682398,RDX,0.4692081844561511,7.189473684210526,Down,GO_BP
Positive Regulation Of Nitric Oxide Biosynthetic Process (GO:0045429),1,15,114,0.13048626103682398,DDAH1,0.4692081844561511,7.189473684210526,Down,GO_BP
Positive Regulation Of Monooxygenase Activity (GO:0032770),1,15,114,0.13048626103682398,CDH3,0.4692081844561511,7.189473684210526,Down,GO_BP
Golgi To Endosome Transport (GO:0006895),1,15,114,0.13048626103682398,SORT1,0.4692081844561511,7.189473684210526,Down,GO_BP
Positive Regulation Of Axon Extension (GO:0045773),1,15,114,0.13048626103682398,SEMA5A,0.4692081844561511,7.189473684210526,Down,GO_BP
Vesicle Transport Along Actin Filament (GO:0030050),1,15,114,0.13048626103682398,MYO5B,0.4692081844561511,7.189473684210526,Down,GO_BP
Regulation Of Organelle Assembly (GO:1902115),2,69,114,0.13425686473081078,CDKL1;RDX,0.4692081844561511,3.125858123569794,Down,GO_BP
Positive Regulation Of Cell-Substrate Junction Organization (GO:0150117),1,16,114,0.13855895150362108,FERMT2,0.4692081844561511,6.740131578947367,Down,GO_BP
"mRNA Cis Splicing, Via Spliceosome (GO:0045292)",1,16,114,0.13855895150362108,DCPS,0.4692081844561511,6.740131578947367,Down,GO_BP
Retina Homeostasis (GO:0001895),1,16,114,0.13855895150362108,CDH3,0.4692081844561511,6.740131578947367,Down,GO_BP
Negative Regulation Of T Cell Activation (GO:0050868),1,16,114,0.13855895150362108,VTCN1,0.4692081844561511,6.740131578947367,Down,GO_BP
Branched-Chain Amino Acid Catabolic Process (GO:0009083),1,16,114,0.13855895150362108,HMGCLL1,0.4692081844561511,6.740131578947367,Down,GO_BP
Carbohydrate Biosynthetic Process (GO:0016051),1,16,114,0.13855895150362108,FUT9,0.4692081844561511,6.740131578947367,Down,GO_BP
Regulation Of Blood Circulation (GO:1903522),1,16,114,0.13855895150362108,TPM1,0.4692081844561511,6.740131578947367,Down,GO_BP
Pore Complex Assembly (GO:0046931),1,16,114,0.13855895150362108,PLEKHA7,0.4692081844561511,6.740131578947367,Down,GO_BP
Positive Regulation Of Nitric Oxide Metabolic Process (GO:1904407),1,16,114,0.13855895150362108,DDAH1,0.4692081844561511,6.740131578947367,Down,GO_BP
Osteoclast Differentiation (GO:0030316),1,16,114,0.13855895150362108,GAB2,0.4692081844561511,6.740131578947367,Down,GO_BP
"Nuclear-Transcribed mRNA Catabolic Process, Exonucleolytic (GO:0000291)",1,16,114,0.13855895150362108,DCPS,0.4692081844561511,6.740131578947367,Down,GO_BP
Negative Regulation Of Protein Transport (GO:0051224),1,16,114,0.13855895150362108,WWP2,0.4692081844561511,6.740131578947367,Down,GO_BP
Apoptotic Cell Clearance (GO:0043277),1,16,114,0.13855895150362108,ALOX15,0.4692081844561511,6.740131578947367,Down,GO_BP
Ventricular Cardiac Muscle Tissue Morphogenesis (GO:0055010),1,16,114,0.13855895150362108,TPM1,0.4692081844561511,6.740131578947367,Down,GO_BP
Sphingosine Metabolic Process (GO:0006670),1,16,114,0.13855895150362108,SPTSSB,0.4692081844561511,6.740131578947367,Down,GO_BP
NADP Metabolic Process (GO:0006739),1,16,114,0.13855895150362108,NNT,0.4692081844561511,6.740131578947367,Down,GO_BP
Positive Regulation Of Protein Serine/Threonine Kinase Activity (GO:0071902),2,71,114,0.14057483758129435,CD24;FERMT2,0.4692081844561511,3.0378057820607856,Down,GO_BP
Regulation Of Programmed Cell Death (GO:0043067),3,141,114,0.1429184474691178,ANP32E;MECOM;STK26,0.4692081844561511,2.2945128779395296,Down,GO_BP
Positive Regulation Of Protein Localization (GO:1903829),2,72,114,0.1437578221770406,FERMT2;NEDD9,0.4692081844561511,2.995614035087719,Down,GO_BP
Embryonic Skeletal System Morphogenesis (GO:0048704),1,17,114,0.14655734534045015,HOXA3,0.4692081844561511,6.343653250773993,Down,GO_BP
Regulation Of Early Endosome To Late Endosome Transport (GO:2000641),1,17,114,0.14655734534045015,RDX,0.4692081844561511,6.343653250773993,Down,GO_BP
tRNA Aminoacylation For Protein Translation (GO:0006418),1,17,114,0.14655734534045015,FARS2,0.4692081844561511,6.343653250773993,Down,GO_BP
Negative Regulation Of Phosphate Metabolic Process (GO:0045936),1,17,114,0.14655734534045015,CDKN2C,0.4692081844561511,6.343653250773993,Down,GO_BP
Amide Transport (GO:0042886),1,17,114,0.14655734534045015,ABCG2,0.4692081844561511,6.343653250773993,Down,GO_BP
Actin Filament-Based Transport (GO:0099515),1,17,114,0.14655734534045015,MYO5B,0.4692081844561511,6.343653250773993,Down,GO_BP
Regulation Of Nitric-Oxide Synthase Activity (GO:0050999),1,17,114,0.14655734534045015,DDAH1,0.4692081844561511,6.343653250773993,Down,GO_BP
Negative Regulation Of T Cell Proliferation (GO:0042130),1,17,114,0.14655734534045015,VTCN1,0.4692081844561511,6.343653250773993,Down,GO_BP
Regulation Of Axon Extension Involved In Axon Guidance (GO:0048841),1,17,114,0.14655734534045015,SEMA5A,0.4692081844561511,6.343653250773993,Down,GO_BP
tRNA Metabolic Process (GO:0006399),1,17,114,0.14655734534045015,FARS2,0.4692081844561511,6.343653250773993,Down,GO_BP
Fatty Acid Derivative Biosynthetic Process (GO:1901570),1,17,114,0.14655734534045015,HMGCLL1,0.4692081844561511,6.343653250773993,Down,GO_BP
Negative Regulation Of GTPase Activity (GO:0034260),1,17,114,0.14655734534045015,RDX,0.4692081844561511,6.343653250773993,Down,GO_BP
Protein O-linked Glycosylation (GO:0006493),2,73,114,0.14695605847768856,FUT9;TET1,0.4692081844561511,2.9545782263878877,Down,GO_BP
Regulation Of Cardiac Muscle Hypertrophy (GO:0010611),1,18,114,0.15448212033688166,LMCD1,0.4692081844561511,5.991228070175438,Down,GO_BP
Myofibril Assembly (GO:0030239),1,18,114,0.15448212033688166,TPM1,0.4692081844561511,5.991228070175438,Down,GO_BP
Positive Regulation Of Chromosome Segregation (GO:0051984),1,18,114,0.15448212033688166,SMC4,0.4692081844561511,5.991228070175438,Down,GO_BP
Regulation Of Transferase Activity (GO:0051338),1,18,114,0.15448212033688166,SPTSSB,0.4692081844561511,5.991228070175438,Down,GO_BP
acyl-CoA Metabolic Process (GO:0006637),1,18,114,0.15448212033688166,HMGCS1,0.4692081844561511,5.991228070175438,Down,GO_BP
Cell Morphogenesis Involved In Differentiation (GO:0000904),1,18,114,0.15448212033688166,GRHL2,0.4692081844561511,5.991228070175438,Down,GO_BP
Regulation Of Potassium Ion Transmembrane Transporter Activity (GO:1901016),1,18,114,0.15448212033688166,WWP2,0.4692081844561511,5.991228070175438,Down,GO_BP
Axon Extension (GO:0048675),1,18,114,0.15448212033688166,SEMA5A,0.4692081844561511,5.991228070175438,Down,GO_BP
Sphingolipid Metabolic Process (GO:0006665),2,76,114,0.15663682853245775,PPM1L;SPTSSB,0.4692081844561511,2.837950138504155,Down,GO_BP
Regulation Of Ruffle Assembly (GO:1900027),1,19,114,0.16233394815389002,RDX,0.4692081844561511,5.67590027700831,Down,GO_BP
Regulation Of Keratinocyte Proliferation (GO:0010837),1,19,114,0.16233394815389002,CDH3,0.4692081844561511,5.67590027700831,Down,GO_BP
Regulation Of Actin Filament Bundle Assembly (GO:0032231),1,19,114,0.16233394815389002,RDX,0.4692081844561511,5.67590027700831,Down,GO_BP
Regulation Of Keratinocyte Differentiation (GO:0045616),1,19,114,0.16233394815389002,GRHL2,0.4692081844561511,5.67590027700831,Down,GO_BP
Negative Regulation Of Stem Cell Population Maintenance (GO:1902455),1,19,114,0.16233394815389002,TET1,0.4692081844561511,5.67590027700831,Down,GO_BP
Regulation Of GTPase Activity (GO:0043087),3,151,114,0.16495261366005803,FERMT2;RDX;RGS16,0.4692081844561511,2.142558382711746,Down,GO_BP
Regulation Of Activated T Cell Proliferation (GO:0046006),1,20,114,0.1701134943787745,CD24,0.4692081844561511,5.3921052631578945,Down,GO_BP
Regulation Of Cell Size (GO:0008361),1,20,114,0.1701134943787745,RDX,0.4692081844561511,5.3921052631578945,Down,GO_BP
Regulation Of Spindle Organization (GO:0090224),1,20,114,0.1701134943787745,GPSM2,0.4692081844561511,5.3921052631578945,Down,GO_BP
Regulation Of Osteoclast Differentiation (GO:0045670),1,20,114,0.1701134943787745,NEDD9,0.4692081844561511,5.3921052631578945,Down,GO_BP
Regulation Of Intracellular Steroid Hormone Receptor Signaling Pathway (GO:0033143),1,20,114,0.1701134943787745,UBA5,0.4692081844561511,5.3921052631578945,Down,GO_BP
Negative Regulation Of Tumor Necrosis Factor Production (GO:0032720),1,20,114,0.1701134943787745,ARG2,0.4692081844561511,5.3921052631578945,Down,GO_BP
Embryonic Skeletal System Development (GO:0048706),1,20,114,0.1701134943787745,HOXA3,0.4692081844561511,5.3921052631578945,Down,GO_BP
Chromosome Condensation (GO:0030261),1,20,114,0.1701134943787745,SMC4,0.4692081844561511,5.3921052631578945,Down,GO_BP
Calcium-Dependent Cell-Cell Adhesion Via Plasma Membrane Cell Adhesion Molecules (GO:0016339),1,20,114,0.1701134943787745,CDH3,0.4692081844561511,5.3921052631578945,Down,GO_BP
Stress-Activated Protein Kinase Signaling Cascade (GO:0031098),1,20,114,0.1701134943787745,STK26,0.4692081844561511,5.3921052631578945,Down,GO_BP
Carboxylic Acid Metabolic Process (GO:0019752),1,20,114,0.1701134943787745,GSTO2,0.4692081844561511,5.3921052631578945,Down,GO_BP
Positive Regulation Of ERK1 And ERK2 Cascade (GO:0070374),2,82,114,0.17633870826090153,ALOX15;FERMT2,0.4692081844561511,2.6302952503209243,Down,GO_BP
Neuron Projection Guidance (GO:0097485),2,82,114,0.17633870826090153,EPHA6;SEMA5A,0.4692081844561511,2.6302952503209243,Down,GO_BP
Negative Regulation Of Tumor Necrosis Factor Superfamily Cytokine Production (GO:1903556),1,21,114,0.1778214185795908,ARG2,0.4692081844561511,5.135338345864661,Down,GO_BP
Microtubule Polymerization Or Depolymerization (GO:0031109),1,21,114,0.1778214185795908,NCKAP5,0.4692081844561511,5.135338345864661,Down,GO_BP
Striated Muscle Contraction (GO:0006941),1,21,114,0.1778214185795908,TPM1,0.4692081844561511,5.135338345864661,Down,GO_BP
Cardiac Ventricle Morphogenesis (GO:0003208),1,21,114,0.1778214185795908,TPM1,0.4692081844561511,5.135338345864661,Down,GO_BP
Synaptic Vesicle Cycle (GO:0099504),1,21,114,0.1778214185795908,PCLO,0.4692081844561511,5.135338345864661,Down,GO_BP
Positive Regulation Of ERBB Signaling Pathway (GO:1901186),1,21,114,0.1778214185795908,FAM83B,0.4692081844561511,5.135338345864661,Down,GO_BP
Positive Regulation Of Phosphate Metabolic Process (GO:0045937),1,21,114,0.1778214185795908,KCTD20,0.4692081844561511,5.135338345864661,Down,GO_BP
ATP Biosynthetic Process (GO:0006754),1,21,114,0.1778214185795908,ATP5MG,0.4692081844561511,5.135338345864661,Down,GO_BP
Entrainment Of Circadian Clock By Photoperiod (GO:0043153),1,21,114,0.1778214185795908,PER3,0.4692081844561511,5.135338345864661,Down,GO_BP
Cell-Cell Adhesion Via Plasma-Membrane Adhesion Molecules (GO:0098742),2,83,114,0.1796606534037712,CDH3;MPZL2,0.4692081844561511,2.59860494610019,Down,GO_BP
Positive Regulation Of Cell Projection Organization (GO:0031346),2,83,114,0.1796606534037712,FUT9;NEDD9,0.4692081844561511,2.59860494610019,Down,GO_BP
Secondary Alcohol Biosynthetic Process (GO:1902653),1,22,114,0.1854583743591007,HMGCS1,0.4692081844561511,4.901913875598086,Down,GO_BP
Alpha-Amino Acid Metabolic Process (GO:1901605),1,22,114,0.1854583743591007,DDAH1,0.4692081844561511,4.901913875598086,Down,GO_BP
Alpha-Amino Acid Catabolic Process (GO:1901606),1,22,114,0.1854583743591007,HMGCLL1,0.4692081844561511,4.901913875598086,Down,GO_BP
Negative Regulation Of Chemotaxis (GO:0050922),1,22,114,0.1854583743591007,SEMA5A,0.4692081844561511,4.901913875598086,Down,GO_BP
Photoperiodism (GO:0009648),1,22,114,0.1854583743591007,PER3,0.4692081844561511,4.901913875598086,Down,GO_BP
Embryonic Organ Morphogenesis (GO:0048562),1,22,114,0.1854583743591007,HOXA3,0.4692081844561511,4.901913875598086,Down,GO_BP
Negative Regulation Of Smooth Muscle Cell Proliferation (GO:0048662),1,22,114,0.1854583743591007,TPM1,0.4692081844561511,4.901913875598086,Down,GO_BP
Positive Regulation Of Myeloid Leukocyte Differentiation (GO:0002763),1,22,114,0.1854583743591007,NEDD9,0.4692081844561511,4.901913875598086,Down,GO_BP
Endosome Transport Via Multivesicular Body Sorting Pathway (GO:0032509),1,22,114,0.1854583743591007,SORT1,0.4692081844561511,4.901913875598086,Down,GO_BP
Negative Regulation Of Axon Extension (GO:0030517),1,22,114,0.1854583743591007,SEMA5A,0.4692081844561511,4.901913875598086,Down,GO_BP
Mesenchymal Cell Migration (GO:0090497),1,22,114,0.1854583743591007,SEMA5A,0.4692081844561511,4.901913875598086,Down,GO_BP
Vitamin Transport (GO:0051180),1,22,114,0.1854583743591007,ABCG2,0.4692081844561511,4.901913875598086,Down,GO_BP
Regulation Of Intracellular Estrogen Receptor Signaling Pathway (GO:0033146),1,22,114,0.1854583743591007,UBA5,0.4692081844561511,4.901913875598086,Down,GO_BP
Glycosphingolipid Metabolic Process (GO:0006687),1,22,114,0.1854583743591007,FUT9,0.4692081844561511,4.901913875598086,Down,GO_BP
Negative Regulation Of TORC1 Signaling (GO:1904262),1,22,114,0.1854583743591007,RNF152,0.4692081844561511,4.901913875598086,Down,GO_BP
Positive Regulation Of GTPase Activity (GO:0043547),3,160,114,0.18558766469715565,FERMT2;RGS16;SYDE2,0.4692081844561511,2.0220394736842104,Down,GO_BP
Positive Regulation Of MAPK Cascade (GO:0043410),3,161,114,0.1879220753512993,ALOX15;CD24;FERMT2,0.4692081844561511,2.009480222294868,Down,GO_BP
Endosomal Transport (GO:0016197),3,162,114,0.1902642244287634,MYO5B;RHOBTB3;SORT1,0.4692081844561511,1.9970760233918128,Down,GO_BP
Establishment Of Endothelial Barrier (GO:0061028),1,23,114,0.19302500940824227,RDX,0.4692081844561511,4.688787185354691,Down,GO_BP
Multivesicular Body Sorting Pathway (GO:0071985),1,23,114,0.19302500940824227,SORT1,0.4692081844561511,4.688787185354691,Down,GO_BP
Regulation Of calcineurin-NFAT Signaling Cascade (GO:0070884),1,23,114,0.19302500940824227,LMCD1,0.4692081844561511,4.688787185354691,Down,GO_BP
Regulation Of Chromosome Segregation (GO:0051983),1,23,114,0.19302500940824227,SMC4,0.4692081844561511,4.688787185354691,Down,GO_BP
Cholesterol Biosynthetic Process (GO:0006695),1,23,114,0.19302500940824227,HMGCS1,0.4692081844561511,4.688787185354691,Down,GO_BP
Signal Release From Synapse (GO:0099643),1,23,114,0.19302500940824227,PCLO,0.4692081844561511,4.688787185354691,Down,GO_BP
Positive Regulation Of Chemotaxis (GO:0050921),1,23,114,0.19302500940824227,SEMA5A,0.4692081844561511,4.688787185354691,Down,GO_BP
Protein Depolymerization (GO:0051261),1,23,114,0.19302500940824227,NCKAP5,0.4692081844561511,4.688787185354691,Down,GO_BP
Branching Morphogenesis Of An Epithelial Tube (GO:0048754),1,23,114,0.19302500940824227,NRARP,0.4692081844561511,4.688787185354691,Down,GO_BP
Regulation Of Endothelial Cell Apoptotic Process (GO:2000351),1,23,114,0.19302500940824227,SEMA5A,0.4692081844561511,4.688787185354691,Down,GO_BP
Epithelium Development (GO:0060429),2,88,114,0.19640636689855004,DLX3;GRHL2,0.4692081844561511,2.450956937799043,Down,GO_BP
Lipid Modification (GO:0030258),1,24,114,0.20052196555912308,ALOX15,0.4692081844561511,4.493421052631579,Down,GO_BP
Regulation Of Protein Transport (GO:0051223),1,24,114,0.20052196555912308,WWP2,0.4692081844561511,4.493421052631579,Down,GO_BP
Negative Regulation Of G1/S Transition Of Mitotic Cell Cycle (GO:2000134),1,24,114,0.20052196555912308,E2F7,0.4692081844561511,4.493421052631579,Down,GO_BP
Extrinsic Apoptotic Signaling Pathway Via Death Domain Receptors (GO:0008625),1,24,114,0.20052196555912308,SORT1,0.4692081844561511,4.493421052631579,Down,GO_BP
Regulation Of Chromatin Organization (GO:1902275),1,24,114,0.20052196555912308,MLLT3,0.4692081844561511,4.493421052631579,Down,GO_BP
Regulation Of T Cell Activation (GO:0050863),1,24,114,0.20052196555912308,VTCN1,0.4692081844561511,4.493421052631579,Down,GO_BP
Oligosaccharide Metabolic Process (GO:0009311),1,24,114,0.20052196555912308,FUT9,0.4692081844561511,4.493421052631579,Down,GO_BP
Negative Regulation Of Epithelial Cell Apoptotic Process (GO:1904036),1,24,114,0.20052196555912308,SEMA5A,0.4692081844561511,4.493421052631579,Down,GO_BP
Regulation Of Potassium Ion Transmembrane Transport (GO:1901379),1,24,114,0.20052196555912308,WWP2,0.4692081844561511,4.493421052631579,Down,GO_BP
Regulation Of Protein Kinase B Signaling (GO:0051896),2,90,114,0.20315985037488948,FERMT2;SEMA5A,0.4692081844561511,2.3964912280701753,Down,GO_BP
Neuron Projection Extension (GO:1990138),1,25,114,0.20794987883754693,SEMA5A,0.4692081844561511,4.313684210526316,Down,GO_BP
Neural Crest Cell Migration (GO:0001755),1,25,114,0.20794987883754693,SEMA5A,0.4692081844561511,4.313684210526316,Down,GO_BP
Cell Chemotaxis (GO:0060326),1,25,114,0.20794987883754693,SEMA5A,0.4692081844561511,4.313684210526316,Down,GO_BP
Negative Regulation Of Fat Cell Differentiation (GO:0045599),1,25,114,0.20794987883754693,FERMT2,0.4692081844561511,4.313684210526316,Down,GO_BP
Regulation Of Nitric Oxide Biosynthetic Process (GO:0045428),1,25,114,0.20794987883754693,DDAH1,0.4692081844561511,4.313684210526316,Down,GO_BP
Negative Regulation Of Cell Cycle G1/S Phase Transition (GO:1902807),1,25,114,0.20794987883754693,E2F7,0.4692081844561511,4.313684210526316,Down,GO_BP
Regulation Of Vascular Associated Smooth Muscle Cell Proliferation (GO:1904705),1,25,114,0.20794987883754693,TPM1,0.4692081844561511,4.313684210526316,Down,GO_BP
Liver Development (GO:0001889),1,25,114,0.20794987883754693,E2F7,0.4692081844561511,4.313684210526316,Down,GO_BP
Regulation Of Cell Morphogenesis (GO:0022604),1,25,114,0.20794987883754693,FERMT2,0.4692081844561511,4.313684210526316,Down,GO_BP
Inositol Lipid-Mediated Signaling (GO:0048017),1,25,114,0.20794987883754693,GAB2,0.4692081844561511,4.313684210526316,Down,GO_BP
Sterol Biosynthetic Process (GO:0016126),1,25,114,0.20794987883754693,HMGCS1,0.4692081844561511,4.313684210526316,Down,GO_BP
Primary Neural Tube Formation (GO:0014020),1,25,114,0.20794987883754693,GRHL2,0.4692081844561511,4.313684210526316,Down,GO_BP
Plasma Membrane Bounded Cell Projection Organization (GO:0120036),2,93,114,0.21333864760760712,MNS1;TPM1,0.4692081844561511,2.3191850594227503,Down,GO_BP
Organonitrogen Compound Biosynthetic Process (GO:1901566),2,93,114,0.21333864760760712,PPM1L;SPTSSB,0.4692081844561511,2.3191850594227503,Down,GO_BP
Neurotransmitter Secretion (GO:0007269),1,26,114,0.2153093795150691,PCLO,0.4692081844561511,4.147773279352226,Down,GO_BP
Synaptic Vesicle Exocytosis (GO:0016079),1,26,114,0.2153093795150691,PCLO,0.4692081844561511,4.147773279352226,Down,GO_BP
Regulation Of Sprouting Angiogenesis (GO:1903670),1,26,114,0.2153093795150691,E2F2,0.4692081844561511,4.147773279352226,Down,GO_BP
Establishment Of Mitotic Spindle Orientation (GO:0000132),1,26,114,0.2153093795150691,GPSM2,0.4692081844561511,4.147773279352226,Down,GO_BP
Glutamine Family Amino Acid Metabolic Process (GO:0009064),1,26,114,0.2153093795150691,DDAH1,0.4692081844561511,4.147773279352226,Down,GO_BP
Skeletal System Morphogenesis (GO:0048705),1,26,114,0.2153093795150691,HOXA3,0.4692081844561511,4.147773279352226,Down,GO_BP
Visual System Development (GO:0150063),1,26,114,0.2153093795150691,FREM2,0.4692081844561511,4.147773279352226,Down,GO_BP
Arachidonic Acid Metabolic Process (GO:0019369),1,26,114,0.2153093795150691,ALOX15,0.4692081844561511,4.147773279352226,Down,GO_BP
Negative Regulation Of Transport (GO:0051051),1,26,114,0.2153093795150691,WWP2,0.4692081844561511,4.147773279352226,Down,GO_BP
Tube Closure (GO:0060606),1,26,114,0.2153093795150691,GRHL2,0.4692081844561511,4.147773279352226,Down,GO_BP
Extracellular Matrix Organization (GO:0030198),2,94,114,0.21674291868264758,ADAMTS19;MMP16,0.4692081844561511,2.2945128779395296,Down,GO_BP
Protein Ubiquitination (GO:0016567),5,346,114,0.2181498858409547,CAND2;KBTBD8;RNF152;UBE4A;WWP2,0.4692081844561511,1.5584119257681777,Down,GO_BP
Neuron Differentiation (GO:0030182),2,95,114,0.2201522064518866,FUT9;VAX2,0.4692081844561511,2.270360110803324,Down,GO_BP
Semaphorin-Plexin Signaling Pathway (GO:0071526),1,27,114,0.2226010921605926,SEMA5A,0.4692081844561511,3.9941520467836256,Down,GO_BP
Positive Regulation Of ATP-dependent Activity (GO:0032781),1,27,114,0.2226010921605926,TPM1,0.4692081844561511,3.9941520467836256,Down,GO_BP
Positive Regulation Of G1/S Transition Of Mitotic Cell Cycle (GO:1900087),1,27,114,0.2226010921605926,RDX,0.4692081844561511,3.9941520467836256,Down,GO_BP
Response To Estrogen (GO:0043627),1,27,114,0.2226010921605926,CD24,0.4692081844561511,3.9941520467836256,Down,GO_BP
Positive Regulation Of Epidermal Growth Factor Receptor Signaling Pathway (GO:0045742),1,27,114,0.2226010921605926,FAM83B,0.4692081844561511,3.9941520467836256,Down,GO_BP
Positive Regulation Of Protein Tyrosine Kinase Activity (GO:0061098),1,27,114,0.2226010921605926,NEDD9,0.4692081844561511,3.9941520467836256,Down,GO_BP
Positive Regulation Of Wound Healing (GO:0090303),1,27,114,0.2226010921605926,FERMT2,0.4692081844561511,3.9941520467836256,Down,GO_BP
Bicellular Tight Junction Assembly (GO:0070830),1,27,114,0.2226010921605926,GRHL2,0.4692081844561511,3.9941520467836256,Down,GO_BP
Negative Regulation Of JNK Cascade (GO:0046329),1,28,114,0.22982563569150397,MECOM,0.4732870038602483,3.851503759398496,Down,GO_BP
Regulation Of Cellular Component Biogenesis (GO:0044087),1,28,114,0.22982563569150397,RDX,0.4732870038602483,3.851503759398496,Down,GO_BP
Regulation Of Cell-Cell Adhesion (GO:0022407),1,28,114,0.22982563569150397,FUT9,0.4732870038602483,3.851503759398496,Down,GO_BP
Signal Transduction By P53 Class Mediator (GO:0072331),1,28,114,0.22982563569150397,E2F7,0.4732870038602483,3.851503759398496,Down,GO_BP
Regulation Of Cellular Senescence (GO:2000772),1,28,114,0.22982563569150397,ARG2,0.4732870038602483,3.851503759398496,Down,GO_BP
Regulation Of Protein Tyrosine Kinase Activity (GO:0061097),1,28,114,0.22982563569150397,NEDD9,0.4732870038602483,3.851503759398496,Down,GO_BP
Positive Regulation Of Cell-Matrix Adhesion (GO:0001954),1,28,114,0.22982563569150397,FERMT2,0.4732870038602483,3.851503759398496,Down,GO_BP
Response To Endoplasmic Reticulum Stress (GO:0034976),2,98,114,0.2304063863753767,ALOX15;UBA5,0.4732870038602483,2.200859291084855,Down,GO_BP
Positive Regulation Of Leukocyte Chemotaxis (GO:0002690),1,29,114,0.2369836234243565,NEDD9,0.47357023480400723,3.7186932849364784,Down,GO_BP
Negative Regulation Of Cell Cycle Process (GO:0010948),1,29,114,0.2369836234243565,E2F7,0.47357023480400723,3.7186932849364784,Down,GO_BP
Negative Regulation Of Mitotic Cell Cycle Phase Transition (GO:1901991),1,29,114,0.2369836234243565,E2F7,0.47357023480400723,3.7186932849364784,Down,GO_BP
Regulation Of Spindle Assembly (GO:0090169),1,29,114,0.2369836234243565,GPSM2,0.47357023480400723,3.7186932849364784,Down,GO_BP
Neural Tube Closure (GO:0001843),1,29,114,0.2369836234243565,GRHL2,0.47357023480400723,3.7186932849364784,Down,GO_BP
Dendrite Morphogenesis (GO:0048813),1,29,114,0.2369836234243565,FARP1,0.47357023480400723,3.7186932849364784,Down,GO_BP
Anterior/Posterior Pattern Specification (GO:0009952),1,30,114,0.24407566312510046,HOXA3,0.47357023480400723,3.594736842105263,Down,GO_BP
Notch Signaling Pathway (GO:0007219),1,30,114,0.24407566312510046,NRARP,0.47357023480400723,3.594736842105263,Down,GO_BP
Positive Regulation Of Telomerase Activity (GO:0051973),1,30,114,0.24407566312510046,GRHL2,0.47357023480400723,3.594736842105263,Down,GO_BP
Ceramide Biosynthetic Process (GO:0046513),1,30,114,0.24407566312510046,SPTSSB,0.47357023480400723,3.594736842105263,Down,GO_BP
Substrate Adhesion-Dependent Cell Spreading (GO:0034446),1,30,114,0.24407566312510046,FERMT2,0.47357023480400723,3.594736842105263,Down,GO_BP
Establishment Of Spindle Orientation (GO:0051294),1,30,114,0.24407566312510046,GPSM2,0.47357023480400723,3.594736842105263,Down,GO_BP
Positive Regulation Of RNA Metabolic Process (GO:0051254),1,30,114,0.24407566312510046,NMD3,0.47357023480400723,3.594736842105263,Down,GO_BP
Positive Regulation Of T Cell Proliferation (GO:0042102),1,30,114,0.24407566312510046,CD24,0.47357023480400723,3.594736842105263,Down,GO_BP
Icosanoid Metabolic Process (GO:0006690),1,30,114,0.24407566312510046,ALOX15,0.47357023480400723,3.594736842105263,Down,GO_BP
Organic Hydroxy Compound Biosynthetic Process (GO:1901617),1,30,114,0.24407566312510046,ALOX15,0.47357023480400723,3.594736842105263,Down,GO_BP
Regulation Of T Cell Proliferation (GO:0042129),1,30,114,0.24407566312510046,VTCN1,0.47357023480400723,3.594736842105263,Down,GO_BP
Axon Guidance (GO:0007411),2,102,114,0.2441264445724266,EPHA6;SEMA5A,0.47357023480400723,2.1145510835913313,Down,GO_BP
Transmembrane Receptor Protein Tyrosine Kinase Signaling Pathway (GO:0007169),3,185,114,0.2459126385575697,EPHA6;NEDD9;SORT1,0.47357023480400723,1.7487908961593173,Down,GO_BP
Regulation Of Cell Adhesion (GO:0030155),2,103,114,0.24756266538940605,SEMA5A;TPM1,0.47357023480400723,2.0940214614205415,Down,GO_BP
Generation Of Neurons (GO:0048699),2,104,114,0.2510006962242504,FUT9;VAX2,0.47357023480400723,2.073886639676113,Down,GO_BP
Regulation Of Macromolecule Metabolic Process (GO:0060255),2,104,114,0.2510006962242504,SORT1;TCF19,0.47357023480400723,2.073886639676113,Down,GO_BP
Cellular Response To Starvation (GO:0009267),2,104,114,0.2510006962242504,RNF152;STK26,0.47357023480400723,2.073886639676113,Down,GO_BP
Negative Regulation Of Stress-Activated MAPK Cascade (GO:0032873),1,31,114,0.25110235705886896,MECOM,0.47357023480400723,3.4787775891341255,Down,GO_BP
Regulation Of Cell-Substrate Adhesion (GO:0010810),1,31,114,0.25110235705886896,ALOX15,0.47357023480400723,3.4787775891341255,Down,GO_BP
Positive Regulation Of Chromosome Organization (GO:2001252),1,31,114,0.25110235705886896,SMC4,0.47357023480400723,3.4787775891341255,Down,GO_BP
Positive Regulation Of Cell Junction Assembly (GO:1901890),1,31,114,0.25110235705886896,FERMT2,0.47357023480400723,3.4787775891341255,Down,GO_BP
Establishment Of Mitotic Spindle Localization (GO:0040001),1,31,114,0.25110235705886896,GPSM2,0.47357023480400723,3.4787775891341255,Down,GO_BP
Positive Regulation Of Osteoblast Differentiation (GO:0045669),1,32,114,0.2580643020393218,FERMT2,0.4838705663237284,3.3700657894736836,Down,GO_BP
Tight Junction Assembly (GO:0120192),1,32,114,0.2580643020393218,GRHL2,0.4838705663237284,3.3700657894736836,Down,GO_BP
Negative Regulation Of DNA-binding Transcription Factor Activity (GO:0043433),2,107,114,0.26132241867032824,E2F2;WWP2,0.4855129196392548,2.0157402852926705,Down,GO_BP
Nervous System Development (GO:0007399),4,281,114,0.26379123988996084,FARP1;GRHL2;SEMA5A;VAX2,0.4855129196392548,1.5351189361303614,Down,GO_BP
Regulated Exocytosis (GO:0045055),1,33,114,0.2649620894775468,PCLO,0.4855129196392548,3.267942583732057,Down,GO_BP
Unsaturated Fatty Acid Metabolic Process (GO:0033559),1,33,114,0.2649620894775468,ALOX15,0.4855129196392548,3.267942583732057,Down,GO_BP
Negative Regulation Of Hydrolase Activity (GO:0051346),1,33,114,0.2649620894775468,RDX,0.4855129196392548,3.267942583732057,Down,GO_BP
Positive Regulation Of Cell Cycle G1/S Phase Transition (GO:1902808),1,33,114,0.2649620894775468,RDX,0.4855129196392548,3.267942583732057,Down,GO_BP
Sister Chromatid Segregation (GO:0000819),1,33,114,0.2649620894775468,SMC4,0.4855129196392548,3.267942583732057,Down,GO_BP
Glycolipid Biosynthetic Process (GO:0009247),1,33,114,0.2649620894775468,FUT9,0.4855129196392548,3.267942583732057,Down,GO_BP
Establishment Of Protein Localization To Plasma Membrane (GO:0061951),1,34,114,0.27179630543053274,RDX,0.4869683805630378,3.1718266253869967,Down,GO_BP
Microtubule Bundle Formation (GO:0001578),1,34,114,0.27179630543053274,NCKAP5,0.4869683805630378,3.1718266253869967,Down,GO_BP
Myelination (GO:0042552),1,34,114,0.27179630543053274,MAL2,0.4869683805630378,3.1718266253869967,Down,GO_BP
Vesicle Cytoskeletal Trafficking (GO:0099518),1,34,114,0.27179630543053274,MYO5B,0.4869683805630378,3.1718266253869967,Down,GO_BP
Heterochromatin Organization (GO:0070828),1,34,114,0.27179630543053274,MECOM,0.4869683805630378,3.1718266253869967,Down,GO_BP
Water-Soluble Vitamin Metabolic Process (GO:0006767),1,34,114,0.27179630543053274,GSTO2,0.4869683805630378,3.1718266253869967,Down,GO_BP
Apical Junction Assembly (GO:0043297),1,34,114,0.27179630543053274,GRHL2,0.4869683805630378,3.1718266253869967,Down,GO_BP
"DNA Damage Response, Signal Transduction By P53 Class Mediator (GO:0030330)",1,34,114,0.27179630543053274,E2F7,0.4869683805630378,3.1718266253869967,Down,GO_BP
Protein Polyubiquitination (GO:0000209),3,196,114,0.27340811929866315,RNF152;UBE4A;WWP2,0.48849927132309623,1.650644468313641,Down,GO_BP
"Nuclear-Transcribed mRNA Catabolic Process, Deadenylation-Dependent Decay (GO:0000288)",1,35,114,0.2785675306492047,DCPS,0.49361554194707974,3.081203007518797,Down,GO_BP
Regulation Of Cytokine-Mediated Signaling Pathway (GO:0001959),1,35,114,0.2785675306492047,CD24,0.49361554194707974,3.081203007518797,Down,GO_BP
Second-Messenger-Mediated Signaling (GO:0019932),1,35,114,0.2785675306492047,DDAH1,0.49361554194707974,3.081203007518797,Down,GO_BP
Response To Hydrogen Peroxide (GO:0042542),1,36,114,0.2852763406260374,STK26,0.49754194769098237,2.995614035087719,Down,GO_BP
Ephrin Receptor Signaling Pathway (GO:0048013),1,36,114,0.2852763406260374,EPHA6,0.49754194769098237,2.995614035087719,Down,GO_BP
Amide Biosynthetic Process (GO:0043604),1,36,114,0.2852763406260374,SPTSSB,0.49754194769098237,2.995614035087719,Down,GO_BP
Sensory Organ Development (GO:0007423),1,36,114,0.2852763406260374,FREM2,0.49754194769098237,2.995614035087719,Down,GO_BP
Regulation Of Heart Contraction (GO:0008016),1,36,114,0.2852763406260374,TPM1,0.49754194769098237,2.995614035087719,Down,GO_BP
Cytosolic Transport (GO:0016482),2,114,114,0.28541165991575734,RHOBTB3;SORT1,0.49754194769098237,1.89196675900277,Down,GO_BP
Brain Development (GO:0007420),2,115,114,0.28884932631549065,GRHL2;VAX2,0.5006282486291586,1.8755148741418763,Down,GO_BP
Response To Peptide Hormone (GO:0043434),1,37,114,0.29192330564224167,SORT1,0.5006282486291586,2.914651493598862,Down,GO_BP
Eye Development (GO:0001654),1,37,114,0.29192330564224167,FREM2,0.5006282486291586,2.914651493598862,Down,GO_BP
Erythrocyte Differentiation (GO:0030218),1,37,114,0.29192330564224167,UBA5,0.5006282486291586,2.914651493598862,Down,GO_BP
Homophilic Cell Adhesion Via Plasma Membrane Adhesion Molecules (GO:0007156),1,37,114,0.29192330564224167,MPZL2,0.5006282486291586,2.914651493598862,Down,GO_BP
Proton Transmembrane Transport (GO:1902600),1,37,114,0.29192330564224167,NNT,0.5006282486291586,2.914651493598862,Down,GO_BP
Protein Modification By Small Protein Conjugation (GO:0032446),4,296,114,0.2947990213668621,CAND2;RNF152;UBA5;WWP2,0.5006282486291586,1.457325746799431,Down,GO_BP
Supramolecular Fiber Organization (GO:0097435),3,205,114,0.2961483832418073,MYO5B;NCKAP5;TPM1,0.5006282486291586,1.5781771501925543,Down,GO_BP
Positive Regulation Of Stem Cell Population Maintenance (GO:1902459),1,38,114,0.29850899081453375,TET1,0.5006282486291586,2.837950138504155,Down,GO_BP
Response To Amino Acid Starvation (GO:1990928),1,38,114,0.29850899081453375,RNF152,0.5006282486291586,2.837950138504155,Down,GO_BP
Positive Regulation Of Hydrolase Activity (GO:0051345),2,119,114,0.3025800456256733,FERMT2;RGS16,0.5006282486291586,1.812472357363998,Down,GO_BP
Positive Regulation Of Cellular Process (GO:0048522),5,395,114,0.30417744993744483,CDH3;EPCAM;GAB2;NEDD9;TPM1,0.5006282486291586,1.3650899400399732,Down,GO_BP
Positive Regulation Of Transport (GO:0051050),1,39,114,0.3050339561414873,CDH3,0.5006282486291586,2.7651821862348176,Down,GO_BP
Epidermal Growth Factor Receptor Signaling Pathway (GO:0007173),1,39,114,0.3050339561414873,FAM83B,0.5006282486291586,2.7651821862348176,Down,GO_BP
Negative Regulation Of Response To Stimulus (GO:0048585),1,39,114,0.3050339561414873,DDAH1,0.5006282486291586,2.7651821862348176,Down,GO_BP
Regulation Of Mitotic Spindle Organization (GO:0060236),1,39,114,0.3050339561414873,GPSM2,0.5006282486291586,2.7651821862348176,Down,GO_BP
Myeloid Cell Differentiation (GO:0030099),1,39,114,0.3050339561414873,UBA5,0.5006282486291586,2.7651821862348176,Down,GO_BP
Positive Regulation Of Epithelial To Mesenchymal Transition (GO:0010718),1,39,114,0.3050339561414873,FERMT2,0.5006282486291586,2.7651821862348176,Down,GO_BP
Regulation Of Cellular Component Size (GO:0032535),1,39,114,0.3050339561414873,RDX,0.5006282486291586,2.7651821862348176,Down,GO_BP
mRNA Destabilization (GO:0061157),1,39,114,0.3050339561414873,DCPS,0.5006282486291586,2.7651821862348176,Down,GO_BP
Cellular Response To Amino Acid Starvation (GO:0034198),1,39,114,0.3050339561414873,RNF152,0.5006282486291586,2.7651821862348176,Down,GO_BP
Actin Cytoskeleton Reorganization (GO:0031532),1,39,114,0.3050339561414873,NEDD9,0.5006282486291586,2.7651821862348176,Down,GO_BP
Response To Unfolded Protein (GO:0006986),1,39,114,0.3050339561414873,HSPA4L,0.5006282486291586,2.7651821862348176,Down,GO_BP
Cholesterol Homeostasis (GO:0042632),1,40,114,0.31149875654947307,CD24,0.5060874004393202,2.6960526315789473,Down,GO_BP
Positive Regulation Of Cellular Metabolic Process (GO:0031325),1,40,114,0.31149875654947307,ARG2,0.5060874004393202,2.6960526315789473,Down,GO_BP
Monocarboxylic Acid Transport (GO:0015718),1,40,114,0.31149875654947307,ABCG2,0.5060874004393202,2.6960526315789473,Down,GO_BP
Regulation Of Monoatomic Ion Transmembrane Transporter Activity (GO:0032412),1,40,114,0.31149875654947307,WWP2,0.5060874004393202,2.6960526315789473,Down,GO_BP
Regulation Of Telomerase Activity (GO:0051972),1,41,114,0.31790394193819216,GRHL2,0.5100697575873979,2.6302952503209243,Down,GO_BP
Epidermis Development (GO:0008544),1,41,114,0.31790394193819216,GRHL2,0.5100697575873979,2.6302952503209243,Down,GO_BP
Protein Monoubiquitination (GO:0006513),1,41,114,0.31790394193819216,KBTBD8,0.5100697575873979,2.6302952503209243,Down,GO_BP
Sterol Homeostasis (GO:0055092),1,41,114,0.31790394193819216,CD24,0.5100697575873979,2.6302952503209243,Down,GO_BP
Regulation Of Proteolysis (GO:0030162),1,41,114,0.31790394193819216,RHOBTB3,0.5100697575873979,2.6302952503209243,Down,GO_BP
Intracellular Iron Ion Homeostasis (GO:0006879),1,42,114,0.3242500572257991,FRRS1,0.5101006997820497,2.5676691729323307,Down,GO_BP
Phagocytosis (GO:0006909),1,42,114,0.3242500572257991,ALOX15,0.5101006997820497,2.5676691729323307,Down,GO_BP
Canonical Wnt Signaling Pathway (GO:0060070),1,42,114,0.3242500572257991,CDH3,0.5101006997820497,2.5676691729323307,Down,GO_BP
Fatty Acid Oxidation (GO:0019395),1,42,114,0.3242500572257991,ALOX15,0.5101006997820497,2.5676691729323307,Down,GO_BP
Regulation Of Epidermal Growth Factor Receptor Signaling Pathway (GO:0042058),1,42,114,0.3242500572257991,FAM83B,0.5101006997820497,2.5676691729323307,Down,GO_BP
Ceramide Metabolic Process (GO:0006672),1,42,114,0.3242500572257991,SPTSSB,0.5101006997820497,2.5676691729323307,Down,GO_BP
Myeloid Leukocyte Differentiation (GO:0002573),1,42,114,0.3242500572257991,GAB2,0.5101006997820497,2.5676691729323307,Down,GO_BP
Positive Regulation Of Protein Localization To Plasma Membrane (GO:1903078),1,42,114,0.3242500572257991,PLS1,0.5101006997820497,2.5676691729323307,Down,GO_BP
Axonogenesis (GO:0007409),2,126,114,0.3264939702478369,EPHA6;SEMA5A,0.5112632598174842,1.7117794486215538,Down,GO_BP
Cell Junction Organization (GO:0034330),1,43,114,0.33053764239362937,GRHL2,0.5112632598174842,2.5079559363525092,Down,GO_BP
Regulation Of Focal Adhesion Assembly (GO:0051893),1,43,114,0.33053764239362937,FERMT2,0.5112632598174842,2.5079559363525092,Down,GO_BP
Chordate Embryonic Development (GO:0043009),1,43,114,0.33053764239362937,GRHL2,0.5112632598174842,2.5079559363525092,Down,GO_BP
Cell-Cell Junction Organization (GO:0045216),1,43,114,0.33053764239362937,CDH3,0.5112632598174842,2.5079559363525092,Down,GO_BP
Cellular Response To Calcium Ion (GO:0071277),1,43,114,0.33053764239362937,ALOX15,0.5112632598174842,2.5079559363525092,Down,GO_BP
Synapse Assembly (GO:0007416),1,43,114,0.33053764239362937,FARP1,0.5112632598174842,2.5079559363525092,Down,GO_BP
Negative Regulation Of Cell Death (GO:0060548),1,44,114,0.33676723253052665,MECOM,0.5147271682042409,2.450956937799043,Down,GO_BP
Cell-Cell Junction Assembly (GO:0007043),1,44,114,0.33676723253052665,CDH3,0.5147271682042409,2.450956937799043,Down,GO_BP
Mitotic Nuclear Division (GO:0140014),1,44,114,0.33676723253052665,SMC4,0.5147271682042409,2.450956937799043,Down,GO_BP
Phosphatidylinositol-Mediated Signaling (GO:0048015),1,44,114,0.33676723253052665,GAB2,0.5147271682042409,2.450956937799043,Down,GO_BP
Cholesterol Metabolic Process (GO:0008203),1,44,114,0.33676723253052665,HMGCS1,0.5147271682042409,2.450956937799043,Down,GO_BP
Regulation Of Cyclin-Dependent Protein Kinase Activity (GO:1904029),1,45,114,0.34293935787677327,CDKN2C,0.5156081254790648,2.3964912280701753,Down,GO_BP
Dicarboxylic Acid Metabolic Process (GO:0043648),1,45,114,0.34293935787677327,L2HGDH,0.5156081254790648,2.3964912280701753,Down,GO_BP
ERBB Signaling Pathway (GO:0038127),1,45,114,0.34293935787677327,FAM83B,0.5156081254790648,2.3964912280701753,Down,GO_BP
Endoplasmic Reticulum Organization (GO:0007029),1,45,114,0.34293935787677327,SPTSSB,0.5156081254790648,2.3964912280701753,Down,GO_BP
Regulation Of TORC1 Signaling (GO:1903432),1,45,114,0.34293935787677327,RNF152,0.5156081254790648,2.3964912280701753,Down,GO_BP
Response To Molecule Of Bacterial Origin (GO:0002237),1,45,114,0.34293935787677327,CD24,0.5156081254790648,2.3964912280701753,Down,GO_BP
Regulation Of Protein Localization To Nucleus (GO:1900180),1,45,114,0.34293935787677327,FERMT2,0.5156081254790648,2.3964912280701753,Down,GO_BP
tRNA Processing (GO:0008033),1,46,114,0.3490545438676335,FARS2,0.5187561769461373,2.3443935926773456,Down,GO_BP
Positive Regulation Of Protein Binding (GO:0032092),1,46,114,0.3490545438676335,NMD3,0.5187561769461373,2.3443935926773456,Down,GO_BP
Negative Regulation Of TOR Signaling (GO:0032007),1,46,114,0.3490545438676335,RNF152,0.5187561769461373,2.3443935926773456,Down,GO_BP
Negative Regulation Of Immune Response (GO:0050777),1,46,114,0.3490545438676335,ALOX15,0.5187561769461373,2.3443935926773456,Down,GO_BP
Fatty Acid Biosynthetic Process (GO:0006633),1,46,114,0.3490545438676335,ALOX15,0.5187561769461373,2.3443935926773456,Down,GO_BP
Regulation Of ERK1 And ERK2 Cascade (GO:0070372),2,134,114,0.35355998269573047,ALOX15;FERMT2,0.5242441122729797,1.6095836606441478,Down,GO_BP
Regulation Of Actin Filament Polymerization (GO:0030833),1,48,114,0.3611161757577009,ALOX15,0.5305693242909273,2.2467105263157894,Down,GO_BP
Regulation Of G Protein-Coupled Receptor Signaling Pathway (GO:0008277),1,48,114,0.3611161757577009,RGS16,0.5305693242909273,2.2467105263157894,Down,GO_BP
Muscle Contraction (GO:0006936),1,48,114,0.3611161757577009,TPM1,0.5305693242909273,2.2467105263157894,Down,GO_BP
Endosome To Lysosome Transport (GO:0008333),1,48,114,0.3611161757577009,SORT1,0.5305693242909273,2.2467105263157894,Down,GO_BP
Regulation Of Multicellular Organismal Development (GO:2000026),1,49,114,0.3670636488888151,CD24,0.5344380440931958,2.200859291084855,Down,GO_BP
Potassium Ion Transport (GO:0006813),1,49,114,0.3670636488888151,KCNK2,0.5344380440931958,2.200859291084855,Down,GO_BP
Potassium Ion Transmembrane Transport (GO:0071805),1,49,114,0.3670636488888151,KCNK2,0.5344380440931958,2.200859291084855,Down,GO_BP
Positive Regulation Of Protein Polymerization (GO:0032273),1,49,114,0.3670636488888151,ALOX15,0.5344380440931958,2.200859291084855,Down,GO_BP
Organic Anion Transport (GO:0015711),1,50,114,0.37295623721275745,ABCG2,0.540577017982536,2.156842105263158,Down,GO_BP
Regulation Of Stem Cell Population Maintenance (GO:2000036),1,50,114,0.37295623721275745,TET1,0.540577017982536,2.156842105263158,Down,GO_BP
Long-Chain Fatty Acid Metabolic Process (GO:0001676),1,51,114,0.3787944427793816,ALOX15,0.5453625348051364,2.1145510835913313,Down,GO_BP
Actomyosin Structure Organization (GO:0031032),1,51,114,0.3787944427793816,TPM1,0.5453625348051364,2.1145510835913313,Down,GO_BP
Selective Autophagy (GO:0061912),1,51,114,0.3787944427793816,UBA5,0.5453625348051364,2.1145510835913313,Down,GO_BP
Proton Motive Force-Driven Mitochondrial ATP Synthesis (GO:0042776),1,52,114,0.3845787630867532,ATP5MG,0.5512295604243462,2.073886639676113,Down,GO_BP
Extrinsic Apoptotic Signaling Pathway (GO:0097191),1,52,114,0.3845787630867532,SORT1,0.5512295604243462,2.073886639676113,Down,GO_BP
Negative Regulation Of Cell Adhesion (GO:0007162),1,53,114,0.39030969112205033,SEMA5A,0.5532961555466428,2.034756703078451,Down,GO_BP
Cell Morphogenesis Involved In Neuron Differentiation (GO:0048667),1,53,114,0.39030969112205033,FARP1,0.5532961555466428,2.034756703078451,Down,GO_BP
Vascular Transport (GO:0010232),1,53,114,0.39030969112205033,ABCG2,0.5532961555466428,2.034756703078451,Down,GO_BP
Regulation Of Fat Cell Differentiation (GO:0045598),1,53,114,0.39030969112205033,FERMT2,0.5532961555466428,2.034756703078451,Down,GO_BP
Transforming Growth Factor Beta Receptor Signaling Pathway (GO:0007179),1,53,114,0.39030969112205033,FERMT2,0.5532961555466428,2.034756703078451,Down,GO_BP
Protein Localization To Membrane (GO:0072657),2,146,114,0.3934232558890191,FERMT2;RDX,0.5552436444225097,1.4772891131939438,Down,GO_BP
Signal Transduction In Response To DNA Damage (GO:0042770),1,54,114,0.3959877154021,E2F7,0.5552436444225097,1.9970760233918128,Down,GO_BP
Transport Across Blood-Brain Barrier (GO:0150104),1,54,114,0.3959877154021,ABCG2,0.5552436444225097,1.9970760233918128,Down,GO_BP
G1/S Transition Of Mitotic Cell Cycle (GO:0000082),1,54,114,0.3959877154021,E2F2,0.5552436444225097,1.9970760233918128,Down,GO_BP
Negative Regulation Of Angiogenesis (GO:0016525),1,54,114,0.3959877154021,E2F2,0.5552436444225097,1.9970760233918128,Down,GO_BP
post-Golgi Vesicle-Mediated Transport (GO:0006892),1,55,114,0.4016133200135509,SORT1,0.5570765406639577,1.9607655502392343,Down,GO_BP
Establishment Of Protein Localization To Membrane (GO:0090150),1,55,114,0.4016133200135509,RDX,0.5570765406639577,1.9607655502392343,Down,GO_BP
Negative Regulation Of Cellular Component Organization (GO:0051129),1,55,114,0.4016133200135509,RDX,0.5570765406639577,1.9607655502392343,Down,GO_BP
T Cell Receptor Signaling Pathway (GO:0050852),1,55,114,0.4016133200135509,VTCN1,0.5570765406639577,1.9607655502392343,Down,GO_BP
Regulation Of Actin Filament-Based Process (GO:0032970),1,55,114,0.4016133200135509,NEDD9,0.5570765406639577,1.9607655502392343,Down,GO_BP
Proton Motive Force-Driven ATP Synthesis (GO:0015986),1,56,114,0.40718698465269304,ATP5MG,0.5599906292131919,1.925751879699248,Down,GO_BP
DNA-templated Transcription Initiation (GO:0006352),1,56,114,0.40718698465269304,E2F2,0.5599906292131919,1.925751879699248,Down,GO_BP
Positive Regulation Of Organelle Assembly (GO:1902117),1,56,114,0.40718698465269304,GPSM2,0.5599906292131919,1.925751879699248,Down,GO_BP
Cellular Response To Hormone Stimulus (GO:0032870),1,56,114,0.40718698465269304,RDX,0.5599906292131919,1.925751879699248,Down,GO_BP
Positive Regulation Of Mitotic Cell Cycle Phase Transition (GO:1901992),1,57,114,0.4127091846649166,RDX,0.5604156297028867,1.89196675900277,Down,GO_BP
Positive Regulation Of MAP Kinase Activity (GO:0043406),1,57,114,0.4127091846649166,CD24,0.5604156297028867,1.89196675900277,Down,GO_BP
Microtubule Cytoskeleton Organization Involved In Mitosis (GO:1902850),1,57,114,0.4127091846649166,GPSM2,0.5604156297028867,1.89196675900277,Down,GO_BP
Protein Autoubiquitination (GO:0051865),1,57,114,0.4127091846649166,WWP2,0.5604156297028867,1.89196675900277,Down,GO_BP
Glycoprotein Biosynthetic Process (GO:0009101),1,57,114,0.4127091846649166,FUT9,0.5604156297028867,1.89196675900277,Down,GO_BP
Axon Development (GO:0061564),1,57,114,0.4127091846649166,SEMA5A,0.5604156297028867,1.89196675900277,Down,GO_BP
Protein-Containing Complex Assembly (GO:0065003),3,253,114,0.4174750420170554,CAND2;FERMT2;PLEKHA7,0.5654640508366202,1.2787601414603702,Down,GO_BP
Regulation Of Translational Initiation (GO:0006446),1,58,114,0.4181803910838261,PAIP2B,0.5654640508366202,1.8593466424682392,Down,GO_BP
Phosphorylation (GO:0016310),4,357,114,0.42325214748760853,CDKL1;EPHA6;STK26;TESK2,0.5680305417508342,1.208314904909332,Down,GO_BP
Regulation Of Hydrolase Activity (GO:0051336),1,59,114,0.42360107067000197,RDX,0.5680305417508342,1.8278322925958965,Down,GO_BP
Positive Regulation Of DNA Biosynthetic Process (GO:2000573),1,59,114,0.42360107067000197,GRHL2,0.5680305417508342,1.8278322925958965,Down,GO_BP
Positive Regulation Of Neuron Projection Development (GO:0010976),1,59,114,0.42360107067000197,FUT9,0.5680305417508342,1.8278322925958965,Down,GO_BP
Positive Regulation Of Catabolic Process (GO:0009896),1,60,114,0.4289716859494148,RDX,0.5693305382119096,1.7973684210526315,Down,GO_BP
Oxidative Phosphorylation (GO:0006119),1,60,114,0.4289716859494148,ATP5MG,0.5693305382119096,1.7973684210526315,Down,GO_BP
Regulation Of Osteoblast Differentiation (GO:0045667),1,60,114,0.4289716859494148,FERMT2,0.5693305382119096,1.7973684210526315,Down,GO_BP
Wound Healing (GO:0042060),1,60,114,0.4289716859494148,TPM1,0.5693305382119096,1.7973684210526315,Down,GO_BP
Negative Regulation Of Multicellular Organismal Process (GO:0051241),2,157,114,0.4289839404201365,GRHL2;TET1,0.5693305382119096,1.3737847804223935,Down,GO_BP
Cellular Response To Reactive Oxygen Species (GO:0034614),1,61,114,0.4342926952515049,TPM1,0.5740139107320095,1.7679033649698013,Down,GO_BP
Regulation Of Defense Response (GO:0031347),1,61,114,0.4342926952515049,ALOX15,0.5740139107320095,1.7679033649698013,Down,GO_BP
Cellular Response To Nutrient Levels (GO:0031669),1,63,114,0.4447877084848832,STK26,0.5842702085986243,1.7117794486215538,Down,GO_BP
Positive Regulation Of Endothelial Cell Migration (GO:0010595),1,63,114,0.4447877084848832,SEMA5A,0.5842702085986243,1.7117794486215538,Down,GO_BP
Transcription Initiation At RNA Polymerase II Promoter (GO:0006367),1,64,114,0.44996260843032704,E2F2,0.5842702085986243,1.6850328947368418,Down,GO_BP
Regulation Of Cilium Assembly (GO:1902017),1,64,114,0.44996260843032704,CDKL1,0.5842702085986243,1.6850328947368418,Down,GO_BP
Regulation Of Cell Cycle G1/S Phase Transition (GO:1902806),1,64,114,0.44996260843032704,CDKN2C,0.5842702085986243,1.6850328947368418,Down,GO_BP
Regulation Of Cytokinesis (GO:0032465),1,64,114,0.44996260843032704,E2F7,0.5842702085986243,1.6850328947368418,Down,GO_BP
Enzyme-Linked Receptor Protein Signaling Pathway (GO:0007167),1,64,114,0.44996260843032704,NEDD9,0.5842702085986243,1.6850328947368418,Down,GO_BP
Response To Insulin (GO:0032868),1,64,114,0.44996260843032704,SORT1,0.5842702085986243,1.6850328947368418,Down,GO_BP
Positive Regulation Of Peptidyl-Tyrosine Phosphorylation (GO:0050731),1,65,114,0.45508969450055975,NEDD9,0.5842702085986243,1.6591093117408906,Down,GO_BP
tRNA Modification (GO:0006400),1,65,114,0.45508969450055975,GON7,0.5842702085986243,1.6591093117408906,Down,GO_BP
Hemopoiesis (GO:0030097),1,65,114,0.45508969450055975,MECOM,0.5842702085986243,1.6591093117408906,Down,GO_BP
Negative Regulation Of Phosphorylation (GO:0042326),1,65,114,0.45508969450055975,CDKN2C,0.5842702085986243,1.6591093117408906,Down,GO_BP
Negative Regulation Of Transforming Growth Factor Beta Receptor Signaling Pathway (GO:0030512),1,65,114,0.45508969450055975,TET1,0.5842702085986243,1.6591093117408906,Down,GO_BP
Antigen Receptor-Mediated Signaling Pathway (GO:0050851),1,66,114,0.46016940460170724,VTCN1,0.5842702085986243,1.6339712918660285,Down,GO_BP
Positive Regulation Of Protein Localization To Membrane (GO:1905477),1,66,114,0.46016940460170724,PLS1,0.5842702085986243,1.6339712918660285,Down,GO_BP
Cellular Response To Transforming Growth Factor Beta Stimulus (GO:0071560),1,66,114,0.46016940460170724,FERMT2,0.5842702085986243,1.6339712918660285,Down,GO_BP
Regulation Of Tumor Necrosis Factor Production (GO:0032680),1,66,114,0.46016940460170724,ARG2,0.5842702085986243,1.6339712918660285,Down,GO_BP
Regulation Of Protein Localization To Plasma Membrane (GO:1903076),1,66,114,0.46016940460170724,PLS1,0.5842702085986243,1.6339712918660285,Down,GO_BP
Protein K48-linked Ubiquitination (GO:0070936),1,66,114,0.46016940460170724,RNF152,0.5842702085986243,1.6339712918660285,Down,GO_BP
Regulation Of Epithelial To Mesenchymal Transition (GO:0010717),1,66,114,0.46016940460170724,FERMT2,0.5842702085986243,1.6339712918660285,Down,GO_BP
Negative Regulation Of Cell Population Proliferation (GO:0008285),3,271,114,0.4615529766134267,CDKN2C;DDAH1;E2F7,0.5848755794020829,1.193824043503593,Down,GO_BP
Positive Regulation Of Vasculature Development (GO:1904018),1,67,114,0.4652021726647924,SEMA5A,0.5871925662794346,1.6095836606441478,Down,GO_BP
Ubiquitin-Dependent ERAD Pathway (GO:0030433),1,67,114,0.4652021726647924,UBE4A,0.5871925662794346,1.6095836606441478,Down,GO_BP
Regulation Of MAP Kinase Activity (GO:0043405),1,69,114,0.4751285987395922,CD24,0.5950639731787125,1.562929061784897,Down,GO_BP
Positive Regulation Of Protein-Containing Complex Assembly (GO:0031334),1,69,114,0.4751285987395922,FERMT2,0.5950639731787125,1.562929061784897,Down,GO_BP
Regulation Of Cell Division (GO:0051302),1,69,114,0.4751285987395922,MLLT3,0.5950639731787125,1.562929061784897,Down,GO_BP
Regulation Of Actin Cytoskeleton Organization (GO:0032956),1,69,114,0.4751285987395922,NEDD9,0.5950639731787125,1.562929061784897,Down,GO_BP
Response To Calcium Ion (GO:0051592),1,70,114,0.48002310505809415,ALOX15,0.5988682838732509,1.5406015037593985,Down,GO_BP
Macromolecule Modification (GO:0043412),1,70,114,0.48002310505809415,WWP2,0.5988682838732509,1.5406015037593985,Down,GO_BP
Positive Regulation Of Protein Catabolic Process (GO:0045732),1,71,114,0.4848723660220483,RDX,0.6014282232388869,1.5189028910303928,Down,GO_BP
DNA Replication (GO:0006260),1,71,114,0.4848723660220483,FAM111B,0.6014282232388869,1.5189028910303928,Down,GO_BP
Regulation Of Cyclin-Dependent Protein Serine/Threonine Kinase Activity (GO:0000079),1,71,114,0.4848723660220483,CDKN2C,0.6014282232388869,1.5189028910303928,Down,GO_BP
Apoptotic Process (GO:0006915),2,176,114,0.4877284276739291,IER3;RNF152,0.6038096657383576,1.2254784688995215,Down,GO_BP
Cellular Response To Salt (GO:1902075),1,72,114,0.48967679621704885,ALOX15,0.6050604091187672,1.4978070175438596,Down,GO_BP
Negative Regulation Of Cellular Process (GO:0048523),4,390,114,0.4909544224562553,CDKN2C;DDAH1;E2F7;SEMA5A,0.6054791634498752,1.106072874493927,Down,GO_BP
Negative Regulation Of Programmed Cell Death (GO:0043069),3,284,114,0.4925031777968794,IER3;MECOM;VTCN1,0.6062300566392885,1.1391771682727947,Down,GO_BP
Positive Regulation Of Binding (GO:0051099),1,73,114,0.4944368064634291,NMD3,0.60745093365507,1.4772891131939438,Down,GO_BP
Regulation Of Protein Localization (GO:0032880),1,74,114,0.49915280385015476,NEDD9,0.6120790085234787,1.457325746799431,Down,GO_BP
Proteolysis (GO:0006508),2,181,114,0.5025632645413468,ADAMTS19;MMP16,0.6150916615354245,1.1916254725210818,Down,GO_BP
Negative Regulation Of Macromolecule Biosynthetic Process (GO:0010558),1,76,114,0.508454369944889,PAIP2B,0.619305973954405,1.4189750692520775,Down,GO_BP
Proteasome-Mediated Ubiquitin-Dependent Protein Catabolic Process (GO:0043161),3,291,114,0.5088114827152447,RHOBTB3;UBE4A;WWP2,0.619305973954405,1.1117742810634834,Down,GO_BP
Protein Phosphorylation (GO:0006468),4,399,114,0.5088870793733871,CDKL1;EPHA6;STK26;TESK2,0.619305973954405,1.0811238622872972,Down,GO_BP
Central Nervous System Development (GO:0007417),2,184,114,0.5113323591043759,GRHL2;VAX2,0.6205243814426538,1.1721967963386728,Down,GO_BP
Negative Regulation Of Amide Metabolic Process (GO:0034249),1,77,114,0.5130407344747862,PAIP2B,0.6205243814426538,1.4005468215994532,Down,GO_BP
Cilium Organization (GO:0044782),2,186,114,0.5171226721739404,MNS1;NEDD9,0.6205243814426538,1.1595925297113752,Down,GO_BP
Regulation Of Mitotic Cell Cycle Phase Transition (GO:1901990),1,78,114,0.5175846778544926,CDKN2C,0.6205243814426538,1.3825910931174088,Down,GO_BP
Regulation Of Response To External Stimulus (GO:0032101),1,78,114,0.5175846778544926,ALOX15,0.6205243814426538,1.3825910931174088,Down,GO_BP
Negative Regulation Of Canonical Wnt Signaling Pathway (GO:0090090),1,78,114,0.5175846778544926,MLLT3,0.6205243814426538,1.3825910931174088,Down,GO_BP
Protein Processing (GO:0016485),1,78,114,0.5175846778544926,MMP16,0.6205243814426538,1.3825910931174088,Down,GO_BP
Regulation Of Protein Metabolic Process (GO:0051246),1,78,114,0.5175846778544926,RHOBTB3,0.6205243814426538,1.3825910931174088,Down,GO_BP
Negative Regulation Of Signal Transduction (GO:0009968),2,187,114,0.520000969400296,NRARP;WWP2,0.621302306114451,1.153391500140726,Down,GO_BP
Positive Regulation Of Angiogenesis (GO:0045766),1,79,114,0.5220865890140038,SEMA5A,0.621302306114451,1.3650899400399734,Down,GO_BP
Regulation Of RNA Metabolic Process (GO:0051252),1,79,114,0.5220865890140038,MBNL3,0.621302306114451,1.3650899400399734,Down,GO_BP
Activation Of GTPase Activity (GO:0090630),1,79,114,0.5220865890140038,SYDE2,0.621302306114451,1.3650899400399734,Down,GO_BP
Nuclear-Transcribed mRNA Catabolic Process (GO:0000956),1,80,114,0.5265468533490341,DCPS,0.6243064713421452,1.3480263157894736,Down,GO_BP
Negative Regulation Of Developmental Process (GO:0051093),1,80,114,0.5265468533490341,TET1,0.6243064713421452,1.3480263157894736,Down,GO_BP
ERAD Pathway (GO:0036503),1,81,114,0.5309658527528506,UBE4A,0.6283907798634654,1.3313840155945418,Down,GO_BP
"Retrograde Transport, Endosome To Golgi (GO:0042147)",1,82,114,0.5353439656478132,RHOBTB3,0.6312556816139662,1.3151476251604621,Down,GO_BP
Synapse Organization (GO:0050808),1,82,114,0.5353439656478132,FARP1,0.6312556816139662,1.3151476251604621,Down,GO_BP
Mitotic Spindle Organization (GO:0007052),1,83,114,0.5396815670166432,GPSM2,0.6328992922286087,1.299302473050095,Down,GO_BP
Vesicle Organization (GO:0016050),1,83,114,0.5396815670166432,SORT1,0.6328992922286087,1.299302473050095,Down,GO_BP
Cellular Response To Metal Ion (GO:0071248),1,83,114,0.5396815670166432,ALOX15,0.6328992922286087,1.299302473050095,Down,GO_BP
Negative Regulation Of Transmembrane Receptor Protein Serine/Threonine Kinase Signaling Pathway (GO:0090101),1,84,114,0.5439790284334063,TET1,0.6356276690933823,1.2838345864661653,Down,GO_BP
Skeletal System Development (GO:0001501),1,84,114,0.5439790284334063,MMP16,0.6356276690933823,1.2838345864661653,Down,GO_BP
Protein Maturation (GO:0051604),1,85,114,0.5482367180942248,MMP16,0.6371399696770721,1.2687306501547988,Down,GO_BP
Regulation Of JNK Cascade (GO:0046328),1,85,114,0.5482367180942248,MECOM,0.6371399696770721,1.2687306501547988,Down,GO_BP
Positive Regulation Of Autophagy (GO:0010508),1,85,114,0.5482367180942248,RNF152,0.6371399696770721,1.2687306501547988,Down,GO_BP
"mRNA Splicing, Via Spliceosome (GO:0000398)",2,199,114,0.5536493762432123,CWF19L2;DCPS,0.6422731073325035,1.0838402539010843,Down,GO_BP
Proteasomal Protein Catabolic Process (GO:0010498),2,200,114,0.5563782148873778,RHOBTB3;WWP2,0.6442799795374482,1.078421052631579,Down,GO_BP
Fatty Acid Metabolic Process (GO:0006631),1,88,114,0.5607747884702445,ALOX15,0.6482074167801214,1.2254784688995215,Down,GO_BP
Negative Regulation Of Growth (GO:0045926),1,90,114,0.5689412442791277,CDKN2C,0.6551714337829281,1.1982456140350877,Down,GO_BP
Regulation Of Protein Serine/Threonine Kinase Activity (GO:0071900),1,90,114,0.5689412442791277,CDKN2C,0.6551714337829281,1.1982456140350877,Down,GO_BP
Chromatin Remodeling (GO:0006338),2,206,114,0.5725052103791348,MECOM;TET1,0.6551714337829281,1.0470107307102707,Down,GO_BP
Lysosomal Transport (GO:0007041),1,91,114,0.5729678501585261,SORT1,0.6551714337829281,1.1850780798149219,Down,GO_BP
Glycerophospholipid Biosynthetic Process (GO:0046474),1,92,114,0.5769571695948886,ALOX15,0.6551714337829281,1.1721967963386728,Down,GO_BP
Transmembrane Receptor Protein Serine/Threonine Kinase Signaling Pathway (GO:0007178),1,92,114,0.5769571695948886,FERMT2,0.6551714337829281,1.1721967963386728,Down,GO_BP
Regulation Of RNA Splicing (GO:0043484),1,92,114,0.5769571695948886,MBNL3,0.6551714337829281,1.1721967963386728,Down,GO_BP
Regulation Of Organelle Organization (GO:0033043),1,92,114,0.5769571695948886,RDX,0.6551714337829281,1.1721967963386728,Down,GO_BP
Macroautophagy (GO:0016236),1,92,114,0.5769571695948886,UBA5,0.6551714337829281,1.1721967963386728,Down,GO_BP
Intrinsic Apoptotic Signaling Pathway (GO:0097193),1,92,114,0.5769571695948886,CD24,0.6551714337829281,1.1721967963386728,Down,GO_BP
Negative Regulation Of Translation (GO:0017148),1,93,114,0.5809095448338809,PAIP2B,0.6585002748995663,1.1595925297113752,Down,GO_BP
Regulation Of Transforming Growth Factor Beta Receptor Signaling Pathway (GO:0017015),1,94,114,0.5848253150075498,TET1,0.6594621122025692,1.1472564389697648,Down,GO_BP
Positive Regulation Of Macromolecule Biosynthetic Process (GO:0010557),1,94,114,0.5848253150075498,NMD3,0.6594621122025692,1.1472564389697648,Down,GO_BP
Regulation Of Cytoskeleton Organization (GO:0051493),1,94,114,0.5848253150075498,NEDD9,0.6594621122025692,1.1472564389697648,Down,GO_BP
Regulation Of Small GTPase Mediated Signal Transduction (GO:0051056),1,95,114,0.5887048161623973,SYDE2,0.6626781962037457,1.135180055401662,Down,GO_BP
Regulation Of Protein Binding (GO:0043393),1,96,114,0.5925483812872013,NMD3,0.6646847059656432,1.1233552631578947,Down,GO_BP
Negative Regulation Of Cell Growth (GO:0030308),1,96,114,0.5925483812872013,CDKN2C,0.6646847059656432,1.1233552631578947,Down,GO_BP
Positive Regulation Of Macromolecule Metabolic Process (GO:0010604),2,215,114,0.5958998837744761,CDH3;RDX,0.6654841514181346,1.0031823745410036,Down,GO_BP
ncRNA Processing (GO:0034470),1,97,114,0.5963563403405919,FARS2,0.6654841514181346,1.1117742810634834,Down,GO_BP
Negative Regulation Of Wnt Signaling Pathway (GO:0030178),1,97,114,0.5963563403405919,MLLT3,0.6654841514181346,1.1117742810634834,Down,GO_BP
Regulation Of Anatomical Structure Morphogenesis (GO:0022603),1,98,114,0.6001290202783781,FERMT2,0.6678405788807825,1.1004296455424274,Down,GO_BP
Ubiquitin-Dependent Protein Catabolic Process (GO:0006511),3,333,114,0.6005388151176029,RHOBTB3;UBE4A;WWP2,0.6678405788807825,0.9715504978662872,Down,GO_BP
Regulation Of Protein Catabolic Process (GO:0042176),1,99,114,0.6038667450806298,RDX,0.6692337638780175,1.0893141945773523,Down,GO_BP
Cellular Response To Oxidative Stress (GO:0034599),1,99,114,0.6038667450806298,TPM1,0.6692337638780175,1.0893141945773523,Down,GO_BP
Neuron Projection Morphogenesis (GO:0048812),1,100,114,0.6075698357785233,FARP1,0.6721827514187779,1.078421052631579,Down,GO_BP
Regulation Of Cytokine Production (GO:0001817),1,101,114,0.6112386104809386,VTCN1,0.6750837393154202,1.0677436164669096,Down,GO_BP
Protein Dephosphorylation (GO:0006470),1,102,114,0.6148733844008245,PPM1L,0.6767804316357199,1.0572755417956656,Down,GO_BP
Inflammatory Response (GO:0006954),1,102,114,0.6148733844008245,ALOX15,0.6767804316357199,1.0572755417956656,Down,GO_BP
Protein Localization To Plasma Membrane (GO:0072659),1,103,114,0.6184744698813285,RDX,0.678428627675947,1.0470107307102707,Down,GO_BP
Nitrogen Compound Transport (GO:0071705),1,103,114,0.6184744698813285,ABCG2,0.678428627675947,1.0470107307102707,Down,GO_BP
Positive Regulation Of Transferase Activity (GO:0051347),1,105,114,0.6255768107028966,GRHL2,0.6839195746378298,1.0270676691729324,Down,GO_BP
Plasma Membrane Bounded Cell Projection Assembly (GO:0120031),2,227,114,0.6256008512191001,AIF1L;STK26,0.6839195746378298,0.9501507071643868,Down,GO_BP
Negative Regulation Of Cellular Biosynthetic Process (GO:0031327),1,107,114,0.6325480752729706,PAIP2B,0.6894092080754617,1.0078701426463352,Down,GO_BP
Regulation Of Intracellular Signal Transduction (GO:1902531),2,230,114,0.6327600793498811,CD24;SYDE2,0.6894092080754617,0.9377574370709382,Down,GO_BP
Positive Regulation Of Protein Kinase Activity (GO:0045860),1,108,114,0.6359853050603577,NEDD9,0.691754674138163,0.9985380116959064,Down,GO_BP
Protein Localization To Cell Periphery (GO:1990778),1,109,114,0.6393906616353715,RDX,0.69428783965457,0.9893771125060357,Down,GO_BP
Mitotic Sister Chromatid Segregation (GO:0000070),1,110,114,0.6427644379647578,SMC4,0.696778256281124,0.9803827751196171,Down,GO_BP
Negative Regulation Of Protein Metabolic Process (GO:0051248),1,111,114,0.6461069243462427,PAIP2B,0.6992264533612862,0.9715504978662872,Down,GO_BP
Organic Substance Transport (GO:0071702),1,113,114,0.6526991752557093,ABCG2,0.7039982743142684,0.9543549138332555,Down,GO_BP
Positive Regulation Of Cellular Catabolic Process (GO:0031331),1,113,114,0.6526991752557093,RNF152,0.7039982743142684,0.9543549138332555,Down,GO_BP
Ras Protein Signal Transduction (GO:0007265),1,114,114,0.6559495072498681,GPSM2,0.7051457202936082,0.945983379501385,Down,GO_BP
Dephosphorylation (GO:0016311),1,114,114,0.6559495072498681,PPM1L,0.7051457202936082,0.945983379501385,Down,GO_BP
Intracellular Monoatomic Cation Homeostasis (GO:0030003),1,116,114,0.6623599836427629,FRRS1,0.7108522287014678,0.9296733212341196,Down,GO_BP
Regulation Of Cellular Component Organization (GO:0051128),1,117,114,0.6655206801335442,MLLT3,0.7118753543717015,0.9217273954116059,Down,GO_BP
Regulation Of Neuron Projection Development (GO:0010975),1,117,114,0.6655206801335442,FUT9,0.7118753543717015,0.9217273954116059,Down,GO_BP
Regulation Of DNA Metabolic Process (GO:0051052),1,118,114,0.6686520460253706,GRHL2,0.7122279415864354,0.9139161462979483,Down,GO_BP
Cellular Response To Oxygen-Containing Compound (GO:1901701),2,246,114,0.6691629962812091,ALOX15;TPM1,0.7122279415864354,0.876765083440308,Down,GO_BP
Positive Regulation Of Multicellular Organismal Process (GO:0051240),2,246,114,0.6691629962812091,FERMT2;TET1,0.7122279415864354,0.876765083440308,Down,GO_BP
Negative Regulation Of Gene Expression (GO:0010629),2,250,114,0.6778008095087753,PAIP2B;WWP2,0.7202331501370017,0.862736842105263,Down,GO_BP
Regulation Of Angiogenesis (GO:0045765),1,127,114,0.695558176780932,SEMA5A,0.737886552670561,0.8491504351429755,Down,GO_BP
Protein Autophosphorylation (GO:0046777),1,128,114,0.6984106768094496,STK26,0.7396960370149342,0.8425164473684209,Down,GO_BP
Regulation Of Inflammatory Response (GO:0050727),1,129,114,0.7012366823037551,ALOX15,0.7414715739113477,0.835985312117503,Down,GO_BP
Regulation Of MAPK Cascade (GO:0043408),1,131,114,0.7068101831770353,CD24,0.7461416827318949,0.823222177581358,Down,GO_BP
Negative Regulation Of Macromolecule Metabolic Process (GO:0010605),1,132,114,0.7095581597550027,WWP2,0.7478186487613999,0.8169856459330143,Down,GO_BP
Regulation Of Cell Differentiation (GO:0045595),1,147,114,0.7478418147930967,CD24,0.7868808654837641,0.7336197636949516,Down,GO_BP
Endocytosis (GO:0006897),1,148,114,0.7502083277686119,SORT1,0.7880852954572551,0.7286628733997155,Down,GO_BP
Negative Regulation Of Cell Differentiation (GO:0045596),1,151,114,0.7571765762289285,FERMT2,0.7941120189718031,0.7141861275705821,Down,GO_BP
Positive Regulation Of Nucleic Acid-Templated Transcription (GO:1903508),3,429,114,0.7652018239085965,CAND2;MECOM;MLLT3,0.8012259357484492,0.7541405962458594,Down,GO_BP
Positive Regulation Of Phosphorylation (GO:0042327),1,156,114,0.7683646503849885,KCTD20,0.8032337106941938,0.6912955465587044,Down,GO_BP
Cellular Response To Cytokine Stimulus (GO:0071345),1,159,114,0.7748306247905747,ALOX15,0.8073760145232968,0.6782522343594836,Down,GO_BP
Positive Regulation Of Protein Metabolic Process (GO:0051247),1,159,114,0.7748306247905747,RDX,0.8073760145232968,0.6782522343594836,Down,GO_BP
Macromolecule Biosynthetic Process (GO:0009059),1,162,114,0.781117644419493,FUT9,0.8126143236299564,0.6656920077972709,Down,GO_BP
Positive Regulation Of Gene Expression (GO:0010628),2,310,114,0.7865910659941762,CDH3;RDX,0.8169907207185888,0.6957555178268251,Down,GO_BP
Endomembrane System Organization (GO:0010256),1,167,114,0.7912116089528034,SPTSSB,0.8204686298626337,0.6457611093602269,Down,GO_BP
"RNA Splicing, Via Transesterification Reactions With Bulged Adenosine As Nucleophile (GO:0000377)",1,169,114,0.7951187539826935,CWF19L2,0.8231967838183585,0.6381189660541887,Down,GO_BP
Positive Regulation Of Cell Population Proliferation (GO:0008284),2,317,114,0.7969420417302152,EPCAM;GAB2,0.8237622065961359,0.680391831313299,Down,GO_BP
Protein Stabilization (GO:0050821),1,171,114,0.7989534124192583,PER3,0.8245199216166745,0.6306555863342567,Down,GO_BP
Transcription By RNA Polymerase II (GO:0006366),1,174,114,0.8045723972380382,E2F2,0.8276701694075513,0.6197822141560798,Down,GO_BP
Modification-Dependent Protein Catabolic Process (GO:0019941),1,174,114,0.8045723972380382,UBE4A,0.8276701694075513,0.6197822141560798,Down,GO_BP
Regulation Of Cell Growth (GO:0001558),1,175,114,0.8064105776600565,CDKN2C,0.8282401633610453,0.6162406015037594,Down,GO_BP
Regulation Of Translation (GO:0006417),1,180,114,0.8153475328385695,PAIP2B,0.834760569334726,0.5991228070175438,Down,GO_BP
Positive Regulation Of Developmental Process (GO:0051094),1,180,114,0.8153475328385695,TET1,0.834760569334726,0.5991228070175438,Down,GO_BP
Positive Regulation Of Cell Differentiation (GO:0045597),1,182,114,0.8188067029961833,FERMT2,0.8356492459375605,0.5925390399074609,Down,GO_BP
Positive Regulation Of Signal Transduction (GO:0009967),1,182,114,0.8188067029961833,CDH3,0.8356492459375605,0.5925390399074609,Down,GO_BP
Negative Regulation Of Apoptotic Process (GO:0043066),2,336,114,0.8228494433356487,IER3;VTCN1,0.8384484849154715,0.6419172932330827,Down,GO_BP
Vesicle-Mediated Transport (GO:0016192),2,349,114,0.838843034542801,MYO5B;SORT1,0.8533970935017455,0.6180063338862917,Down,GO_BP
mRNA Processing (GO:0006397),1,199,114,0.845731707227016,CWF19L2,0.859050316789646,0.5419201269505421,Down,GO_BP
Negative Regulation Of Nucleic Acid-Templated Transcription (GO:1903507),2,358,114,0.849145562092319,MECOM;WWP2,0.8609311432876109,0.6024698618053513,Down,GO_BP
Positive Regulation Of Intracellular Signal Transduction (GO:1902533),2,359,114,0.8502529275569117,FERMT2;SEMA5A,0.8609311432876109,0.6007916727752529,Down,GO_BP
Regulation Of Nucleic Acid-Templated Transcription (GO:1903506),2,361,114,0.8524457150461646,SETBP1;ZNF284,0.8617985677190849,0.5974631870535063,Down,GO_BP
Regulation Of Autophagy (GO:0010506),1,206,114,0.8556290333706574,RNF152,0.8636631088013678,0.5235053653551354,Down,GO_BP
Translation (GO:0006412),1,209,114,0.8596755833673784,FARS2,0.8663917988624361,0.5159909342734827,Down,GO_BP
Chromatin Organization (GO:0006325),1,222,114,0.8759503274835543,TET1,0.8814164761729992,0.4857752489331436,Down,GO_BP
Regulation Of Cell Cycle (GO:0051726),1,253,114,0.9075951291885099,MECOM,0.9118362279230356,0.42625338048679,Down,GO_BP
DNA Metabolic Process (GO:0006259),1,271,114,0.9221465256340663,FAM111B,0.9250147885442811,0.397941347834531,Down,GO_BP
Protein Localization (GO:0008104),1,297,114,0.9392440086185471,FERMT2,0.9407024620480791,0.36310473152578415,Down,GO_BP
DNA Damage Response (GO:0006974),1,353,114,0.9644495446709688,IER3,0.9644495446709687,0.3055017146265096,Down,GO_BP
Butanoate metabolism,3,18,114,0.0005724878202786921,HMGCLL1;HMGCS1;L2HGDH,0.05553131856703313,17.973684210526315,Down,KEGG
Chronic myeloid leukemia,3,72,114,0.029170376730178946,E2F2;GAB2;MECOM,0.7899427502262245,4.493421052631579,Down,KEGG
MicroRNAs in cancer,4,138,114,0.03937682780124008,E2F2;MMP16;RDX;TPM1,0.7899427502262245,3.125858123569794,Down,KEGG
"Valine, leucine and isoleucine degradation",2,40,114,0.0529067402300269,HMGCLL1;HMGCS1,0.7899427502262245,5.3921052631578945,Down,KEGG
Hypertrophic cardiomyopathy,2,50,114,0.07832682101563597,ITGA10;TPM1,0.7899427502262245,4.313684210526316,Down,KEGG
Cushing syndrome,3,108,114,0.07889274300008774,CDKN2C;E2F2;KCNK2,0.7899427502262245,2.995614035087719,Down,KEGG
ECM-receptor interaction,2,51,114,0.08104595888155187,FREM2;ITGA10,0.7899427502262245,4.2291021671826625,Down,KEGG
Dilated cardiomyopathy,2,51,114,0.08104595888155187,ITGA10;TPM1,0.7899427502262245,4.2291021671826625,Down,KEGG
Linoleic acid metabolism,1,10,114,0.08898420059284087,ALOX15,0.7899427502262245,10.784210526315789,Down,KEGG
Cell adhesion molecules,2,61,114,0.10971112782402664,CDH3;VTCN1,0.7899427502262245,3.5358067299396025,Down,KEGG
Arginine biosynthesis,1,15,114,0.13048626103682398,ARG2,0.7899427502262245,7.189473684210526,Down,KEGG
Herpes simplex virus 1 infection,6,395,114,0.16061192414051112,ZNF112;ZNF227;ZNF234;ZNF284;ZNF347;ZNF45,0.7899427502262245,1.6381079280479678,Down,KEGG
Terpenoid backbone biosynthesis,1,20,114,0.1701134943787745,HMGCS1,0.7899427502262245,5.3921052631578945,Down,KEGG
Starch and sucrose metabolism,1,21,114,0.1778214185795908,AGL,0.7899427502262245,5.135338345864661,Down,KEGG
Mannose type O-glycan biosynthesis,1,21,114,0.1778214185795908,FUT9,0.7899427502262245,5.135338345864661,Down,KEGG
Cholesterol metabolism,1,25,114,0.20794987883754693,SORT1,0.7899427502262245,4.313684210526316,Down,KEGG
Metabolism of xenobiotics by cytochrome P450,1,25,114,0.20794987883754693,GSTO2,0.7899427502262245,4.313684210526316,Down,KEGG
Aminoacyl-tRNA biosynthesis,1,25,114,0.20794987883754693,FARS2,0.7899427502262245,4.313684210526316,Down,KEGG
Nicotinate and nicotinamide metabolism,1,26,114,0.2153093795150691,NNT,0.7899427502262245,4.147773279352226,Down,KEGG
Circadian rhythm,1,27,114,0.2226010921605926,PER3,0.7899427502262245,3.9941520467836256,Down,KEGG
Arachidonic acid metabolism,1,28,114,0.22982563569150397,ALOX15,0.7899427502262245,3.851503759398496,Down,KEGG
Hematopoietic cell lineage,1,29,114,0.2369836234243565,CD24,0.7899427502262245,3.7186932849364784,Down,KEGG
ABC transporters,1,30,114,0.24407566312510046,ABCG2,0.7899427502262245,3.594736842105263,Down,KEGG
Glycosphingolipid biosynthesis,1,31,114,0.25110235705886896,FUT9,0.7899427502262245,3.4787775891341255,Down,KEGG
Bile secretion,1,32,114,0.2580643020393218,ABCG2,0.7899427502262245,3.3700657894736836,Down,KEGG
Ferroptosis,1,33,114,0.2649620894775468,ALOX15,0.7899427502262245,3.267942583732057,Down,KEGG
Bladder cancer,1,36,114,0.2852763406260374,E2F2,0.7899427502262245,2.995614035087719,Down,KEGG
Arginine and proline metabolism,1,37,114,0.29192330564224167,ARG2,0.7899427502262245,2.914651493598862,Down,KEGG
Transcriptional misregulation in cancer,2,117,114,0.295719190712224,CDKN2C;MLLT3,0.7899427502262245,1.8434547908232117,Down,KEGG
Cell cycle,2,117,114,0.295719190712224,CDKN2C;E2F2,0.7899427502262245,1.8434547908232117,Down,KEGG
Glutathione metabolism,1,38,114,0.29850899081453375,GSTO2,0.7899427502262245,2.837950138504155,Down,KEGG
Cortisol synthesis and secretion,1,39,114,0.3050339561414873,KCNK2,0.7899427502262245,2.7651821862348176,Down,KEGG
Calcium signaling pathway,2,120,114,0.3060064683377981,MCOLN2;MCOLN3,0.7899427502262245,1.7973684210526315,Down,KEGG
Gastric acid secretion,1,41,114,0.31790394193819216,KCNK2,0.7899427502262245,2.6302952503209243,Down,KEGG
Cardiac muscle contraction,1,44,114,0.33676723253052665,TPM1,0.7899427502262245,2.450956937799043,Down,KEGG
Arrhythmogenic right ventricular cardiomyopathy,1,45,114,0.34293935787677327,ITGA10,0.7899427502262245,2.3964912280701753,Down,KEGG
Insulin secretion,1,45,114,0.34293935787677327,PCLO,0.7899427502262245,2.3964912280701753,Down,KEGG
Hepatocellular carcinoma,2,132,114,0.34682525146329996,E2F2;GSTO2,0.7899427502262245,1.6339712918660285,Down,KEGG
Ubiquitin mediated proteolysis,2,132,114,0.34682525146329996,UBE4A;WWP2,0.7899427502262245,1.6339712918660285,Down,KEGG
N-Glycan biosynthesis,1,47,114,0.3551133111765076,DPAGT1,0.7899427502262245,2.2945128779395296,Down,KEGG
PPAR signaling pathway,1,47,114,0.3551133111765076,HMGCS1,0.7899427502262245,2.2945128779395296,Down,KEGG
Fc epsilon RI signaling pathway,1,48,114,0.3611161757577009,GAB2,0.7899427502262245,2.2467105263157894,Down,KEGG
Melanoma,1,49,114,0.3670636488888151,E2F2,0.7899427502262245,2.200859291084855,Down,KEGG
Drug metabolism,1,50,114,0.37295623721275745,GSTO2,0.7899427502262245,2.156842105263158,Down,KEGG
Notch signaling pathway,1,51,114,0.3787944427793816,MAML2,0.7899427502262245,2.1145510835913313,Down,KEGG
Lysine degradation,1,54,114,0.3959877154021,MECOM,0.7899427502262245,1.9970760233918128,Down,KEGG
Axon guidance,2,147,114,0.39669781714499175,EPHA6;SEMA5A,0.7899427502262245,1.4672395273899033,Down,KEGG
Th1 and Th2 cell differentiation,1,55,114,0.4016133200135509,MAML2,0.7899427502262245,1.9607655502392343,Down,KEGG
Amoebiasis,1,56,114,0.40718698465269304,ARG2,0.7899427502262245,1.925751879699248,Down,KEGG
Serotonergic synapse,1,56,114,0.40718698465269304,ALOX15,0.7899427502262245,1.925751879699248,Down,KEGG
Circadian entrainment,1,60,114,0.4289716859494148,PER3,0.791644153884229,1.7973684210526315,Down,KEGG
Glioma,1,62,114,0.43956455274691275,E2F2,0.791644153884229,1.7393887945670627,Down,KEGG
Regulation of actin cytoskeleton,2,161,114,0.4416479213948029,ITGA10;RDX,0.791644153884229,1.3396534815299117,Down,KEGG
Non-small cell lung cancer,1,63,114,0.4447877084848832,E2F2,0.791644153884229,1.7117794486215538,Down,KEGG
RNA degradation,1,68,114,0.47018842868149435,DCPS,0.791644153884229,1.5859133126934983,Down,KEGG
Peroxisome,1,69,114,0.4751285987395922,HMGCLL1,0.791644153884229,1.562929061784897,Down,KEGG
Human T-cell leukemia virus 1 infection,2,173,114,0.47869818357015526,CDKN2C;E2F2,0.791644153884229,1.2467295406145422,Down,KEGG
Glycerophospholipid metabolism,1,71,114,0.4848723660220483,GPD2,0.791644153884229,1.5189028910303928,Down,KEGG
Ribosome biogenesis in eukaryotes,1,72,114,0.48967679621704885,NMD3,0.791644153884229,1.4978070175438596,Down,KEGG
Pancreatic cancer,1,72,114,0.48967679621704885,E2F2,0.791644153884229,1.4978070175438596,Down,KEGG
"Parathyroid hormone synthesis, secretion and action",1,78,114,0.5175846778544926,MMP16,0.7969160912997743,1.3825910931174088,Down,KEGG
Small cell lung cancer,1,78,114,0.5175846778544926,E2F2,0.7969160912997743,1.3825910931174088,Down,KEGG
Fc gamma R-mediated phagocytosis,1,78,114,0.5175846778544926,GAB2,0.7969160912997743,1.3825910931174088,Down,KEGG
Prostate cancer,1,83,114,0.5396815670166432,E2F2,0.8059296423031486,1.299302473050095,Down,KEGG
Adrenergic signaling in cardiomyocytes,1,88,114,0.5607747884702445,TPM1,0.8059296423031486,1.2254784688995215,Down,KEGG
Osteoclast differentiation,1,88,114,0.5607747884702445,GAB2,0.8059296423031486,1.2254784688995215,Down,KEGG
Necroptosis,1,97,114,0.5963563403405919,ALOX15,0.8059296423031486,1.1117742810634834,Down,KEGG
Thyroid hormone signaling pathway,1,99,114,0.6038667450806298,MED13L,0.8059296423031486,1.0893141945773523,Down,KEGG
Phospholipase D signaling pathway,1,100,114,0.6075698357785233,GAB2,0.8059296423031486,1.078421052631579,Down,KEGG
Sphingolipid signaling pathway,1,100,114,0.6075698357785233,GAB2,0.8059296423031486,1.078421052631579,Down,KEGG
Gastric cancer,1,102,114,0.6148733844008245,E2F2,0.8059296423031486,1.0572755417956656,Down,KEGG
Breast cancer,1,103,114,0.6184744698813285,E2F2,0.8059296423031486,1.0470107307102707,Down,KEGG
Neurotrophin signaling pathway,1,105,114,0.6255768107028966,SORT1,0.8059296423031486,1.0270676691729324,Down,KEGG
Fluid shear stress and atherosclerosis,1,105,114,0.6255768107028966,GSTO2,0.8059296423031486,1.0270676691729324,Down,KEGG
Oxidative phosphorylation,1,107,114,0.6325480752729706,ATP5MG,0.8059296423031486,1.0078701426463352,Down,KEGG
Yersinia infection,1,111,114,0.6461069243462427,SKAP2,0.8059296423031486,0.9715504978662872,Down,KEGG
Lysosome,1,116,114,0.6623599836427629,SORT1,0.8059296423031486,0.9296733212341196,Down,KEGG
Hepatitis C,1,118,114,0.6686520460253706,E2F2,0.8059296423031486,0.9139161462979483,Down,KEGG
Pathways in cancer,3,370,114,0.6716123503052597,E2F2;GSTO2;MECOM,0.8059296423031486,0.8743954480796586,Down,KEGG
Human papillomavirus infection,2,248,114,0.673504795996845,ITGA10;MAML2,0.8059296423031486,0.8696943972835314,Down,KEGG
Tight junction,1,131,114,0.7068101831770353,RDX,0.8059296423031486,0.823222177581358,Down,KEGG
mTOR signaling pathway,1,131,114,0.7068101831770353,RNF152,0.8059296423031486,0.823222177581358,Down,KEGG
Hepatitis B,1,132,114,0.7095581597550027,E2F2,0.8059296423031486,0.8169856459330143,Down,KEGG
Chemical carcinogenesis,1,135,114,0.7176498353443916,GSTO2,0.8059296423031486,0.7988304093567251,Down,KEGG
Cellular senescence,1,140,114,0.7306423010499283,E2F2,0.8059296423031486,0.7703007518796993,Down,KEGG
Focal adhesion,1,143,114,0.7381514683202093,ITGA10,0.8059296423031486,0.7541405962458594,Down,KEGG
Kaposi sarcoma-associated herpesvirus infection,1,146,114,0.7454530801152184,E2F2,0.8059296423031486,0.7386445565969719,Down,KEGG
Ras signaling pathway,1,148,114,0.7502083277686119,GAB2,0.8059296423031486,0.7286628733997155,Down,KEGG
RNA transport,1,151,114,0.7571765762289285,NMD3,0.8059296423031486,0.7141861275705821,Down,KEGG
Pathogenic Escherichia coli infection,1,156,114,0.7683646503849885,MYO5B,0.8059296423031486,0.6912955465587044,Down,KEGG
Protein processing in endoplasmic reticulum,1,156,114,0.7683646503849885,HSPA4L,0.8059296423031486,0.6912955465587044,Down,KEGG
Proteoglycans in cancer,1,157,114,0.7705401677565581,RDX,0.8059296423031486,0.6868923902111967,Down,KEGG
Epstein-Barr virus infection,1,158,114,0.7726954302494105,E2F2,0.8059296423031486,0.6825449700199867,Down,KEGG
Human cytomegalovirus infection,1,166,114,0.7892304306125856,E2F2,0.814418635844902,0.6496512365250475,Down,KEGG
Thermogenesis,1,190,114,0.8320126621719334,ATP5MG,0.8495287182176583,0.567590027700831,Down,KEGG
MAPK signaling pathway,1,216,114,0.8686855592225551,MECOM,0.8747678153448408,0.4992690058479532,Down,KEGG
PI3K-Akt signaling pathway,1,221,114,0.8747678153448408,ITGA10,0.8747678153448408,0.4879733269826149,Down,KEGG
heme Metabolism,5,156,114,0.014982982566237101,ABCG2;BCAM;E2F2;NNT;XK,0.49443842468582433,3.456477732793522,Down,Hallmark
Apical Junction,4,143,114,0.04392544373263392,CDH3;ITGA10;MPZL2;SKAP2,0.7031807433978794,3.0165623849834375,Down,Hallmark
Estrogen Response Early,4,185,114,0.0931233789662535,FARP1;GAB2;MED13L;RHOBTB3,0.7031807433978794,2.3317211948790897,Down,Hallmark
E2F Targets,4,197,114,0.11057991804899332,ANP32E;CDKN2C;SMC4;TCF19,0.7031807433978794,2.18968741651082,Down,Hallmark
Cholesterol Homeostasis,2,68,114,0.13112301954576766,HMGCS1;MAL2,0.7031807433978794,3.1718266253869967,Down,Hallmark
Spermatogenesis,2,70,114,0.13740766276295754,ALOX15;HSPA4L,0.7031807433978794,3.081203007518797,Down,Hallmark
Notch Signaling,1,29,114,0.2369836234243565,MAML2,0.7031807433978794,3.7186932849364784,Down,Hallmark
p53 Pathway,3,185,114,0.2459126385575697,HSPA4L;IER3;RGS16,0.7031807433978794,1.7487908961593173,Down,Hallmark
Mitotic Spindle,3,194,114,0.2683801726121685,FARP1;NEDD9;SMC4,0.7031807433978794,1.6676614215952252,Down,Hallmark
G2-M Checkpoint,3,195,114,0.27089277242792215,CDKN2C;E2F2;SMC4,0.7031807433978794,1.6591093117408906,Down,Hallmark
Apical Surface,1,34,114,0.27179630543053274,CRYBG1,0.7031807433978794,3.1718266253869967,Down,Hallmark
KRAS Signaling Up,2,121,114,0.3094298967562893,MPZL2;RGS16,0.7031807433978794,1.7825141365811221,Down,Hallmark
UV Response Dn,2,125,114,0.3230889854139227,DDAH1;MMP16,0.7031807433978794,1.725473684210526,Down,Hallmark
Fatty Acid Metabolism,2,127,114,0.32989460314847224,GPD2;HMGCS1,0.7031807433978794,1.698300870285951,Down,Hallmark
Apoptosis,2,129,114,0.3366819735383235,IER3;NEDD9,0.7031807433978794,1.671970624235006,Down,Hallmark
Epithelial Mesenchymal Transition,2,137,114,0.3636172058310486,FERMT2;TPM1,0.7031807433978794,1.5743373031117942,Down,Hallmark
Complement,2,142,114,0.3802480904133079,GPD2;PCLO,0.7031807433978794,1.5189028910303928,Down,Hallmark
IL-2/STAT5 Signaling,2,143,114,0.3835531327624797,DCPS;RGS16,0.7031807433978794,1.5082811924917188,Down,Hallmark
Adipogenesis,2,171,114,0.472625171095446,CDKN2C;GPD2,0.7373082684430027,1.2613111726685133,Down,Hallmark
Estrogen Response Late,2,178,114,0.4936949928315875,FARP1;HSPA4L,0.7373082684430027,1.2117090479006505,Down,Hallmark
Glycolysis,2,180,114,0.49961812477652806,AGL;IER3,0.7373082684430027,1.1982456140350877,Down,Hallmark
mTORC1 Signaling,2,189,114,0.5257236389376436,HMGCS1;SKAP2,0.7373082684430027,1.1411862990810357,Down,Hallmark
Oxidative Phosphorylation,2,198,114,0.55090887323018,ATP5MG;NNT,0.7373082684430027,1.0893141945773523,Down,Hallmark
Androgen Response,1,92,114,0.5769571695948886,HMGCS1,0.7373082684430027,1.1721967963386728,Down,Hallmark
Protein Secretion,1,93,114,0.5809095448338809,ANP32E,0.7373082684430027,1.1595925297113752,Down,Hallmark
KRAS Signaling Dn,1,93,114,0.5809095448338809,ZNF112,0.7373082684430027,1.1595925297113752,Down,Hallmark
Inflammatory Response,1,106,114,0.6290786766131331,RGS16,0.7688739380827182,1.0173783515392254,Down,Hallmark
Myogenesis,1,129,114,0.7012366823037551,AGL,0.7857741436957066,0.835985312117503,Down,Hallmark
Xenobiotic Metabolism,1,135,114,0.7176498353443916,ARG2,0.7857741436957066,0.7988304093567251,Down,Hallmark
UV Response Up,1,136,114,0.7202970858395596,EPCAM,0.7857741436957066,0.7929566563467492,Down,Hallmark
DNA Repair,1,143,114,0.7381514683202093,BCAM,0.7857741436957066,0.7541405962458594,Down,Hallmark
TNF-alpha Signaling via NF-kB,1,165,114,0.7872306194673366,IER3,0.7931743265729387,0.6535885167464114,Down,Hallmark
Hypoxia,1,168,114,0.7931743265729387,IER3,0.7931743265729387,0.6419172932330827,Down,Hallmark
